path,lang,status,broken_signals,syntax,source_truth
LLSD-KOTLIN/src/main/java/lindenlab/llsd/Color4.java,java,OK,,not-checked,LLSD|LibreMetaverse|SecondLifeViewer|FirestormViewer
LLSD-KOTLIN/src/main/java/lindenlab/llsd/LLSD.java,java,OK,,not-checked,LLSD|LibreMetaverse|SecondLifeViewer|FirestormViewer
LLSD-KOTLIN/src/main/java/lindenlab/llsd/LLSDBinaryParser.java,java,OK,,not-checked,LLSD|LibreMetaverse|SecondLifeViewer|FirestormViewer
LLSD-KOTLIN/src/main/java/lindenlab/llsd/LLSDBinarySerializer.java,java,OK,,not-checked,LLSD|LibreMetaverse|SecondLifeViewer|FirestormViewer
LLSD-KOTLIN/src/main/java/lindenlab/llsd/LLSDDemo.java,java,OK,,not-checked,LLSD|LibreMetaverse|SecondLifeViewer|FirestormViewer
LLSD-KOTLIN/src/main/java/lindenlab/llsd/LLSDException.java,java,OK,,not-checked,LLSD|LibreMetaverse|SecondLifeViewer|FirestormViewer
LLSD-KOTLIN/src/main/java/lindenlab/llsd/LLSDFormat.java,java,OK,,not-checked,LLSD|LibreMetaverse|SecondLifeViewer|FirestormViewer
LLSD-KOTLIN/src/main/java/lindenlab/llsd/LLSDJsonParser.java,java,OK,,not-checked,LLSD|LibreMetaverse|SecondLifeViewer|FirestormViewer
LLSD-KOTLIN/src/main/java/lindenlab/llsd/LLSDJsonSerializer.java,java,OK,,not-checked,LLSD|LibreMetaverse|SecondLifeViewer|FirestormViewer
LLSD-KOTLIN/src/main/java/lindenlab/llsd/LLSDNotationParser.java,java,OK,,not-checked,LLSD|LibreMetaverse|SecondLifeViewer|FirestormViewer
LLSD-KOTLIN/src/main/java/lindenlab/llsd/LLSDNotationSerializer.java,java,OK,,not-checked,LLSD|LibreMetaverse|SecondLifeViewer|FirestormViewer
LLSD-KOTLIN/src/main/java/lindenlab/llsd/LLSDParser.java,java,OK,,not-checked,LLSD|LibreMetaverse|SecondLifeViewer|FirestormViewer
LLSD-KOTLIN/src/main/java/lindenlab/llsd/LLSDType.java,java,OK,,not-checked,LLSD|LibreMetaverse|SecondLifeViewer|FirestormViewer
LLSD-KOTLIN/src/main/java/lindenlab/llsd/LLSDUndefined.java,java,OK,,not-checked,LLSD|LibreMetaverse|SecondLifeViewer|FirestormViewer
LLSD-KOTLIN/src/main/java/lindenlab/llsd/LLSDUtils.java,java,OK,,not-checked,LLSD|LibreMetaverse|SecondLifeViewer|FirestormViewer
LLSD-KOTLIN/src/main/java/lindenlab/llsd/Quaternion.java,java,OK,,not-checked,LLSD|LibreMetaverse|SecondLifeViewer|FirestormViewer
LLSD-KOTLIN/src/main/java/lindenlab/llsd/SecondLifeException.java,java,OK,,not-checked,LLSD|LibreMetaverse|SecondLifeViewer|FirestormViewer
LLSD-KOTLIN/src/main/java/lindenlab/llsd/Vector2.java,java,OK,,not-checked,LLSD|LibreMetaverse|SecondLifeViewer|FirestormViewer
LLSD-KOTLIN/src/main/java/lindenlab/llsd/Vector3.java,java,OK,,not-checked,LLSD|LibreMetaverse|SecondLifeViewer|FirestormViewer
LLSD-KOTLIN/src/main/java/lindenlab/llsd/Vector4.java,java,OK,,not-checked,LLSD|LibreMetaverse|SecondLifeViewer|FirestormViewer
LLSD-KOTLIN/src/main/java/lindenlab/llsd/viewer/LLSDViewerSerializer.java,java,OK,,not-checked,LLSD|LibreMetaverse|SecondLifeViewer|FirestormViewer
LLSD-KOTLIN/src/main/java/lindenlab/llsd/viewer/LLSDViewerTypes.java,java,OK,,not-checked,LLSD|LibreMetaverse|SecondLifeViewer|FirestormViewer
LLSD-KOTLIN/src/main/java/lindenlab/llsd/viewer/LLSDViewerUtils.java,java,OK,,not-checked,LLSD|LibreMetaverse|SecondLifeViewer|FirestormViewer
LLSD-KOTLIN/src/main/java/lindenlab/llsd/viewer/firestorm/FirestormLLSDUtils.java,java,OK,,not-checked,LLSD|LibreMetaverse|SecondLifeViewer|FirestormViewer
LLSD-KOTLIN/src/main/java/lindenlab/llsd/viewer/secondlife/SecondLifeLLSDUtils.java,java,OK,,not-checked,LLSD|LibreMetaverse|SecondLifeViewer|FirestormViewer
LLSD-KOTLIN/src/main/java/lindenlab/llsd/viewer/secondlife/app/SecondLifeViewer.java,java,OK,,not-checked,LLSD|LibreMetaverse|SecondLifeViewer|FirestormViewer
LLSD-KOTLIN/src/main/java/lindenlab/llsd/viewer/secondlife/assets/SLAssetType.java,java,OK,,not-checked,LLSD|LibreMetaverse|SecondLifeViewer|FirestormViewer
LLSD-KOTLIN/src/main/java/lindenlab/llsd/viewer/secondlife/assets/SLDataStreamProcessor.java,java,OK,,not-checked,LLSD|LibreMetaverse|SecondLifeViewer|FirestormViewer
LLSD-KOTLIN/src/main/java/lindenlab/llsd/viewer/secondlife/assets/SLSoundProcessor.java,java,OK,,not-checked,LLSD|LibreMetaverse|SecondLifeViewer|FirestormViewer
LLSD-KOTLIN/src/main/java/lindenlab/llsd/viewer/secondlife/assets/SLTextureProcessor.java,java,OK,,not-checked,LLSD|LibreMetaverse|SecondLifeViewer|FirestormViewer
LLSD-KOTLIN/src/main/java/lindenlab/llsd/viewer/secondlife/building/BuildSystem.java,java,OK,,not-checked,LLSD|LibreMetaverse|SecondLifeViewer|FirestormViewer
LLSD-KOTLIN/src/main/java/lindenlab/llsd/viewer/secondlife/building/BuildingDemo.java,java,OK,,not-checked,LLSD|LibreMetaverse|SecondLifeViewer|FirestormViewer
LLSD-KOTLIN/src/main/java/lindenlab/llsd/viewer/secondlife/cache/CacheEntry.java,java,OK,,not-checked,LLSD|LibreMetaverse|SecondLifeViewer|FirestormViewer
LLSD-KOTLIN/src/main/java/lindenlab/llsd/viewer/secondlife/cache/CacheManager.java,java,OK,,not-checked,LLSD|LibreMetaverse|SecondLifeViewer|FirestormViewer
LLSD-KOTLIN/src/main/java/lindenlab/llsd/viewer/secondlife/cache/CacheStatistics.java,java,OK,,not-checked,LLSD|LibreMetaverse|SecondLifeViewer|FirestormViewer
LLSD-KOTLIN/src/main/java/lindenlab/llsd/viewer/secondlife/communication/ChatSystem.java,java,OK,,not-checked,LLSD|LibreMetaverse|SecondLifeViewer|FirestormViewer
LLSD-KOTLIN/src/main/java/lindenlab/llsd/viewer/secondlife/config/ViewerConfiguration.java,java,OK,,not-checked,LLSD|LibreMetaverse|SecondLifeViewer|FirestormViewer
LLSD-KOTLIN/src/main/java/lindenlab/llsd/viewer/secondlife/demo/SLAssetDemo.java,java,OK,,not-checked,LLSD|LibreMetaverse|SecondLifeViewer|FirestormViewer
LLSD-KOTLIN/src/main/java/lindenlab/llsd/viewer/secondlife/demo/SimpleViewerDemo.java,java,OK,,not-checked,LLSD|LibreMetaverse|SecondLifeViewer|FirestormViewer
LLSD-KOTLIN/src/main/java/lindenlab/llsd/viewer/secondlife/engine/Quaternion.java,java,OK,,not-checked,LLSD|LibreMetaverse|SecondLifeViewer|FirestormViewer
LLSD-KOTLIN/src/main/java/lindenlab/llsd/viewer/secondlife/engine/SceneNode.java,java,OK,,not-checked,LLSD|LibreMetaverse|SecondLifeViewer|FirestormViewer
LLSD-KOTLIN/src/main/java/lindenlab/llsd/viewer/secondlife/engine/Vector3.java,java,OK,,not-checked,LLSD|LibreMetaverse|SecondLifeViewer|FirestormViewer
LLSD-KOTLIN/src/main/java/lindenlab/llsd/viewer/secondlife/engine/rendering/ModernRenderer.java,java,OK,,not-checked,LLSD|LibreMetaverse|SecondLifeViewer|FirestormViewer
LLSD-KOTLIN/src/main/java/lindenlab/llsd/viewer/secondlife/engine/rendering/PBRMaterial.java,java,OK,,not-checked,LLSD|LibreMetaverse|SecondLifeViewer|FirestormViewer
LLSD-KOTLIN/src/main/java/lindenlab/llsd/viewer/secondlife/engine/rendering/ParticleSystem.java,java,OK,,not-checked,LLSD|LibreMetaverse|SecondLifeViewer|FirestormViewer
LLSD-KOTLIN/src/main/java/lindenlab/llsd/viewer/secondlife/engine/rendering/TextureTransform.java,java,OK,,not-checked,LLSD|LibreMetaverse|SecondLifeViewer|FirestormViewer
LLSD-KOTLIN/src/main/java/lindenlab/llsd/viewer/secondlife/engine/rendering/WindlightEnvironment.java,java,OK,,not-checked,LLSD|LibreMetaverse|SecondLifeViewer|FirestormViewer
LLSD-KOTLIN/src/main/java/lindenlab/llsd/viewer/secondlife/libraries/audio/openal/OpenALAudioEngine.java,java,OK,,not-checked,LLSD|LibreMetaverse|SecondLifeViewer|FirestormViewer
LLSD-KOTLIN/src/main/java/lindenlab/llsd/viewer/secondlife/libraries/openjpeg/OpenJPEGCodec.java,java,OK,,not-checked,LLSD|LibreMetaverse|SecondLifeViewer|FirestormViewer
LLSD-KOTLIN/src/main/java/lindenlab/llsd/viewer/secondlife/libraries/physics/PhysicsEngine.java,java,OK,,not-checked,LLSD|LibreMetaverse|SecondLifeViewer|FirestormViewer
LLSD-KOTLIN/src/main/java/lindenlab/llsd/viewer/secondlife/libraries/scripting/LSLEngine.java,java,OK,,not-checked,LLSD|LibreMetaverse|SecondLifeViewer|FirestormViewer
LLSD-KOTLIN/src/main/java/lindenlab/llsd/viewer/secondlife/libraries/vulkan/VulkanRenderer.java,java,OK,,not-checked,LLSD|LibreMetaverse|SecondLifeViewer|FirestormViewer
LLSD-KOTLIN/src/main/java/lindenlab/llsd/viewer/secondlife/rendering/AdvancedRenderingSystem.java,java,OK,,not-checked,LLSD|LibreMetaverse|SecondLifeViewer|FirestormViewer
LLSD-KOTLIN/src/main/java/lindenlab/llsd/viewer/secondlife/rendering/QualitySettings.java,java,OK,,not-checked,LLSD|LibreMetaverse|SecondLifeViewer|FirestormViewer
LLSD-KOTLIN/src/main/java/lindenlab/llsd/viewer/secondlife/rendering/RenderingSettings.java,java,OK,,not-checked,LLSD|LibreMetaverse|SecondLifeViewer|FirestormViewer
LLSD-KOTLIN/src/main/java/lindenlab/llsd/viewer/secondlife/rlv/RLVDemo.java,java,OK,,not-checked,LLSD|LibreMetaverse|SecondLifeViewer|FirestormViewer
LLSD-KOTLIN/src/main/java/lindenlab/llsd/viewer/secondlife/rlv/RLVSystem.java,java,OK,,not-checked,LLSD|LibreMetaverse|SecondLifeViewer|FirestormViewer
LLSD-KOTLIN/src/main/kotlin/lindenlab/llsd/Color4.kt,kt,OK,,not-checked,LLSD|LibreMetaverse|SecondLifeViewer|FirestormViewer
LLSD-KOTLIN/src/main/kotlin/lindenlab/llsd/LLSD.kt,kt,OK,,not-checked,LLSD|LibreMetaverse|SecondLifeViewer|FirestormViewer
LLSD-KOTLIN/src/main/kotlin/lindenlab/llsd/LLSDBinaryParser.kt,kt,OK,,not-checked,LLSD|LibreMetaverse|SecondLifeViewer|FirestormViewer
LLSD-KOTLIN/src/main/kotlin/lindenlab/llsd/LLSDBinarySerializer.kt,kt,OK,,not-checked,LLSD|LibreMetaverse|SecondLifeViewer|FirestormViewer
LLSD-KOTLIN/src/main/kotlin/lindenlab/llsd/LLSDDemo.kt,kt,OK,,not-checked,LLSD|LibreMetaverse|SecondLifeViewer|FirestormViewer
LLSD-KOTLIN/src/main/kotlin/lindenlab/llsd/LLSDException.kt,kt,OK,,not-checked,LLSD|LibreMetaverse|SecondLifeViewer|FirestormViewer
LLSD-KOTLIN/src/main/kotlin/lindenlab/llsd/LLSDFormat.kt,kt,OK,,not-checked,LLSD|LibreMetaverse|SecondLifeViewer|FirestormViewer
LLSD-KOTLIN/src/main/kotlin/lindenlab/llsd/LLSDJsonParser.kt,kt,OK,,not-checked,LLSD|LibreMetaverse|SecondLifeViewer|FirestormViewer
LLSD-KOTLIN/src/main/kotlin/lindenlab/llsd/LLSDJsonSerializer.kt,kt,OK,,not-checked,LLSD|LibreMetaverse|SecondLifeViewer|FirestormViewer
LLSD-KOTLIN/src/main/kotlin/lindenlab/llsd/LLSDNotationParser.kt,kt,OK,,not-checked,LLSD|LibreMetaverse|SecondLifeViewer|FirestormViewer
LLSD-KOTLIN/src/main/kotlin/lindenlab/llsd/LLSDNotationSerializer.kt,kt,OK,,not-checked,LLSD|LibreMetaverse|SecondLifeViewer|FirestormViewer
LLSD-KOTLIN/src/main/kotlin/lindenlab/llsd/LLSDParser.kt,kt,OK,,not-checked,LLSD|LibreMetaverse|SecondLifeViewer|FirestormViewer
LLSD-KOTLIN/src/main/kotlin/lindenlab/llsd/LLSDType.kt,kt,OK,,not-checked,LLSD|LibreMetaverse|SecondLifeViewer|FirestormViewer
LLSD-KOTLIN/src/main/kotlin/lindenlab/llsd/LLSDUndefined.kt,kt,OK,,not-checked,LLSD|LibreMetaverse|SecondLifeViewer|FirestormViewer
LLSD-KOTLIN/src/main/kotlin/lindenlab/llsd/LLSDUtils.kt,kt,OK,,not-checked,LLSD|LibreMetaverse|SecondLifeViewer|FirestormViewer
LLSD-KOTLIN/src/main/kotlin/lindenlab/llsd/Quaternion.kt,kt,OK,,not-checked,LLSD|LibreMetaverse|SecondLifeViewer|FirestormViewer
LLSD-KOTLIN/src/main/kotlin/lindenlab/llsd/SecondLifeException.kt,kt,OK,,not-checked,LLSD|LibreMetaverse|SecondLifeViewer|FirestormViewer
LLSD-KOTLIN/src/main/kotlin/lindenlab/llsd/Vector2.kt,kt,OK,,not-checked,LLSD|LibreMetaverse|SecondLifeViewer|FirestormViewer
LLSD-KOTLIN/src/main/kotlin/lindenlab/llsd/Vector3.kt,kt,OK,,not-checked,LLSD|LibreMetaverse|SecondLifeViewer|FirestormViewer
LLSD-KOTLIN/src/main/kotlin/lindenlab/llsd/Vector4.kt,kt,OK,,not-checked,LLSD|LibreMetaverse|SecondLifeViewer|FirestormViewer
LLSD-KOTLIN/src/main/kotlin/lindenlab/llsd/kotlin/LLSDKotlin.kt,kt,OK,,not-checked,LLSD|LibreMetaverse|SecondLifeViewer|FirestormViewer
LLSD-KOTLIN/src/main/kotlin/lindenlab/llsd/kotlin/serialization/LLSDKotlinSerializer.kt,kt,OK,,not-checked,LLSD|LibreMetaverse|SecondLifeViewer|FirestormViewer
LLSD-KOTLIN/src/main/kotlin/lindenlab/llsd/viewer/secondlife/app/SecondLifeViewer.kt,kt,OK,,not-checked,LLSD|LibreMetaverse|SecondLifeViewer|FirestormViewer
LLSD-KOTLIN/src/main/kotlin/lindenlab/llsd/viewer/secondlife/assets/SLAssetType.kt,kt,OK,,not-checked,LLSD|LibreMetaverse|SecondLifeViewer|FirestormViewer
LLSD-KOTLIN/src/main/kotlin/lindenlab/llsd/viewer/secondlife/cache/CacheManager.kt,kt,OK,,not-checked,LLSD|LibreMetaverse|SecondLifeViewer|FirestormViewer
LLSD-KOTLIN/src/main/kotlin/lindenlab/llsd/viewer/secondlife/config/ViewerConfiguration.kt,kt,OK,,not-checked,LLSD|LibreMetaverse|SecondLifeViewer|FirestormViewer
LLSD-KOTLIN/src/main/kotlin/lindenlab/llsd/viewer/secondlife/demo/SimpleViewerDemo.kt,kt,OK,,not-checked,LLSD|LibreMetaverse|SecondLifeViewer|FirestormViewer
LLSD-KOTLIN/src/main/kotlin/lindenlab/llsd/viewer/secondlife/libraries/audio/openal/OpenALAudioEngine.kt,kt,OK,,not-checked,LLSD|LibreMetaverse|SecondLifeViewer|FirestormViewer
LLSD-KOTLIN/src/main/kotlin/lindenlab/llsd/viewer/secondlife/libraries/openjpeg/OpenJPEGCodec.kt,kt,OK,,not-checked,LLSD|LibreMetaverse|SecondLifeViewer|FirestormViewer
LLSD-KOTLIN/src/main/kotlin/lindenlab/llsd/viewer/secondlife/libraries/vulkan/VulkanRenderer.kt,kt,OK,,not-checked,LLSD|LibreMetaverse|SecondLifeViewer|FirestormViewer
LLSD-KOTLIN/src/main/kotlin/lindenlab/llsd/viewer/secondlife/rendering/AdvancedRenderingSystem.kt,kt,OK,,not-checked,LLSD|LibreMetaverse|SecondLifeViewer|FirestormViewer
LLSD-KOTLIN/src/main/kotlin/lindenlab/llsd/viewer/secondlife/rlv/RLVDemo.kt,kt,OK,,not-checked,LLSD|LibreMetaverse|SecondLifeViewer|FirestormViewer
LLSD-KOTLIN/src/test/java/lindenlab/llsd/LLSDBinaryTest.java,java,OK,,not-checked,LLSD|LibreMetaverse|SecondLifeViewer|FirestormViewer
LLSD-KOTLIN/src/test/java/lindenlab/llsd/LLSDJsonTest.java,java,OK,,not-checked,LLSD|LibreMetaverse|SecondLifeViewer|FirestormViewer
LLSD-KOTLIN/src/test/java/lindenlab/llsd/LLSDNotationTest.java,java,OK,,not-checked,LLSD|LibreMetaverse|SecondLifeViewer|FirestormViewer
LLSD-KOTLIN/src/test/java/lindenlab/llsd/LLSDParserTest.java,java,OK,,not-checked,LLSD|LibreMetaverse|SecondLifeViewer|FirestormViewer
LLSD-KOTLIN/src/test/java/lindenlab/llsd/LLSDSerializationTest.java,java,OK,,not-checked,LLSD|LibreMetaverse|SecondLifeViewer|FirestormViewer
LLSD-KOTLIN/src/test/java/lindenlab/llsd/LLSDUtilsTest.java,java,OK,,not-checked,LLSD|LibreMetaverse|SecondLifeViewer|FirestormViewer
LLSD-KOTLIN/src/test/java/lindenlab/llsd/viewer/LLSDViewerUtilsTest.java,java,OK,,not-checked,LLSD|LibreMetaverse|SecondLifeViewer|FirestormViewer
LLSD-KOTLIN/src/test/java/lindenlab/llsd/viewer/firestorm/FirestormLLSDUtilsTest.java,java,OK,,not-checked,LLSD|LibreMetaverse|SecondLifeViewer|FirestormViewer
LLSD-KOTLIN/src/test/java/lindenlab/llsd/viewer/secondlife/SLAssetProcessingTest.java,java,OK,,not-checked,LLSD|LibreMetaverse|SecondLifeViewer|FirestormViewer
LLSD-KOTLIN/src/test/java/lindenlab/llsd/viewer/secondlife/ViewerIntegrationTest.java,java,OK,,not-checked,LLSD|LibreMetaverse|SecondLifeViewer|FirestormViewer
LLSD-KOTLIN/src/test/kotlin/lindenlab/llsd/kotlin/LLSDKotlinTest.kt,kt,OK,,not-checked,LLSD|LibreMetaverse|SecondLifeViewer|FirestormViewer
LLSD-KOTLIN/src/test/kotlin/lindenlab/llsd/kotlin/demo/KotlinDemo.kt,kt,OK,,not-checked,LLSD|LibreMetaverse|SecondLifeViewer|FirestormViewer
Linkpoint/src/main/java/com/ktheme/library/KthemeAPI.kt,kt,OK,,not-checked,SecondLifeViewer|FirestormViewer
Linkpoint/src/main/java/com/ktheme/models/ThemeModels.kt,kt,OK,,not-checked,SecondLifeViewer|FirestormViewer
Linkpoint/src/main/java/com/linkpoint/LinkpointApp.kt,kt,OK,,not-checked,LLSD|LibreMetaverse|SecondLifeViewer|FirestormViewer
Linkpoint/src/main/java/com/linkpoint/animesh/AnimeshManager.kt,kt,OK,,not-checked,LibreMetaverse|SecondLifeViewer|FirestormViewer
Linkpoint/src/main/java/com/linkpoint/assets/AnimationManager.kt,kt,OK,,not-checked,SecondLifeViewer|FirestormViewer
Linkpoint/src/main/java/com/linkpoint/assets/AssetCache.kt,kt,OK,,not-checked,SecondLifeViewer|FirestormViewer
Linkpoint/src/main/java/com/linkpoint/assets/CacheManager.kt,kt,OK,,not-checked,SecondLifeViewer|FirestormViewer
Linkpoint/src/main/java/com/linkpoint/assets/JPEG2000Decoder.kt,kt,OK,,not-checked,SecondLifeViewer|FirestormViewer
Linkpoint/src/main/java/com/linkpoint/assets/MeshManager.kt,kt,OK,,not-checked,LLSD|LibreMetaverse|SecondLifeViewer|FirestormViewer
Linkpoint/src/main/java/com/linkpoint/assets/ScriptManager.kt,kt,OK,,not-checked,LLSD|LibreMetaverse|SecondLifeViewer|FirestormViewer
Linkpoint/src/main/java/com/linkpoint/assets/SoundManager.kt,kt,OK,,not-checked,SecondLifeViewer|FirestormViewer
Linkpoint/src/main/java/com/linkpoint/assets/TextureManager.kt,kt,OK,,not-checked,LLSD|LibreMetaverse|SecondLifeViewer|FirestormViewer
Linkpoint/src/main/java/com/linkpoint/auth/AccountBenefits.kt,kt,OK,,not-checked,LibreMetaverse|SecondLifeViewer|FirestormViewer
Linkpoint/src/main/java/com/linkpoint/auth/CrashTracker.kt,kt,OK,,not-checked,SecondLifeViewer|FirestormViewer
Linkpoint/src/main/java/com/linkpoint/auth/DeviceIdentifier.kt,kt,OK,,not-checked,SecondLifeViewer|FirestormViewer
Linkpoint/src/main/java/com/linkpoint/auth/MfaHashStorage.kt,kt,OK,,not-checked,SecondLifeViewer|FirestormViewer
Linkpoint/src/main/java/com/linkpoint/avatar/AnimationController.kt,kt,OK,,not-checked,LibreMetaverse|SecondLifeViewer|FirestormViewer
Linkpoint/src/main/java/com/linkpoint/avatar/AppearanceManager.kt,kt,OK,,not-checked,LibreMetaverse|SecondLifeViewer|FirestormViewer
Linkpoint/src/main/java/com/linkpoint/avatar/AttachmentPoints.kt,kt,OK,,not-checked,LibreMetaverse|SecondLifeViewer|FirestormViewer
Linkpoint/src/main/java/com/linkpoint/avatar/AvatarAnimator.kt,kt,OK,,not-checked,LibreMetaverse|SecondLifeViewer|FirestormViewer
Linkpoint/src/main/java/com/linkpoint/avatar/AvatarAttentionSystem.kt,kt,OK,,not-checked,LibreMetaverse|SecondLifeViewer|FirestormViewer
Linkpoint/src/main/java/com/linkpoint/avatar/AvatarBaker.kt,kt,OK,,not-checked,LLSD|LibreMetaverse|SecondLifeViewer|FirestormViewer
Linkpoint/src/main/java/com/linkpoint/avatar/AvatarManager.kt,kt,OK,,not-checked,LLSD|LibreMetaverse|SecondLifeViewer|FirestormViewer
Linkpoint/src/main/java/com/linkpoint/avatar/AvatarSkeleton.kt,kt,OK,,not-checked,LibreMetaverse|SecondLifeViewer|FirestormViewer
Linkpoint/src/main/java/com/linkpoint/avatar/MovementController.kt,kt,OK,,not-checked,LibreMetaverse|SecondLifeViewer|FirestormViewer
Linkpoint/src/main/java/com/linkpoint/avatar/Wearable.kt,kt,OK,,not-checked,LibreMetaverse|SecondLifeViewer|FirestormViewer
Linkpoint/src/main/java/com/linkpoint/avatar/baking/AvatarBakingSystem.kt,kt,OK,,not-checked,LibreMetaverse|SecondLifeViewer|FirestormViewer
Linkpoint/src/main/java/com/linkpoint/bom/BakesOnMeshManager.kt,kt,OK,,not-checked,LLSD|LibreMetaverse|SecondLifeViewer|FirestormViewer
Linkpoint/src/main/java/com/linkpoint/chat/ChatManager.kt,kt,OK,,not-checked,LibreMetaverse|SecondLifeViewer|FirestormViewer
Linkpoint/src/main/java/com/linkpoint/chat/IMManager.kt,kt,OK,,not-checked,LLSD|LibreMetaverse|SecondLifeViewer|FirestormViewer
Linkpoint/src/main/java/com/linkpoint/chat/MuteManager.kt,kt,OK,,not-checked,LibreMetaverse|SecondLifeViewer|FirestormViewer
Linkpoint/src/main/java/com/linkpoint/chat/dialogs/ScriptDialogManager.kt,kt,OK,,not-checked,LibreMetaverse|SecondLifeViewer|FirestormViewer
Linkpoint/src/main/java/com/linkpoint/core/AvatarSelectionManager.kt,kt,OK,,not-checked,LibreMetaverse|SecondLifeViewer|FirestormViewer
Linkpoint/src/main/java/com/linkpoint/core/DestinationGuide.kt,kt,OK,,not-checked,SecondLifeViewer|FirestormViewer
Linkpoint/src/main/java/com/linkpoint/core/GridManager.kt,kt,OK,,not-checked,SecondLifeViewer|FirestormViewer
Linkpoint/src/main/java/com/linkpoint/core/SessionManager.kt,kt,OK,,not-checked,LibreMetaverse|SecondLifeViewer|FirestormViewer
Linkpoint/src/main/java/com/linkpoint/core/StartLocationManager.kt,kt,OK,,not-checked,LibreMetaverse|SecondLifeViewer|FirestormViewer
Linkpoint/src/main/java/com/linkpoint/diagnostics/PlaceholderOnlyEntity.kt,kt,OK,,not-checked,SecondLifeViewer|FirestormViewer
Linkpoint/src/main/java/com/linkpoint/diagnostics/ScenePopulationDiagnostics.kt,kt,OK,,not-checked,LibreMetaverse|SecondLifeViewer|FirestormViewer
Linkpoint/src/main/java/com/linkpoint/economy/EconomyManager.kt,kt,OK,,not-checked,LLSD|LibreMetaverse|SecondLifeViewer|FirestormViewer
Linkpoint/src/main/java/com/linkpoint/groups/GroupsManager.kt,kt,OK,,not-checked,LLSD|LibreMetaverse|SecondLifeViewer|FirestormViewer
Linkpoint/src/main/java/com/linkpoint/hud/HUDManager.kt,kt,OK,,not-checked,LibreMetaverse|SecondLifeViewer|FirestormViewer
Linkpoint/src/main/java/com/linkpoint/hud/HUDOverlayView.kt,kt,OK,,not-checked,SecondLifeViewer|FirestormViewer
Linkpoint/src/main/java/com/linkpoint/i18n/LocalizationManager.kt,kt,OK,,not-checked,SecondLifeViewer|FirestormViewer
Linkpoint/src/main/java/com/linkpoint/inventory/AisClient.kt,kt,OK,,not-checked,LLSD|LibreMetaverse|SecondLifeViewer|FirestormViewer
Linkpoint/src/main/java/com/linkpoint/inventory/GestureManager.kt,kt,OK,,not-checked,LibreMetaverse|SecondLifeViewer|FirestormViewer
Linkpoint/src/main/java/com/linkpoint/inventory/InventoryManager.kt,kt,OK,,not-checked,LLSD|LibreMetaverse|SecondLifeViewer|FirestormViewer
Linkpoint/src/main/java/com/linkpoint/inventory/InventoryRepository.kt,kt,OK,,not-checked,LLSD|LibreMetaverse|SecondLifeViewer|FirestormViewer
Linkpoint/src/main/java/com/linkpoint/inventory/LandmarkManager.kt,kt,OK,,not-checked,LLSD|LibreMetaverse|SecondLifeViewer|FirestormViewer
Linkpoint/src/main/java/com/linkpoint/inventory/OutfitManager.kt,kt,OK,,not-checked,LibreMetaverse|SecondLifeViewer|FirestormViewer
Linkpoint/src/main/java/com/linkpoint/inventory/notecard/NotecardManager.kt,kt,OK,,not-checked,LLSD|LibreMetaverse|SecondLifeViewer|FirestormViewer
Linkpoint/src/main/java/com/linkpoint/inventory/persistence/InventoryDao.kt,kt,OK,,not-checked,LibreMetaverse|SecondLifeViewer|FirestormViewer
Linkpoint/src/main/java/com/linkpoint/inventory/persistence/InventoryDatabase.kt,kt,OK,,not-checked,LibreMetaverse|SecondLifeViewer|FirestormViewer
Linkpoint/src/main/java/com/linkpoint/inventory/persistence/InventoryEntities.kt,kt,OK,,not-checked,LibreMetaverse|SecondLifeViewer|FirestormViewer
Linkpoint/src/main/java/com/linkpoint/media/InWorldMediaNavigationService.kt,kt,OK,,not-checked,LLSD|LibreMetaverse|SecondLifeViewer|FirestormViewer
Linkpoint/src/main/java/com/linkpoint/media/MediaManager.kt,kt,OK,,not-checked,LLSD|LibreMetaverse|SecondLifeViewer|FirestormViewer
Linkpoint/src/main/java/com/linkpoint/messaging/MessagingDispatcher.kt,kt,OK,,not-checked,SecondLifeViewer|FirestormViewer
Linkpoint/src/main/java/com/linkpoint/network/EOFIOException.kt,kt,OK,,not-checked,SecondLifeViewer|FirestormViewer
Linkpoint/src/main/java/com/linkpoint/network/NetworkDiagnostics.kt,kt,OK,,not-checked,SecondLifeViewer|FirestormViewer
Linkpoint/src/main/java/com/linkpoint/network/NetworkExceptionUtils.kt,kt,OK,,not-checked,SecondLifeViewer|FirestormViewer
Linkpoint/src/main/java/com/linkpoint/network/NetworkLogger.kt,kt,OK,,not-checked,SecondLifeViewer|FirestormViewer
Linkpoint/src/main/java/com/linkpoint/network/NetworkSettings.kt,kt,OK,,not-checked,LibreMetaverse|SecondLifeViewer|FirestormViewer
Linkpoint/src/main/java/com/linkpoint/network/SSLHelper.kt,kt,OK,,not-checked,SecondLifeViewer|FirestormViewer
Linkpoint/src/main/java/com/linkpoint/network/SecondLifeProtocol.kt,kt,OK,,not-checked,LLSD|LibreMetaverse|SecondLifeViewer|FirestormViewer
Linkpoint/src/main/java/com/linkpoint/network/core/AgentCircuit.kt,kt,OK,,not-checked,LibreMetaverse|SecondLifeViewer|FirestormViewer
Linkpoint/src/main/java/com/linkpoint/network/core/CircuitState.kt,kt,OK,,not-checked,LibreMetaverse|SecondLifeViewer|FirestormViewer
Linkpoint/src/main/java/com/linkpoint/network/core/ConnectionQualityManager.kt,kt,OK,,not-checked,LLSD|LibreMetaverse|SecondLifeViewer|FirestormViewer
Linkpoint/src/main/java/com/linkpoint/network/core/CoreNetworkingService.kt,kt,OK,,not-checked,LLSD|LibreMetaverse|SecondLifeViewer|FirestormViewer
Linkpoint/src/main/java/com/linkpoint/network/core/GridConnection.kt,kt,OK,,not-checked,LLSD|LibreMetaverse|SecondLifeViewer|FirestormViewer
Linkpoint/src/main/java/com/linkpoint/network/core/GridConnectionManager.kt,kt,OK,,not-checked,LibreMetaverse|SecondLifeViewer|FirestormViewer
Linkpoint/src/main/java/com/linkpoint/network/core/GrpcChannelFactory.kt,kt,OK,,not-checked,SecondLifeViewer|FirestormViewer
Linkpoint/src/main/java/com/linkpoint/network/core/HttpRequestOptions.kt,kt,OK,,not-checked,SecondLifeViewer|FirestormViewer
Linkpoint/src/main/java/com/linkpoint/network/core/NetworkStateManager.kt,kt,OK,,not-checked,SecondLifeViewer|FirestormViewer
Linkpoint/src/main/java/com/linkpoint/network/core/RequestThrottler.kt,kt,OK,,not-checked,SecondLifeViewer|FirestormViewer
Linkpoint/src/main/java/com/linkpoint/network/core/RetryPolicy.kt,kt,OK,,not-checked,LibreMetaverse|SecondLifeViewer|FirestormViewer
Linkpoint/src/main/java/com/linkpoint/network/core/TempCircuit.kt,kt,OK,,not-checked,LibreMetaverse|SecondLifeViewer|FirestormViewer
Linkpoint/src/main/java/com/linkpoint/network/events/EventBus.kt,kt,OK,,not-checked,LibreMetaverse|SecondLifeViewer|FirestormViewer
Linkpoint/src/main/java/com/linkpoint/notifications/NotificationManager.kt,kt,OK,,not-checked,LLSD|LibreMetaverse|SecondLifeViewer|FirestormViewer
Linkpoint/src/main/java/com/linkpoint/objects/BuildTools.kt,kt,OK,,not-checked,SecondLifeViewer|FirestormViewer
Linkpoint/src/main/java/com/linkpoint/objects/ObjectManager.kt,kt,OK,,not-checked,LibreMetaverse|SecondLifeViewer|FirestormViewer
Linkpoint/src/main/java/com/linkpoint/objects/SitManager.kt,kt,OK,,not-checked,LibreMetaverse|SecondLifeViewer|FirestormViewer
Linkpoint/src/main/java/com/linkpoint/objects/TextureEditor.kt,kt,OK,,not-checked,SecondLifeViewer|FirestormViewer
Linkpoint/src/main/java/com/linkpoint/objects/inventory/TaskInventoryManager.kt,kt,OK,,not-checked,LibreMetaverse|SecondLifeViewer|FirestormViewer
Linkpoint/src/main/java/com/linkpoint/objects/prim/FlexiblePrimSimulator.kt,kt,OK,,not-checked,LibreMetaverse|SecondLifeViewer|FirestormViewer
Linkpoint/src/main/java/com/linkpoint/protocol/auth/AuthParams.kt,kt,OK,,not-checked,SecondLifeViewer|FirestormViewer
Linkpoint/src/main/java/com/linkpoint/protocol/auth/AuthReply.kt,kt,OK,,not-checked,LLSD|LibreMetaverse|SecondLifeViewer|FirestormViewer
Linkpoint/src/main/java/com/linkpoint/protocol/auth/LoginResponseParser.kt,kt,OK,,not-checked,LLSD|LibreMetaverse|SecondLifeViewer|FirestormViewer
Linkpoint/src/main/java/com/linkpoint/protocol/capabilities/CapabilityManager.kt,kt,OK,,not-checked,LLSD|LibreMetaverse|SecondLifeViewer|FirestormViewer
Linkpoint/src/main/java/com/linkpoint/protocol/capabilities/EventQueueDispatcher.kt,kt,OK,,not-checked,LLSD|LibreMetaverse|SecondLifeViewer|FirestormViewer
Linkpoint/src/main/java/com/linkpoint/protocol/caps/CapEventQueue.kt,kt,OK,,not-checked,LLSD|LibreMetaverse|SecondLifeViewer|FirestormViewer
Linkpoint/src/main/java/com/linkpoint/protocol/circuit/LinkpointCircuitIntegration.kt,kt,OK,,not-checked,LibreMetaverse|SecondLifeViewer|FirestormViewer
Linkpoint/src/main/java/com/linkpoint/protocol/circuit/LinkpointConstants.kt,kt,OK,,not-checked,LibreMetaverse|SecondLifeViewer|FirestormViewer
Linkpoint/src/main/java/com/linkpoint/protocol/circuit/LinkpointDnsResolver.kt,kt,OK,,not-checked,LibreMetaverse|SecondLifeViewer|FirestormViewer
Linkpoint/src/main/java/com/linkpoint/protocol/circuit/LinkpointGlobalOptions.kt,kt,OK,,not-checked,LibreMetaverse|SecondLifeViewer|FirestormViewer
Linkpoint/src/main/java/com/linkpoint/protocol/circuit/LinkpointThreadedCircuit.kt,kt,OK,,not-checked,LibreMetaverse|SecondLifeViewer|FirestormViewer
Linkpoint/src/main/java/com/linkpoint/protocol/circuit/UUIDPool.kt,kt,OK,,not-checked,LibreMetaverse|SecondLifeViewer|FirestormViewer
Linkpoint/src/main/java/com/linkpoint/protocol/core/AgentIdentity.kt,kt,OK,,not-checked,LibreMetaverse|SecondLifeViewer|FirestormViewer
Linkpoint/src/main/java/com/linkpoint/protocol/llsd/LLSDContentTypeDetector.kt,kt,OK,,not-checked,LLSD|LibreMetaverse|SecondLifeViewer|FirestormViewer
Linkpoint/src/main/java/com/linkpoint/protocol/llsd/LLSDParser.kt,kt,OK,,not-checked,LLSD|LibreMetaverse|SecondLifeViewer|FirestormViewer
Linkpoint/src/main/java/com/linkpoint/protocol/llsd/LLSDStreamingParser.kt,kt,OK,,not-checked,LLSD|LibreMetaverse|SecondLifeViewer|FirestormViewer
Linkpoint/src/main/java/com/linkpoint/protocol/llsd/LLSDValue.kt,kt,OK,,not-checked,LLSD|LibreMetaverse|SecondLifeViewer|FirestormViewer
Linkpoint/src/main/java/com/linkpoint/protocol/llsd/LLSDXmlUtils.kt,kt,OK,,not-checked,LLSD|LibreMetaverse|SecondLifeViewer|FirestormViewer
Linkpoint/src/main/java/com/linkpoint/protocol/messages/AdditionalMessageParsers.kt,kt,OK,,not-checked,LibreMetaverse|SecondLifeViewer|FirestormViewer
Linkpoint/src/main/java/com/linkpoint/protocol/messages/AvatarMessageParsers.kt,kt,OK,,not-checked,LibreMetaverse|SecondLifeViewer|FirestormViewer
Linkpoint/src/main/java/com/linkpoint/protocol/messages/ChatMessageParsers.kt,kt,OK,,not-checked,LibreMetaverse|SecondLifeViewer|FirestormViewer
Linkpoint/src/main/java/com/linkpoint/protocol/messages/CircuitDispatcher.kt,kt,OK,,not-checked,LibreMetaverse|SecondLifeViewer|FirestormViewer
Linkpoint/src/main/java/com/linkpoint/protocol/messages/CircuitTaskQueue.kt,kt,OK,,not-checked,LibreMetaverse|SecondLifeViewer|FirestormViewer
Linkpoint/src/main/java/com/linkpoint/protocol/messages/CircuitThread.kt,kt,OK,,not-checked,LibreMetaverse|SecondLifeViewer|FirestormViewer
Linkpoint/src/main/java/com/linkpoint/protocol/messages/DeclaredMessageSlices.kt,kt,OK,,not-checked,LibreMetaverse|SecondLifeViewer|FirestormViewer
Linkpoint/src/main/java/com/linkpoint/protocol/messages/EnhancedPacketLogger.kt,kt,OK,,not-checked,LibreMetaverse|SecondLifeViewer|FirestormViewer
Linkpoint/src/main/java/com/linkpoint/protocol/messages/MessageEventListener.kt,kt,OK,,not-checked,LibreMetaverse|SecondLifeViewer|FirestormViewer
Linkpoint/src/main/java/com/linkpoint/protocol/messages/MessageHandler.kt,kt,OK,,not-checked,LibreMetaverse|SecondLifeViewer|FirestormViewer
Linkpoint/src/main/java/com/linkpoint/protocol/messages/MessageIds.kt,kt,OK,,not-checked,LibreMetaverse|SecondLifeViewer|FirestormViewer
Linkpoint/src/main/java/com/linkpoint/protocol/messages/MessageParser.kt,kt,OK,,not-checked,LibreMetaverse|SecondLifeViewer|FirestormViewer
Linkpoint/src/main/java/com/linkpoint/protocol/messages/MessageParserRegistry.kt,kt,OK,,not-checked,LibreMetaverse|SecondLifeViewer|FirestormViewer
Linkpoint/src/main/java/com/linkpoint/protocol/messages/MessageRouter.kt,kt,OK,,not-checked,LibreMetaverse|SecondLifeViewer|FirestormViewer
Linkpoint/src/main/java/com/linkpoint/protocol/messages/MessageTemplateCatalog.kt,kt,OK,,not-checked,LibreMetaverse|SecondLifeViewer|FirestormViewer
Linkpoint/src/main/java/com/linkpoint/protocol/messages/ObjectMessageParsers.kt,kt,OK,,not-checked,LibreMetaverse|SecondLifeViewer|FirestormViewer
Linkpoint/src/main/java/com/linkpoint/protocol/messages/ParserSupport.kt,kt,OK,,not-checked,SecondLifeViewer|FirestormViewer
Linkpoint/src/main/java/com/linkpoint/protocol/messages/TeleportMessageParsers.kt,kt,OK,,not-checked,LibreMetaverse|SecondLifeViewer|FirestormViewer
Linkpoint/src/main/java/com/linkpoint/protocol/messages/UDPConnectionFixed.kt,kt,OK,,not-checked,LibreMetaverse|SecondLifeViewer|FirestormViewer
Linkpoint/src/main/java/com/linkpoint/protocol/messages/generated/GeneratedParserScaffolding.kt,kt,OK,,not-checked,LibreMetaverse|SecondLifeViewer|FirestormViewer
Linkpoint/src/main/java/com/linkpoint/protocol/scenery/SceneDataHandler.kt,kt,OK,,not-checked,LibreMetaverse|SecondLifeViewer|FirestormViewer
Linkpoint/src/main/java/com/linkpoint/protocol/terrain/BitBuffer.kt,kt,OK,,not-checked,SecondLifeViewer|FirestormViewer
Linkpoint/src/main/java/com/linkpoint/protocol/terrain/LayerDataParser.kt,kt,OK,,not-checked,SecondLifeViewer|FirestormViewer
Linkpoint/src/main/java/com/linkpoint/protocol/terrain/TerrainManager.kt,kt,OK,,not-checked,LibreMetaverse|SecondLifeViewer|FirestormViewer
Linkpoint/src/main/java/com/linkpoint/protocol/terrain/TerrainPatch.kt,kt,OK,,not-checked,SecondLifeViewer|FirestormViewer
Linkpoint/src/main/java/com/linkpoint/protocol/textures/TextureEntryParser.kt,kt,OK,,not-checked,SecondLifeViewer|FirestormViewer
Linkpoint/src/main/java/com/linkpoint/protocol/transfer/TransferManager.kt,kt,OK,,not-checked,LibreMetaverse|SecondLifeViewer|FirestormViewer
Linkpoint/src/main/java/com/linkpoint/protocol/transfer/XferManager.kt,kt,OK,,not-checked,LibreMetaverse|SecondLifeViewer|FirestormViewer
Linkpoint/src/main/java/com/linkpoint/protocol/translation/LinkpointProtocolBridge.kt,kt,OK,,not-checked,LLSD|LibreMetaverse|SecondLifeViewer|FirestormViewer
Linkpoint/src/main/java/com/linkpoint/protocol/translation/LinkpointTranslationLayer.kt,kt,OK,,not-checked,LLSD|LibreMetaverse|SecondLifeViewer|FirestormViewer
Linkpoint/src/main/java/com/linkpoint/protocol/translation/MessageTranslation.kt,kt,OK,,not-checked,LibreMetaverse|SecondLifeViewer|FirestormViewer
Linkpoint/src/main/java/com/linkpoint/protocol/translation/ProtocolDiagnostics.kt,kt,OK,,not-checked,LLSD|LibreMetaverse|SecondLifeViewer|FirestormViewer
Linkpoint/src/main/java/com/linkpoint/protocol/translation/package-info.kt,kt,OK,,not-checked,LLSD|LibreMetaverse|SecondLifeViewer|FirestormViewer
Linkpoint/src/main/java/com/linkpoint/protocol/types/ByteBufferExtensions.kt,kt,OK,,not-checked,LibreMetaverse|SecondLifeViewer|FirestormViewer
Linkpoint/src/main/java/com/linkpoint/protocol/types/LLVector3.kt,kt,OK,,not-checked,LibreMetaverse|SecondLifeViewer|FirestormViewer
Linkpoint/src/main/java/com/linkpoint/protocol/types/LLVector3d.kt,kt,OK,,not-checked,LibreMetaverse|SecondLifeViewer|FirestormViewer
Linkpoint/src/main/java/com/linkpoint/push/LinkpointFirebaseMessagingService.kt,kt,OK,,not-checked,SecondLifeViewer|FirestormViewer
Linkpoint/src/main/java/com/linkpoint/push/PushEventBus.kt,kt,OK,,not-checked,SecondLifeViewer|FirestormViewer
Linkpoint/src/main/java/com/linkpoint/push/PushEventParser.kt,kt,OK,,not-checked,SecondLifeViewer|FirestormViewer
Linkpoint/src/main/java/com/linkpoint/push/PushModels.kt,kt,OK,,not-checked,SecondLifeViewer|FirestormViewer
Linkpoint/src/main/java/com/linkpoint/render/DrawDistanceManager.kt,kt,OK,,not-checked,LibreMetaverse|SecondLifeViewer|FirestormViewer
Linkpoint/src/main/java/com/linkpoint/render/HoverTextManager.kt,kt,OK,,not-checked,SecondLifeViewer|FirestormViewer
Linkpoint/src/main/java/com/linkpoint/render/RenderManager.kt,kt,OK,,not-checked,SecondLifeViewer|FirestormViewer
Linkpoint/src/main/java/com/linkpoint/render/RenderMaterialsManager.kt,kt,OK,,not-checked,LLSD|LibreMetaverse|SecondLifeViewer|FirestormViewer
Linkpoint/src/main/java/com/linkpoint/render/RenderQueue.kt,kt,OK,,not-checked,LibreMetaverse|SecondLifeViewer|FirestormViewer
Linkpoint/src/main/java/com/linkpoint/render/RenderThreadDispatcher.kt,kt,OK,,not-checked,SecondLifeViewer|FirestormViewer
Linkpoint/src/main/java/com/linkpoint/render/SceneGraph.kt,kt,OK,,not-checked,SecondLifeViewer|FirestormViewer
Linkpoint/src/main/java/com/linkpoint/render/environment/SLDefaultEnvironment.kt,kt,OK,,not-checked,LibreMetaverse|SecondLifeViewer|FirestormViewer
Linkpoint/src/main/java/com/linkpoint/render/environment/SkyRenderer.kt,kt,OK,,not-checked,LLSD|LibreMetaverse|SecondLifeViewer|FirestormViewer
Linkpoint/src/main/java/com/linkpoint/render/lumiya/core/LumiyaFramePlanner.kt,kt,OK,,not-checked,LibreMetaverse|SecondLifeViewer|FirestormViewer
Linkpoint/src/main/java/com/linkpoint/render/lumiya/core/LumiyaGLSurfaceView.kt,kt,OK,,not-checked,SecondLifeViewer|FirestormViewer
Linkpoint/src/main/java/com/linkpoint/render/lumiya/core/LumiyaRenderContext.kt,kt,OK,,not-checked,LLSD|LibreMetaverse|SecondLifeViewer|FirestormViewer
Linkpoint/src/main/java/com/linkpoint/render/lumiya/core/LumiyaRenderer.kt,kt,OK,,not-checked,LibreMetaverse|SecondLifeViewer|FirestormViewer
Linkpoint/src/main/java/com/linkpoint/render/lumiya/core/RenderEngineProvider.kt,kt,OK,,not-checked,SecondLifeViewer|FirestormViewer
Linkpoint/src/main/java/com/linkpoint/render/lumiya/core/RenderEngineSwitcher.kt,kt,OK,,not-checked,SecondLifeViewer|FirestormViewer
Linkpoint/src/main/java/com/linkpoint/render/lumiya/drawable/AvatarMeshAssetLoader.kt,kt,OK,,not-checked,LibreMetaverse|SecondLifeViewer|FirestormViewer
Linkpoint/src/main/java/com/linkpoint/render/lumiya/drawable/DrawableAvatarStore.kt,kt,OK,,not-checked,LibreMetaverse|SecondLifeViewer|FirestormViewer
Linkpoint/src/main/java/com/linkpoint/render/lumiya/drawable/DrawableHudMeshCache.kt,kt,OK,,not-checked,SecondLifeViewer|FirestormViewer
Linkpoint/src/main/java/com/linkpoint/render/lumiya/drawable/DrawableHudStore.kt,kt,OK,,not-checked,LibreMetaverse|SecondLifeViewer|FirestormViewer
Linkpoint/src/main/java/com/linkpoint/render/lumiya/drawable/DrawableParticleManager.kt,kt,OK,,not-checked,SecondLifeViewer|FirestormViewer
Linkpoint/src/main/java/com/linkpoint/render/lumiya/drawable/DrawablePrimStore.kt,kt,OK,,not-checked,SecondLifeViewer|FirestormViewer
Linkpoint/src/main/java/com/linkpoint/render/lumiya/drawable/DrawableSky.kt,kt,OK,,not-checked,SecondLifeViewer|FirestormViewer
Linkpoint/src/main/java/com/linkpoint/render/lumiya/drawable/DrawableTerrain.kt,kt,OK,,not-checked,LibreMetaverse|SecondLifeViewer|FirestormViewer
Linkpoint/src/main/java/com/linkpoint/render/lumiya/drawable/DrawableWater.kt,kt,OK,,not-checked,LibreMetaverse|SecondLifeViewer|FirestormViewer
Linkpoint/src/main/java/com/linkpoint/render/lumiya/glres/GLBufferManager.kt,kt,OK,,not-checked,SecondLifeViewer|FirestormViewer
Linkpoint/src/main/java/com/linkpoint/render/lumiya/glres/GLResourceManager.kt,kt,OK,,not-checked,SecondLifeViewer|FirestormViewer
Linkpoint/src/main/java/com/linkpoint/render/lumiya/glres/GLTextureCache.kt,kt,OK,,not-checked,SecondLifeViewer|FirestormViewer
Linkpoint/src/main/java/com/linkpoint/render/lumiya/picking/GLRayTrace.kt,kt,OK,,not-checked,LibreMetaverse|SecondLifeViewer|FirestormViewer
Linkpoint/src/main/java/com/linkpoint/render/lumiya/shaders/AvatarShaderProgram.kt,kt,OK,,not-checked,LibreMetaverse|SecondLifeViewer|FirestormViewer
Linkpoint/src/main/java/com/linkpoint/render/lumiya/shaders/BaseShaderProgram.kt,kt,OK,,not-checked,SecondLifeViewer|FirestormViewer
Linkpoint/src/main/java/com/linkpoint/render/lumiya/shaders/FXAAShaderProgram.kt,kt,OK,,not-checked,SecondLifeViewer|FirestormViewer
Linkpoint/src/main/java/com/linkpoint/render/lumiya/shaders/ParticleShaderProgram.kt,kt,OK,,not-checked,SecondLifeViewer|FirestormViewer
Linkpoint/src/main/java/com/linkpoint/render/lumiya/shaders/PrimShaderProgram.kt,kt,OK,,not-checked,SecondLifeViewer|FirestormViewer
Linkpoint/src/main/java/com/linkpoint/render/lumiya/shaders/RiggedMeshShaderProgram.kt,kt,OK,,not-checked,SecondLifeViewer|FirestormViewer
Linkpoint/src/main/java/com/linkpoint/render/lumiya/shaders/ShaderCompiler.kt,kt,OK,,not-checked,SecondLifeViewer|FirestormViewer
Linkpoint/src/main/java/com/linkpoint/render/lumiya/shaders/SkyShaderProgram.kt,kt,OK,,not-checked,SecondLifeViewer|FirestormViewer
Linkpoint/src/main/java/com/linkpoint/render/lumiya/shaders/StarsShaderProgram.kt,kt,OK,,not-checked,SecondLifeViewer|FirestormViewer
Linkpoint/src/main/java/com/linkpoint/render/lumiya/shaders/TerrainShaderProgram.kt,kt,OK,,not-checked,SecondLifeViewer|FirestormViewer
Linkpoint/src/main/java/com/linkpoint/render/lumiya/shaders/WaterShaderProgram.kt,kt,OK,,not-checked,SecondLifeViewer|FirestormViewer
Linkpoint/src/main/java/com/linkpoint/render/lumiya/spatial/FrustumCuller.kt,kt,OK,,not-checked,SecondLifeViewer|FirestormViewer
Linkpoint/src/main/java/com/linkpoint/render/lumiya/spatial/SpatialIndex.kt,kt,OK,,not-checked,LibreMetaverse|SecondLifeViewer|FirestormViewer
Linkpoint/src/main/java/com/linkpoint/render/materials/MaterialLoader.kt,kt,OK,,not-checked,SecondLifeViewer|FirestormViewer
Linkpoint/src/main/java/com/linkpoint/render/particles/ParticleSystem.kt,kt,OK,,not-checked,SecondLifeViewer|FirestormViewer
Linkpoint/src/main/java/com/linkpoint/render/prims/PrimRenderer.kt,kt,OK,,not-checked,LibreMetaverse|SecondLifeViewer|FirestormViewer
Linkpoint/src/main/java/com/linkpoint/render/scene/SceneManager.kt,kt,OK,,not-checked,LibreMetaverse|SecondLifeViewer|FirestormViewer
Linkpoint/src/main/java/com/linkpoint/render/terrain/TerrainRenderer.kt,kt,OK,,not-checked,LibreMetaverse|SecondLifeViewer|FirestormViewer
Linkpoint/src/main/java/com/linkpoint/render/water/WaterRenderer.kt,kt,OK,,not-checked,SecondLifeViewer|FirestormViewer
Linkpoint/src/main/java/com/linkpoint/rlv/RLVController.kt,kt,OK,,not-checked,LibreMetaverse|SecondLifeViewer|FirestormViewer
Linkpoint/src/main/java/com/linkpoint/scripts/LSLEngine.kt,kt,OK,,not-checked,SecondLifeViewer|FirestormViewer
Linkpoint/src/main/java/com/linkpoint/scripts/SLuaEngine.kt,kt,OK,,not-checked,LibreMetaverse|SecondLifeViewer|FirestormViewer
Linkpoint/src/main/java/com/linkpoint/scripts/lsl/LSLLanguage.kt,kt,OK,,not-checked,LibreMetaverse|SecondLifeViewer|FirestormViewer
Linkpoint/src/main/java/com/linkpoint/scripts/lsl/LSLSyntax.kt,kt,OK,,not-checked,SecondLifeViewer|FirestormViewer
Linkpoint/src/main/java/com/linkpoint/scripts/lsl/LSLSyntaxHighlighter.kt,kt,OK,,not-checked,LibreMetaverse|SecondLifeViewer|FirestormViewer
Linkpoint/src/main/java/com/linkpoint/service/BackgroundResumeScheduler.kt,kt,OK,,not-checked,SecondLifeViewer|FirestormViewer
Linkpoint/src/main/java/com/linkpoint/service/BackgroundResumeWorker.kt,kt,OK,,not-checked,SecondLifeViewer|FirestormViewer
Linkpoint/src/main/java/com/linkpoint/service/BackgroundRuntimeConfig.kt,kt,OK,,not-checked,SecondLifeViewer|FirestormViewer
Linkpoint/src/main/java/com/linkpoint/service/BootResumeReceiver.kt,kt,OK,,not-checked,SecondLifeViewer|FirestormViewer
Linkpoint/src/main/java/com/linkpoint/service/ConnectionKeepAliveManager.kt,kt,OK,,not-checked,LibreMetaverse|SecondLifeViewer|FirestormViewer
Linkpoint/src/main/java/com/linkpoint/service/IdleHandler.kt,kt,OK,,not-checked,SecondLifeViewer|FirestormViewer
Linkpoint/src/main/java/com/linkpoint/service/LinkpointConnectionService.kt,kt,OK,,not-checked,SecondLifeViewer|FirestormViewer
Linkpoint/src/main/java/com/linkpoint/services/GridConnectionService.kt,kt,OK,,not-checked,SecondLifeViewer|FirestormViewer
Linkpoint/src/main/java/com/linkpoint/services/StreamingMediaService.kt,kt,OK,,not-checked,SecondLifeViewer|FirestormViewer
Linkpoint/src/main/java/com/linkpoint/snapshot/SnapshotManager.kt,kt,OK,,not-checked,LLSD|LibreMetaverse|SecondLifeViewer|FirestormViewer
Linkpoint/src/main/java/com/linkpoint/teleport/TeleportManager.kt,kt,OK,,not-checked,LLSD|LibreMetaverse|SecondLifeViewer|FirestormViewer
Linkpoint/src/main/java/com/linkpoint/ui/avatar/AppearanceEditorFragment.kt,kt,OK,,not-checked,LibreMetaverse|SecondLifeViewer|FirestormViewer
Linkpoint/src/main/java/com/linkpoint/ui/avatar/MyAvatarActivity.kt,kt,OK,,not-checked,LibreMetaverse|SecondLifeViewer|FirestormViewer
Linkpoint/src/main/java/com/linkpoint/ui/avatar/MyAvatarScreen.kt,kt,OK,,not-checked,LibreMetaverse|SecondLifeViewer|FirestormViewer
Linkpoint/src/main/java/com/linkpoint/ui/avatar/WearableAdapter.kt,kt,OK,,not-checked,LibreMetaverse|SecondLifeViewer|FirestormViewer
Linkpoint/src/main/java/com/linkpoint/ui/build/BuildActivity.kt,kt,OK,,not-checked,SecondLifeViewer|FirestormViewer
Linkpoint/src/main/java/com/linkpoint/ui/chat/ChatActivity.kt,kt,OK,,not-checked,SecondLifeViewer|FirestormViewer
Linkpoint/src/main/java/com/linkpoint/ui/chat/ChatAdapter.kt,kt,OK,,not-checked,SecondLifeViewer|FirestormViewer
Linkpoint/src/main/java/com/linkpoint/ui/chat/ChatScreen.kt,kt,OK,,not-checked,LibreMetaverse|SecondLifeViewer|FirestormViewer
Linkpoint/src/main/java/com/linkpoint/ui/dialogs/Dialogs.kt,kt,OK,,not-checked,SecondLifeViewer|FirestormViewer
Linkpoint/src/main/java/com/linkpoint/ui/friends/AddFriendDialog.kt,kt,OK,,not-checked,SecondLifeViewer|FirestormViewer
Linkpoint/src/main/java/com/linkpoint/ui/friends/FriendActionsDialog.kt,kt,OK,,not-checked,LibreMetaverse|SecondLifeViewer|FirestormViewer
Linkpoint/src/main/java/com/linkpoint/ui/friends/FriendsActivity.kt,kt,OK,,not-checked,SecondLifeViewer|FirestormViewer
Linkpoint/src/main/java/com/linkpoint/ui/friends/FriendsAdapter.kt,kt,OK,,not-checked,LibreMetaverse|SecondLifeViewer|FirestormViewer
Linkpoint/src/main/java/com/linkpoint/ui/friends/FriendsListFragment.kt,kt,OK,,not-checked,SecondLifeViewer|FirestormViewer
Linkpoint/src/main/java/com/linkpoint/ui/friends/FriendsScreen.kt,kt,OK,,not-checked,SecondLifeViewer|FirestormViewer
Linkpoint/src/main/java/com/linkpoint/ui/friends/FriendshipOfferDialog.kt,kt,OK,,not-checked,SecondLifeViewer|FirestormViewer
Linkpoint/src/main/java/com/linkpoint/ui/groups/GroupDialogs.kt,kt,OK,,not-checked,SecondLifeViewer|FirestormViewer
Linkpoint/src/main/java/com/linkpoint/ui/groups/GroupsActivity.kt,kt,OK,,not-checked,SecondLifeViewer|FirestormViewer
Linkpoint/src/main/java/com/linkpoint/ui/groups/GroupsAdapter.kt,kt,OK,,not-checked,SecondLifeViewer|FirestormViewer
Linkpoint/src/main/java/com/linkpoint/ui/groups/GroupsScreen.kt,kt,OK,,not-checked,SecondLifeViewer|FirestormViewer
Linkpoint/src/main/java/com/linkpoint/ui/inventory/InventoryActivity.kt,kt,OK,,not-checked,LibreMetaverse|SecondLifeViewer|FirestormViewer
Linkpoint/src/main/java/com/linkpoint/ui/inventory/InventoryAdapter.kt,kt,OK,,not-checked,LibreMetaverse|SecondLifeViewer|FirestormViewer
Linkpoint/src/main/java/com/linkpoint/ui/inventory/InventoryFragment.kt,kt,OK,,not-checked,LibreMetaverse|SecondLifeViewer|FirestormViewer
Linkpoint/src/main/java/com/linkpoint/ui/inventory/InventoryScreen.kt,kt,OK,,not-checked,LibreMetaverse|SecondLifeViewer|FirestormViewer
Linkpoint/src/main/java/com/linkpoint/ui/inventory/ItemContextMenu.kt,kt,OK,,not-checked,LibreMetaverse|SecondLifeViewer|FirestormViewer
Linkpoint/src/main/java/com/linkpoint/ui/inventory/ItemDetailDialog.kt,kt,OK,,not-checked,LibreMetaverse|SecondLifeViewer|FirestormViewer
Linkpoint/src/main/java/com/linkpoint/ui/inventory/ItemPropertiesDialog.kt,kt,OK,,not-checked,LibreMetaverse|SecondLifeViewer|FirestormViewer
Linkpoint/src/main/java/com/linkpoint/ui/login/LoginActivity.kt,kt,OK,,not-checked,LibreMetaverse|SecondLifeViewer|FirestormViewer
Linkpoint/src/main/java/com/linkpoint/ui/login/LoginScreen.kt,kt,OK,,not-checked,SecondLifeViewer|FirestormViewer
Linkpoint/src/main/java/com/linkpoint/ui/login/StartLocationDialog.kt,kt,OK,,not-checked,SecondLifeViewer|FirestormViewer
Linkpoint/src/main/java/com/linkpoint/ui/map/MapActivity.kt,kt,OK,,not-checked,LLSD|LibreMetaverse|SecondLifeViewer|FirestormViewer
Linkpoint/src/main/java/com/linkpoint/ui/map/MapScreen.kt,kt,OK,,not-checked,LibreMetaverse|SecondLifeViewer|FirestormViewer
Linkpoint/src/main/java/com/linkpoint/ui/minimap/MinimapActivity.kt,kt,OK,,not-checked,LibreMetaverse|SecondLifeViewer|FirestormViewer
Linkpoint/src/main/java/com/linkpoint/ui/minimap/MinimapScreen.kt,kt,OK,,not-checked,LibreMetaverse|SecondLifeViewer|FirestormViewer
Linkpoint/src/main/java/com/linkpoint/ui/navigation/Navigation.kt,kt,OK,,not-checked,LibreMetaverse|SecondLifeViewer|FirestormViewer
Linkpoint/src/main/java/com/linkpoint/ui/notecard/NotecardEditorActivity.kt,kt,OK,,not-checked,LibreMetaverse|SecondLifeViewer|FirestormViewer
Linkpoint/src/main/java/com/linkpoint/ui/notecard/NotecardEditorScreen.kt,kt,OK,,not-checked,LibreMetaverse|SecondLifeViewer|FirestormViewer
Linkpoint/src/main/java/com/linkpoint/ui/objects/ObjectPropertiesDialog.kt,kt,OK,,not-checked,LibreMetaverse|SecondLifeViewer|FirestormViewer
Linkpoint/src/main/java/com/linkpoint/ui/people/NearbyPeopleActivity.kt,kt,OK,,not-checked,LibreMetaverse|SecondLifeViewer|FirestormViewer
Linkpoint/src/main/java/com/linkpoint/ui/people/NearbyPeopleAdapter.kt,kt,OK,,not-checked,LibreMetaverse|SecondLifeViewer|FirestormViewer
Linkpoint/src/main/java/com/linkpoint/ui/people/NearbyPeopleFragment.kt,kt,OK,,not-checked,SecondLifeViewer|FirestormViewer
Linkpoint/src/main/java/com/linkpoint/ui/people/NearbyPeopleScreen.kt,kt,OK,,not-checked,LibreMetaverse|SecondLifeViewer|FirestormViewer
Linkpoint/src/main/java/com/linkpoint/ui/people/UserActionsDialog.kt,kt,OK,,not-checked,LibreMetaverse|SecondLifeViewer|FirestormViewer
Linkpoint/src/main/java/com/linkpoint/ui/profile/ProfileActivity.kt,kt,OK,,not-checked,LibreMetaverse|SecondLifeViewer|FirestormViewer
Linkpoint/src/main/java/com/linkpoint/ui/profile/ProfileScreen.kt,kt,OK,,not-checked,LibreMetaverse|SecondLifeViewer|FirestormViewer
Linkpoint/src/main/java/com/linkpoint/ui/radar/RadarActivity.kt,kt,OK,,not-checked,LibreMetaverse|SecondLifeViewer|FirestormViewer
Linkpoint/src/main/java/com/linkpoint/ui/radar/RadarCompose.kt,kt,OK,,not-checked,LibreMetaverse|SecondLifeViewer|FirestormViewer
Linkpoint/src/main/java/com/linkpoint/ui/radar/RadarView.kt,kt,OK,,not-checked,LibreMetaverse|SecondLifeViewer|FirestormViewer
Linkpoint/src/main/java/com/linkpoint/ui/scripts/ScriptEditorActivity.kt,kt,OK,,not-checked,SecondLifeViewer|FirestormViewer
Linkpoint/src/main/java/com/linkpoint/ui/scripts/ScriptEditorScreen.kt,kt,OK,,not-checked,SecondLifeViewer|FirestormViewer
Linkpoint/src/main/java/com/linkpoint/ui/search/SearchActivity.kt,kt,OK,,not-checked,SecondLifeViewer|FirestormViewer
Linkpoint/src/main/java/com/linkpoint/ui/search/SearchScreen.kt,kt,OK,,not-checked,SecondLifeViewer|FirestormViewer
Linkpoint/src/main/java/com/linkpoint/ui/settings/SettingsActivity.kt,kt,OK,,not-checked,SecondLifeViewer|FirestormViewer
Linkpoint/src/main/java/com/linkpoint/ui/settings/SettingsScreen.kt,kt,OK,,not-checked,SecondLifeViewer|FirestormViewer
Linkpoint/src/main/java/com/linkpoint/ui/slurl/SLURLActivity.kt,kt,OK,,not-checked,LibreMetaverse|SecondLifeViewer|FirestormViewer
Linkpoint/src/main/java/com/linkpoint/ui/slurl/SLURLScreen.kt,kt,OK,,not-checked,LibreMetaverse|SecondLifeViewer|FirestormViewer
Linkpoint/src/main/java/com/linkpoint/ui/teleport/TeleportHistoryActivity.kt,kt,OK,,not-checked,LibreMetaverse|SecondLifeViewer|FirestormViewer
Linkpoint/src/main/java/com/linkpoint/ui/teleport/TeleportHistoryScreen.kt,kt,OK,,not-checked,LibreMetaverse|SecondLifeViewer|FirestormViewer
Linkpoint/src/main/java/com/linkpoint/ui/theme/BuiltInThemes.kt,kt,OK,,not-checked,SecondLifeViewer|FirestormViewer
Linkpoint/src/main/java/com/linkpoint/ui/theme/KthemeAdapters.kt,kt,OK,,not-checked,SecondLifeViewer|FirestormViewer
Linkpoint/src/main/java/com/linkpoint/ui/theme/LinkpointTheme.kt,kt,OK,,not-checked,SecondLifeViewer|FirestormViewer
Linkpoint/src/main/java/com/linkpoint/ui/theme/ThemeColors.kt,kt,OK,,not-checked,SecondLifeViewer|FirestormViewer
Linkpoint/src/main/java/com/linkpoint/ui/theme/ThemeManager.kt,kt,OK,,not-checked,SecondLifeViewer|FirestormViewer
Linkpoint/src/main/java/com/linkpoint/ui/theme/ThemePack.kt,kt,OK,,not-checked,SecondLifeViewer|FirestormViewer
Linkpoint/src/main/java/com/linkpoint/ui/theme/ThemePickerScreen.kt,kt,OK,,not-checked,SecondLifeViewer|FirestormViewer
Linkpoint/src/main/java/com/linkpoint/ui/tos/TosActivity.kt,kt,OK,,not-checked,SecondLifeViewer|FirestormViewer
Linkpoint/src/main/java/com/linkpoint/ui/tos/TosScreen.kt,kt,OK,,not-checked,SecondLifeViewer|FirestormViewer
Linkpoint/src/main/java/com/linkpoint/ui/voice/VoiceControlCompose.kt,kt,OK,,not-checked,SecondLifeViewer|FirestormViewer
Linkpoint/src/main/java/com/linkpoint/ui/voice/VoiceControlView.kt,kt,OK,,not-checked,SecondLifeViewer|FirestormViewer
Linkpoint/src/main/java/com/linkpoint/ui/world/JoystickView.kt,kt,OK,,not-checked,LibreMetaverse|SecondLifeViewer|FirestormViewer
Linkpoint/src/main/java/com/linkpoint/ui/world/WorldViewActivity.kt,kt,OK,,not-checked,LibreMetaverse|SecondLifeViewer|FirestormViewer
Linkpoint/src/main/java/com/linkpoint/ui/xr/XRWorldActivity.kt,kt,OK,,not-checked,LLSD|LibreMetaverse|SecondLifeViewer|FirestormViewer
Linkpoint/src/main/java/com/linkpoint/users/AgentPreferencesManager.kt,kt,OK,,not-checked,LLSD|LibreMetaverse|SecondLifeViewer|FirestormViewer
Linkpoint/src/main/java/com/linkpoint/users/DisplayNameManager.kt,kt,OK,,not-checked,LLSD|LibreMetaverse|SecondLifeViewer|FirestormViewer
Linkpoint/src/main/java/com/linkpoint/users/MuteManager.kt,kt,OK,,not-checked,LibreMetaverse|SecondLifeViewer|FirestormViewer
Linkpoint/src/main/java/com/linkpoint/users/UserProfileManager.kt,kt,OK,,not-checked,LLSD|LibreMetaverse|SecondLifeViewer|FirestormViewer
Linkpoint/src/main/java/com/linkpoint/util/LifecycleAwareScopeManager.kt,kt,OK,,not-checked,SecondLifeViewer|FirestormViewer
Linkpoint/src/main/java/com/linkpoint/util/NetworkExtensions.kt,kt,OK,,not-checked,SecondLifeViewer|FirestormViewer
Linkpoint/src/main/java/com/linkpoint/util/NullSafetyUtil.kt,kt,OK,,not-checked,LibreMetaverse|SecondLifeViewer|FirestormViewer
Linkpoint/src/main/java/com/linkpoint/util/ThreadSafetyUtil.kt,kt,OK,,not-checked,SecondLifeViewer|FirestormViewer
Linkpoint/src/main/java/com/linkpoint/utils/CodexUploadService.kt,kt,OK,,not-checked,SecondLifeViewer|FirestormViewer
Linkpoint/src/main/java/com/linkpoint/utils/CrashReporter.kt,kt,OK,,not-checked,SecondLifeViewer|FirestormViewer
Linkpoint/src/main/java/com/linkpoint/utils/DebugReportService.kt,kt,OK,,not-checked,LibreMetaverse|SecondLifeViewer|FirestormViewer
Linkpoint/src/main/java/com/linkpoint/utils/DiagnosticsLogSanitizer.kt,kt,OK,,not-checked,LLSD|LibreMetaverse|SecondLifeViewer|FirestormViewer
Linkpoint/src/main/java/com/linkpoint/utils/DiagnosticsLoggingConfig.kt,kt,OK,,not-checked,LibreMetaverse|SecondLifeViewer|FirestormViewer
Linkpoint/src/main/java/com/linkpoint/utils/InitializationTracker.kt,kt,OK,,not-checked,LibreMetaverse|SecondLifeViewer|FirestormViewer
Linkpoint/src/main/java/com/linkpoint/utils/PermissionManager.kt,kt,OK,,not-checked,SecondLifeViewer|FirestormViewer
Linkpoint/src/main/java/com/linkpoint/utils/SecurePreferences.kt,kt,OK,,not-checked,SecondLifeViewer|FirestormViewer
Linkpoint/src/main/java/com/linkpoint/utils/SessionLogRecorder.kt,kt,OK,,not-checked,LLSD|LibreMetaverse|SecondLifeViewer|FirestormViewer
Linkpoint/src/main/java/com/linkpoint/voice/VoiceManager.kt,kt,OK,,not-checked,LLSD|LibreMetaverse|SecondLifeViewer|FirestormViewer
Linkpoint/src/main/java/com/linkpoint/world/FriendsManager.kt,kt,OK,,not-checked,LLSD|LibreMetaverse|SecondLifeViewer|FirestormViewer
Linkpoint/src/main/java/com/linkpoint/world/NearbyUser.kt,kt,OK,,not-checked,LibreMetaverse|SecondLifeViewer|FirestormViewer
Linkpoint/src/main/java/com/linkpoint/world/ParcelManager.kt,kt,OK,,not-checked,LibreMetaverse|SecondLifeViewer|FirestormViewer
Linkpoint/src/main/java/com/linkpoint/world/ProfileManager.kt,kt,OK,,not-checked,LLSD|LibreMetaverse|SecondLifeViewer|FirestormViewer
Linkpoint/src/main/java/com/linkpoint/world/RegionCrossingManager.kt,kt,OK,,not-checked,LLSD|LibreMetaverse|SecondLifeViewer|FirestormViewer
Linkpoint/src/main/java/com/linkpoint/world/RegionExperienceManager.kt,kt,OK,,not-checked,LLSD|LibreMetaverse|SecondLifeViewer|FirestormViewer
Linkpoint/src/main/java/com/linkpoint/world/SearchManager.kt,kt,OK,,not-checked,LLSD|LibreMetaverse|SecondLifeViewer|FirestormViewer
Linkpoint/src/main/java/com/linkpoint/world/SimulatorFeaturesManager.kt,kt,OK,,not-checked,LLSD|LibreMetaverse|SecondLifeViewer|FirestormViewer
Linkpoint/src/main/java/com/linkpoint/world/TreeSpeciesManager.kt,kt,OK,,not-checked,SecondLifeViewer|FirestormViewer
Linkpoint/src/main/java/com/linkpoint/world/WorldMap.kt,kt,OK,,not-checked,LLSD|LibreMetaverse|SecondLifeViewer|FirestormViewer
Linkpoint/src/main/java/com/linkpoint/world/environment/EnvironmentManager.kt,kt,OK,,not-checked,LLSD|LibreMetaverse|SecondLifeViewer|FirestormViewer
Linkpoint/src/main/java/com/linkpoint/world/estate/EstateManager.kt,kt,OK,,not-checked,LLSD|LibreMetaverse|SecondLifeViewer|FirestormViewer
Linkpoint/src/main/java/com/linkpoint/world/minimap/MinimapManager.kt,kt,OK,,not-checked,LibreMetaverse|SecondLifeViewer|FirestormViewer
Linkpoint/src/main/java/com/linkpoint/world3d/WorldBridge.kt,kt,OK,,not-checked,LibreMetaverse|SecondLifeViewer|FirestormViewer
Linkpoint/src/main/java/com/linkpoint/world3d/WorldScene.kt,kt,OK,,not-checked,LibreMetaverse|SecondLifeViewer|FirestormViewer
Linkpoint/src/main/java/com/linkpoint/world3d/WorldScreen.kt,kt,OK,,not-checked,LibreMetaverse|SecondLifeViewer|FirestormViewer
Linkpoint/src/main/java/com/linkpoint/world3d/WorldState.kt,kt,OK,,not-checked,LibreMetaverse|SecondLifeViewer|FirestormViewer
Linkpoint/src/main/java/com/linkpoint/xr/XRManager.kt,kt,OK,,not-checked,LLSD|LibreMetaverse|SecondLifeViewer|FirestormViewer
Linkpoint/src/test/java/com/linkpoint/world/SearchManagerTest.kt,kt,OK,,not-checked,LLSD|LibreMetaverse|SecondLifeViewer|FirestormViewer
Linkpoint/src/test/kotlin/com/linkpoint/assets/JPEG2000DecodeCorpusTest.kt,kt,OK,,not-checked,SecondLifeViewer|FirestormViewer
Linkpoint/src/test/kotlin/com/linkpoint/assets/JPEG2000DecoderHeaderTest.kt,kt,OK,,not-checked,SecondLifeViewer|FirestormViewer
Linkpoint/src/test/kotlin/com/linkpoint/assets/JPEG2000DecoderPolicyTest.kt,kt,OK,,not-checked,SecondLifeViewer|FirestormViewer
Linkpoint/src/test/kotlin/com/linkpoint/avatar/AvatarParsingBenchmark.kt,kt,OK,,not-checked,LibreMetaverse|SecondLifeViewer|FirestormViewer
Linkpoint/src/test/kotlin/com/linkpoint/chat/ChatManagerTest.kt,kt,OK,,not-checked,LibreMetaverse|SecondLifeViewer|FirestormViewer
Linkpoint/src/test/kotlin/com/linkpoint/connection/ConnectionDiagnosticTest.kt,kt,OK,,not-checked,LibreMetaverse|SecondLifeViewer|FirestormViewer
Linkpoint/src/test/kotlin/com/linkpoint/connection/ConnectionIntegrationTest.kt,kt,OK,,not-checked,SecondLifeViewer|FirestormViewer
Linkpoint/src/test/kotlin/com/linkpoint/connection/NetworkQualityTest.kt,kt,OK,,not-checked,LibreMetaverse|SecondLifeViewer|FirestormViewer
Linkpoint/src/test/kotlin/com/linkpoint/connection/SharedUdpCircuitIntegrationTest.kt,kt,OK,,not-checked,LLSD|LibreMetaverse|SecondLifeViewer|FirestormViewer
Linkpoint/src/test/kotlin/com/linkpoint/diagnostics/ScenePopulationDiagnosticsTest.kt,kt,OK,,not-checked,LibreMetaverse|SecondLifeViewer|FirestormViewer
Linkpoint/src/test/kotlin/com/linkpoint/inventory/AisClientTest.kt,kt,OK,,not-checked,LLSD|LibreMetaverse|SecondLifeViewer|FirestormViewer
Linkpoint/src/test/kotlin/com/linkpoint/inventory/InventoryRepositoryTest.kt,kt,OK,,not-checked,LLSD|LibreMetaverse|SecondLifeViewer|FirestormViewer
Linkpoint/src/test/kotlin/com/linkpoint/inventory/OutfitManagerTest.kt,kt,OK,,not-checked,LibreMetaverse|SecondLifeViewer|FirestormViewer
Linkpoint/src/test/kotlin/com/linkpoint/inventory/notecard/NotecardManagerCapabilityRequestTest.kt,kt,OK,,not-checked,LLSD|LibreMetaverse|SecondLifeViewer|FirestormViewer
Linkpoint/src/test/kotlin/com/linkpoint/inventory/notecard/NotecardManagerSaveTest.kt,kt,OK,,not-checked,LLSD|LibreMetaverse|SecondLifeViewer|FirestormViewer
Linkpoint/src/test/kotlin/com/linkpoint/network/NetworkExceptionUtilsTest.kt,kt,OK,,not-checked,SecondLifeViewer|FirestormViewer
Linkpoint/src/test/kotlin/com/linkpoint/protocol/capabilities/CapabilityDeclarationAuditTest.kt,kt,OK,,not-checked,LLSD|LibreMetaverse|SecondLifeViewer|FirestormViewer
Linkpoint/src/test/kotlin/com/linkpoint/protocol/capabilities/FakeCapabilityRequester.kt,kt,OK,,not-checked,LLSD|LibreMetaverse|SecondLifeViewer|FirestormViewer
Linkpoint/src/test/kotlin/com/linkpoint/protocol/core/AgentIdentityTest.kt,kt,OK,,not-checked,LibreMetaverse|SecondLifeViewer|FirestormViewer
Linkpoint/src/test/kotlin/com/linkpoint/protocol/llsd/LLSDMapTest.kt,kt,OK,,not-checked,LLSD|LibreMetaverse|SecondLifeViewer|FirestormViewer
Linkpoint/src/test/kotlin/com/linkpoint/protocol/llsd/LLSDParserFuzzTargetTest.kt,kt,OK,,not-checked,LLSD|LibreMetaverse|SecondLifeViewer|FirestormViewer
Linkpoint/src/test/kotlin/com/linkpoint/protocol/llsd/LLSDParserTest.kt,kt,OK,,not-checked,LLSD|LibreMetaverse|SecondLifeViewer|FirestormViewer
Linkpoint/src/test/kotlin/com/linkpoint/protocol/messages/DeclaredMessageSlicesTest.kt,kt,OK,,not-checked,LibreMetaverse|SecondLifeViewer|FirestormViewer
Linkpoint/src/test/kotlin/com/linkpoint/protocol/messages/ManagerMessageIdUsageTest.kt,kt,OK,,not-checked,LibreMetaverse|SecondLifeViewer|FirestormViewer
Linkpoint/src/test/kotlin/com/linkpoint/protocol/messages/MessageParserConformanceFixtureTest.kt,kt,OK,,not-checked,LibreMetaverse|SecondLifeViewer|FirestormViewer
Linkpoint/src/test/kotlin/com/linkpoint/protocol/messages/MessageRouterTest.kt,kt,OK,,not-checked,SecondLifeViewer|FirestormViewer
Linkpoint/src/test/kotlin/com/linkpoint/protocol/messages/MessageTemplateProtocolConformanceTest.kt,kt,OK,,not-checked,LibreMetaverse|SecondLifeViewer|FirestormViewer
Linkpoint/src/test/kotlin/com/linkpoint/protocol/messages/RegionHandshakeParserTest.kt,kt,OK,,not-checked,LibreMetaverse|SecondLifeViewer|FirestormViewer
Linkpoint/src/test/kotlin/com/linkpoint/protocol/terrain/TerrainPatchTest.kt,kt,OK,,not-checked,SecondLifeViewer|FirestormViewer
Linkpoint/src/test/kotlin/com/linkpoint/render/lumiya/core/LumiyaFramePlannerTest.kt,kt,OK,,not-checked,LibreMetaverse|SecondLifeViewer|FirestormViewer
Linkpoint/src/test/kotlin/com/linkpoint/service/BackgroundRuntimeConfigTest.kt,kt,OK,,not-checked,SecondLifeViewer|FirestormViewer
Linkpoint/src/test/kotlin/com/linkpoint/users/CapabilityManagersRequestShapeTest.kt,kt,OK,,not-checked,LLSD|LibreMetaverse|SecondLifeViewer|FirestormViewer
Linkpoint/src/test/kotlin/com/linkpoint/users/UserProfileManagerTest.kt,kt,OK,,not-checked,LLSD|LibreMetaverse|SecondLifeViewer|FirestormViewer
Linkpoint/src/test/kotlin/com/linkpoint/utils/DiagnosticsLogSanitizerTest.kt,kt,OK,,not-checked,LLSD|LibreMetaverse|SecondLifeViewer|FirestormViewer
Linkpoint/src/test/kotlin/com/linkpoint/utils/DiagnosticsLoggingConfigTest.kt,kt,OK,,not-checked,SecondLifeViewer|FirestormViewer
Linkpoint/src/test/kotlin/com/linkpoint/utils/InitializationTrackerTest.kt,kt,OK,,not-checked,SecondLifeViewer|FirestormViewer
Linkpoint/src/test/kotlin/com/linkpoint/world/DeferredCapabilityConsumersTest.kt,kt,OK,,not-checked,LLSD|LibreMetaverse|SecondLifeViewer|FirestormViewer
Linkpoint/src/test/kotlin/com/linkpoint/world/WorldMapBenchmark.kt,kt,OK,,not-checked,LibreMetaverse|SecondLifeViewer|FirestormViewer
Linkpoint/tools/generate_parser_scaffolding.py,py,BROKEN,todo-call,ok,LibreMetaverse|SecondLifeViewer|FirestormViewer
app/src/main/java/com/lumiyaviewer/lumiya/test/LLSDTest.java,java,OK,,not-checked,LLSD|LibreMetaverse|SecondLifeViewer|FirestormViewer
app/src/main/kotlin/com/lumiyaviewer/lumiya/slproto/messages/ObjectLinkKt.kt,kt,OK,,not-checked,LLSD|LibreMetaverse|SecondLifeViewer|FirestormViewer
cleanup-branches.sh,sh,OK,,ok,SecondLifeViewer|FirestormViewer
file_bundle/ActiveChattersManager.java,java,BROKEN,decompilation-stub|unsupported-operation,not-checked,LibreMetaverse|SecondLifeViewer|FirestormViewer
file_bundle/CardboardActivity.java,java,OK,,not-checked,LibreMetaverse|SecondLifeViewer|FirestormViewer
file_bundle/GroupMainProfileTab.java,java,OK,,not-checked,LibreMetaverse|SecondLifeViewer|FirestormViewer
file_bundle/InventoryFragment.java,java,OK,,not-checked,LibreMetaverse|SecondLifeViewer|FirestormViewer
file_bundle/InventoryFragmentHelper.java,java,OK,,not-checked,LibreMetaverse|SecondLifeViewer|FirestormViewer
file_bundle/ObjectDetailsFragment.java,java,OK,,not-checked,LibreMetaverse|SecondLifeViewer|FirestormViewer
file_bundle/SLChatEvent.java,java,OK,,not-checked,LibreMetaverse|SecondLifeViewer|FirestormViewer
file_bundle/SLInventory.java,java,OK,,not-checked,LLSD|LibreMetaverse|SecondLifeViewer|FirestormViewer
file_bundle/SyncManager.java,java,OK,,not-checked,SecondLifeViewer|FirestormViewer
file_bundle/UserFunctionsFragment.java,java,OK,,not-checked,LibreMetaverse|SecondLifeViewer|FirestormViewer
file_bundle/VoiceStatusView.java,java,OK,,not-checked,SecondLifeViewer|FirestormViewer
file_bundle/WorldViewActivity.java,java,OK,,not-checked,LibreMetaverse|SecondLifeViewer|FirestormViewer
lumiya_decompiled_source/android/arch/core/internal/FastSafeIterableMap.java,java,OK,,not-checked,SecondLifeViewer|FirestormViewer
lumiya_decompiled_source/android/arch/core/internal/SafeIterableMap.java,java,FIXED,unsupported-operation,not-checked,SecondLifeViewer|FirestormViewer
lumiya_decompiled_source/android/arch/lifecycle/BuildConfig.java,java,OK,,not-checked,SecondLifeViewer|FirestormViewer
lumiya_decompiled_source/android/arch/lifecycle/BuildConfig.kt,kt,OK,,not-checked,SecondLifeViewer|FirestormViewer
lumiya_decompiled_source/android/arch/lifecycle/GenericLifecycleObserver.java,java,OK,,not-checked,SecondLifeViewer|FirestormViewer
lumiya_decompiled_source/android/arch/lifecycle/Lifecycle.java,java,OK,,not-checked,SecondLifeViewer|FirestormViewer
lumiya_decompiled_source/android/arch/lifecycle/LifecycleObserver.java,java,OK,,not-checked,SecondLifeViewer|FirestormViewer
lumiya_decompiled_source/android/arch/lifecycle/LifecycleOwner.java,java,OK,,not-checked,SecondLifeViewer|FirestormViewer
lumiya_decompiled_source/android/arch/lifecycle/LifecycleRegistry.java,java,OK,,not-checked,SecondLifeViewer|FirestormViewer
lumiya_decompiled_source/android/arch/lifecycle/LifecycleRegistryOwner.java,java,OK,,not-checked,SecondLifeViewer|FirestormViewer
lumiya_decompiled_source/android/arch/lifecycle/Lifecycling.java,java,OK,,not-checked,SecondLifeViewer|FirestormViewer
lumiya_decompiled_source/android/arch/lifecycle/OnLifecycleEvent.java,java,OK,,not-checked,SecondLifeViewer|FirestormViewer
lumiya_decompiled_source/android/arch/lifecycle/OnLifecycleEvent.kt,kt,OK,,not-checked,SecondLifeViewer|FirestormViewer
lumiya_decompiled_source/android/arch/lifecycle/R.java,java,OK,,not-checked,SecondLifeViewer|FirestormViewer
lumiya_decompiled_source/android/arch/lifecycle/R.kt,kt,OK,,not-checked,SecondLifeViewer|FirestormViewer
lumiya_decompiled_source/android/arch/lifecycle/ReflectiveGenericLifecycleObserver.java,java,OK,,not-checked,SecondLifeViewer|FirestormViewer
lumiya_decompiled_source/android/arch/lifecycle/ReportFragment.java,java,OK,,not-checked,SecondLifeViewer|FirestormViewer
lumiya_decompiled_source/android/support/annotation/AnimRes.java,java,OK,,not-checked,SecondLifeViewer|FirestormViewer
lumiya_decompiled_source/android/support/annotation/AnimRes.kt,kt,OK,,not-checked,SecondLifeViewer|FirestormViewer
lumiya_decompiled_source/android/support/annotation/AnimatorRes.java,java,OK,,not-checked,SecondLifeViewer|FirestormViewer
lumiya_decompiled_source/android/support/annotation/AnimatorRes.kt,kt,OK,,not-checked,SecondLifeViewer|FirestormViewer
lumiya_decompiled_source/android/support/annotation/AnyRes.java,java,OK,,not-checked,SecondLifeViewer|FirestormViewer
lumiya_decompiled_source/android/support/annotation/AnyRes.kt,kt,OK,,not-checked,SecondLifeViewer|FirestormViewer
lumiya_decompiled_source/android/support/annotation/AnyThread.java,java,OK,,not-checked,SecondLifeViewer|FirestormViewer
lumiya_decompiled_source/android/support/annotation/AnyThread.kt,kt,OK,,not-checked,SecondLifeViewer|FirestormViewer
lumiya_decompiled_source/android/support/annotation/ArrayRes.java,java,OK,,not-checked,SecondLifeViewer|FirestormViewer
lumiya_decompiled_source/android/support/annotation/ArrayRes.kt,kt,OK,,not-checked,SecondLifeViewer|FirestormViewer
lumiya_decompiled_source/android/support/annotation/AttrRes.java,java,OK,,not-checked,SecondLifeViewer|FirestormViewer
lumiya_decompiled_source/android/support/annotation/AttrRes.kt,kt,OK,,not-checked,SecondLifeViewer|FirestormViewer
lumiya_decompiled_source/android/support/annotation/BinderThread.java,java,OK,,not-checked,SecondLifeViewer|FirestormViewer
lumiya_decompiled_source/android/support/annotation/BinderThread.kt,kt,OK,,not-checked,SecondLifeViewer|FirestormViewer
lumiya_decompiled_source/android/support/annotation/BoolRes.java,java,OK,,not-checked,SecondLifeViewer|FirestormViewer
lumiya_decompiled_source/android/support/annotation/BoolRes.kt,kt,OK,,not-checked,SecondLifeViewer|FirestormViewer
lumiya_decompiled_source/android/support/annotation/CallSuper.java,java,OK,,not-checked,SecondLifeViewer|FirestormViewer
lumiya_decompiled_source/android/support/annotation/CallSuper.kt,kt,OK,,not-checked,SecondLifeViewer|FirestormViewer
lumiya_decompiled_source/android/support/annotation/CheckResult.java,java,OK,,not-checked,SecondLifeViewer|FirestormViewer
lumiya_decompiled_source/android/support/annotation/CheckResult.kt,kt,OK,,not-checked,SecondLifeViewer|FirestormViewer
lumiya_decompiled_source/android/support/annotation/ColorInt.java,java,OK,,not-checked,SecondLifeViewer|FirestormViewer
lumiya_decompiled_source/android/support/annotation/ColorInt.kt,kt,OK,,not-checked,SecondLifeViewer|FirestormViewer
lumiya_decompiled_source/android/support/annotation/ColorLong.java,java,OK,,not-checked,SecondLifeViewer|FirestormViewer
lumiya_decompiled_source/android/support/annotation/ColorLong.kt,kt,OK,,not-checked,SecondLifeViewer|FirestormViewer
lumiya_decompiled_source/android/support/annotation/ColorRes.java,java,OK,,not-checked,SecondLifeViewer|FirestormViewer
lumiya_decompiled_source/android/support/annotation/ColorRes.kt,kt,OK,,not-checked,SecondLifeViewer|FirestormViewer
lumiya_decompiled_source/android/support/annotation/DimenRes.java,java,OK,,not-checked,SecondLifeViewer|FirestormViewer
lumiya_decompiled_source/android/support/annotation/DimenRes.kt,kt,OK,,not-checked,SecondLifeViewer|FirestormViewer
lumiya_decompiled_source/android/support/annotation/Dimension.java,java,OK,,not-checked,SecondLifeViewer|FirestormViewer
lumiya_decompiled_source/android/support/annotation/Dimension.kt,kt,OK,,not-checked,SecondLifeViewer|FirestormViewer
lumiya_decompiled_source/android/support/annotation/DrawableRes.java,java,OK,,not-checked,SecondLifeViewer|FirestormViewer
lumiya_decompiled_source/android/support/annotation/DrawableRes.kt,kt,OK,,not-checked,SecondLifeViewer|FirestormViewer
lumiya_decompiled_source/android/support/annotation/FloatRange.java,java,OK,,not-checked,SecondLifeViewer|FirestormViewer
lumiya_decompiled_source/android/support/annotation/FloatRange.kt,kt,OK,,not-checked,SecondLifeViewer|FirestormViewer
lumiya_decompiled_source/android/support/annotation/FontRes.java,java,OK,,not-checked,SecondLifeViewer|FirestormViewer
lumiya_decompiled_source/android/support/annotation/FontRes.kt,kt,OK,,not-checked,SecondLifeViewer|FirestormViewer
lumiya_decompiled_source/android/support/annotation/FractionRes.java,java,OK,,not-checked,SecondLifeViewer|FirestormViewer
lumiya_decompiled_source/android/support/annotation/FractionRes.kt,kt,OK,,not-checked,SecondLifeViewer|FirestormViewer
lumiya_decompiled_source/android/support/annotation/GuardedBy.java,java,OK,,not-checked,SecondLifeViewer|FirestormViewer
lumiya_decompiled_source/android/support/annotation/GuardedBy.kt,kt,OK,,not-checked,SecondLifeViewer|FirestormViewer
lumiya_decompiled_source/android/support/annotation/HalfFloat.java,java,OK,,not-checked,SecondLifeViewer|FirestormViewer
lumiya_decompiled_source/android/support/annotation/HalfFloat.kt,kt,OK,,not-checked,SecondLifeViewer|FirestormViewer
lumiya_decompiled_source/android/support/annotation/IdRes.java,java,OK,,not-checked,SecondLifeViewer|FirestormViewer
lumiya_decompiled_source/android/support/annotation/IdRes.kt,kt,OK,,not-checked,SecondLifeViewer|FirestormViewer
lumiya_decompiled_source/android/support/annotation/IntDef.java,java,OK,,not-checked,SecondLifeViewer|FirestormViewer
lumiya_decompiled_source/android/support/annotation/IntDef.kt,kt,OK,,not-checked,SecondLifeViewer|FirestormViewer
lumiya_decompiled_source/android/support/annotation/IntRange.java,java,OK,,not-checked,SecondLifeViewer|FirestormViewer
lumiya_decompiled_source/android/support/annotation/IntRange.kt,kt,OK,,not-checked,SecondLifeViewer|FirestormViewer
lumiya_decompiled_source/android/support/annotation/IntegerRes.java,java,OK,,not-checked,SecondLifeViewer|FirestormViewer
lumiya_decompiled_source/android/support/annotation/IntegerRes.kt,kt,OK,,not-checked,SecondLifeViewer|FirestormViewer
lumiya_decompiled_source/android/support/annotation/InterpolatorRes.java,java,OK,,not-checked,SecondLifeViewer|FirestormViewer
lumiya_decompiled_source/android/support/annotation/InterpolatorRes.kt,kt,OK,,not-checked,SecondLifeViewer|FirestormViewer
lumiya_decompiled_source/android/support/annotation/Keep.java,java,OK,,not-checked,SecondLifeViewer|FirestormViewer
lumiya_decompiled_source/android/support/annotation/Keep.kt,kt,OK,,not-checked,SecondLifeViewer|FirestormViewer
lumiya_decompiled_source/android/support/annotation/LayoutRes.java,java,OK,,not-checked,SecondLifeViewer|FirestormViewer
lumiya_decompiled_source/android/support/annotation/LayoutRes.kt,kt,OK,,not-checked,SecondLifeViewer|FirestormViewer
lumiya_decompiled_source/android/support/annotation/MainThread.java,java,OK,,not-checked,SecondLifeViewer|FirestormViewer
lumiya_decompiled_source/android/support/annotation/MainThread.kt,kt,OK,,not-checked,SecondLifeViewer|FirestormViewer
lumiya_decompiled_source/android/support/annotation/MenuRes.java,java,OK,,not-checked,SecondLifeViewer|FirestormViewer
lumiya_decompiled_source/android/support/annotation/MenuRes.kt,kt,OK,,not-checked,SecondLifeViewer|FirestormViewer
lumiya_decompiled_source/android/support/annotation/NonNull.java,java,OK,,not-checked,SecondLifeViewer|FirestormViewer
lumiya_decompiled_source/android/support/annotation/NonNull.kt,kt,OK,,not-checked,SecondLifeViewer|FirestormViewer
lumiya_decompiled_source/android/support/annotation/Nullable.java,java,OK,,not-checked,SecondLifeViewer|FirestormViewer
lumiya_decompiled_source/android/support/annotation/Nullable.kt,kt,OK,,not-checked,SecondLifeViewer|FirestormViewer
lumiya_decompiled_source/android/support/annotation/PluralsRes.java,java,OK,,not-checked,SecondLifeViewer|FirestormViewer
lumiya_decompiled_source/android/support/annotation/PluralsRes.kt,kt,OK,,not-checked,SecondLifeViewer|FirestormViewer
lumiya_decompiled_source/android/support/annotation/Px.java,java,OK,,not-checked,SecondLifeViewer|FirestormViewer
lumiya_decompiled_source/android/support/annotation/Px.kt,kt,OK,,not-checked,SecondLifeViewer|FirestormViewer
lumiya_decompiled_source/android/support/annotation/RawRes.java,java,OK,,not-checked,SecondLifeViewer|FirestormViewer
lumiya_decompiled_source/android/support/annotation/RawRes.kt,kt,OK,,not-checked,SecondLifeViewer|FirestormViewer
lumiya_decompiled_source/android/support/annotation/RequiresApi.java,java,OK,,not-checked,SecondLifeViewer|FirestormViewer
lumiya_decompiled_source/android/support/annotation/RequiresApi.kt,kt,OK,,not-checked,SecondLifeViewer|FirestormViewer
lumiya_decompiled_source/android/support/annotation/RequiresPermission.java,java,OK,,not-checked,SecondLifeViewer|FirestormViewer
lumiya_decompiled_source/android/support/annotation/RequiresPermission.kt,kt,OK,,not-checked,SecondLifeViewer|FirestormViewer
lumiya_decompiled_source/android/support/annotation/RestrictTo.java,java,OK,,not-checked,SecondLifeViewer|FirestormViewer
lumiya_decompiled_source/android/support/annotation/RestrictTo.kt,kt,OK,,not-checked,SecondLifeViewer|FirestormViewer
lumiya_decompiled_source/android/support/annotation/Size.java,java,OK,,not-checked,SecondLifeViewer|FirestormViewer
lumiya_decompiled_source/android/support/annotation/Size.kt,kt,OK,,not-checked,SecondLifeViewer|FirestormViewer
lumiya_decompiled_source/android/support/annotation/StringDef.java,java,OK,,not-checked,SecondLifeViewer|FirestormViewer
lumiya_decompiled_source/android/support/annotation/StringDef.kt,kt,OK,,not-checked,SecondLifeViewer|FirestormViewer
lumiya_decompiled_source/android/support/annotation/StringRes.java,java,OK,,not-checked,SecondLifeViewer|FirestormViewer
lumiya_decompiled_source/android/support/annotation/StringRes.kt,kt,OK,,not-checked,SecondLifeViewer|FirestormViewer
lumiya_decompiled_source/android/support/annotation/StyleRes.java,java,OK,,not-checked,SecondLifeViewer|FirestormViewer
lumiya_decompiled_source/android/support/annotation/StyleRes.kt,kt,OK,,not-checked,SecondLifeViewer|FirestormViewer
lumiya_decompiled_source/android/support/annotation/StyleableRes.java,java,OK,,not-checked,SecondLifeViewer|FirestormViewer
lumiya_decompiled_source/android/support/annotation/StyleableRes.kt,kt,OK,,not-checked,SecondLifeViewer|FirestormViewer
lumiya_decompiled_source/android/support/annotation/TransitionRes.java,java,OK,,not-checked,SecondLifeViewer|FirestormViewer
lumiya_decompiled_source/android/support/annotation/TransitionRes.kt,kt,OK,,not-checked,SecondLifeViewer|FirestormViewer
lumiya_decompiled_source/android/support/annotation/UiThread.java,java,OK,,not-checked,SecondLifeViewer|FirestormViewer
lumiya_decompiled_source/android/support/annotation/UiThread.kt,kt,OK,,not-checked,SecondLifeViewer|FirestormViewer
lumiya_decompiled_source/android/support/annotation/VisibleForTesting.java,java,OK,,not-checked,SecondLifeViewer|FirestormViewer
lumiya_decompiled_source/android/support/annotation/VisibleForTesting.kt,kt,OK,,not-checked,SecondLifeViewer|FirestormViewer
lumiya_decompiled_source/android/support/annotation/WorkerThread.java,java,OK,,not-checked,SecondLifeViewer|FirestormViewer
lumiya_decompiled_source/android/support/annotation/WorkerThread.kt,kt,OK,,not-checked,SecondLifeViewer|FirestormViewer
lumiya_decompiled_source/android/support/annotation/XmlRes.java,java,OK,,not-checked,SecondLifeViewer|FirestormViewer
lumiya_decompiled_source/android/support/annotation/XmlRes.kt,kt,OK,,not-checked,SecondLifeViewer|FirestormViewer
lumiya_decompiled_source/android/support/compat/BuildConfig.java,java,OK,,not-checked,SecondLifeViewer|FirestormViewer
lumiya_decompiled_source/android/support/compat/BuildConfig.kt,kt,OK,,not-checked,SecondLifeViewer|FirestormViewer
lumiya_decompiled_source/android/support/compat/R.java,java,OK,,not-checked,SecondLifeViewer|FirestormViewer
lumiya_decompiled_source/android/support/compat/R.kt,kt,OK,,not-checked,SecondLifeViewer|FirestormViewer
lumiya_decompiled_source/android/support/coreui/BuildConfig.java,java,OK,,not-checked,SecondLifeViewer|FirestormViewer
lumiya_decompiled_source/android/support/coreui/BuildConfig.kt,kt,OK,,not-checked,SecondLifeViewer|FirestormViewer
lumiya_decompiled_source/android/support/coreui/R.java,java,OK,,not-checked,SecondLifeViewer|FirestormViewer
lumiya_decompiled_source/android/support/coreui/R.kt,kt,OK,,not-checked,SecondLifeViewer|FirestormViewer
lumiya_decompiled_source/android/support/coreutils/BuildConfig.java,java,OK,,not-checked,SecondLifeViewer|FirestormViewer
lumiya_decompiled_source/android/support/coreutils/BuildConfig.kt,kt,OK,,not-checked,SecondLifeViewer|FirestormViewer
lumiya_decompiled_source/android/support/coreutils/R.java,java,OK,,not-checked,SecondLifeViewer|FirestormViewer
lumiya_decompiled_source/android/support/coreutils/R.kt,kt,OK,,not-checked,SecondLifeViewer|FirestormViewer
lumiya_decompiled_source/android/support/design/BuildConfig.java,java,OK,,not-checked,SecondLifeViewer|FirestormViewer
lumiya_decompiled_source/android/support/design/BuildConfig.kt,kt,OK,,not-checked,SecondLifeViewer|FirestormViewer
lumiya_decompiled_source/android/support/design/R.kt,kt,OK,,not-checked,SecondLifeViewer|FirestormViewer
lumiya_decompiled_source/android/support/design/internal/BaselineLayout.java,java,OK,,not-checked,SecondLifeViewer|FirestormViewer
lumiya_decompiled_source/android/support/design/internal/BottomNavigationItemView.java,java,OK,,not-checked,SecondLifeViewer|FirestormViewer
lumiya_decompiled_source/android/support/design/internal/BottomNavigationMenu.java,java,FIXED,unsupported-operation,not-checked,SecondLifeViewer|FirestormViewer
lumiya_decompiled_source/android/support/design/internal/BottomNavigationMenuView.java,java,OK,,not-checked,SecondLifeViewer|FirestormViewer
lumiya_decompiled_source/android/support/design/internal/BottomNavigationPresenter.java,java,OK,,not-checked,SecondLifeViewer|FirestormViewer
lumiya_decompiled_source/android/support/design/internal/ForegroundLinearLayout.java,java,OK,,not-checked,SecondLifeViewer|FirestormViewer
lumiya_decompiled_source/android/support/design/internal/NavigationMenu.java,java,OK,,not-checked,SecondLifeViewer|FirestormViewer
lumiya_decompiled_source/android/support/design/internal/NavigationMenuItemView.java,java,OK,,not-checked,SecondLifeViewer|FirestormViewer
lumiya_decompiled_source/android/support/design/internal/NavigationMenuPresenter.java,java,OK,,not-checked,SecondLifeViewer|FirestormViewer
lumiya_decompiled_source/android/support/design/internal/NavigationMenuView.java,java,OK,,not-checked,SecondLifeViewer|FirestormViewer
lumiya_decompiled_source/android/support/design/internal/NavigationSubMenu.java,java,OK,,not-checked,SecondLifeViewer|FirestormViewer
lumiya_decompiled_source/android/support/design/internal/ParcelableSparseArray.java,java,OK,,not-checked,SecondLifeViewer|FirestormViewer
lumiya_decompiled_source/android/support/design/internal/ScrimInsetsFrameLayout.java,java,OK,,not-checked,SecondLifeViewer|FirestormViewer
lumiya_decompiled_source/android/support/design/internal/SnackbarContentLayout.java,java,OK,,not-checked,SecondLifeViewer|FirestormViewer
lumiya_decompiled_source/android/support/design/internal/TextScale.java,java,OK,,not-checked,SecondLifeViewer|FirestormViewer
lumiya_decompiled_source/android/support/design/widget/AnimationUtils.java,java,OK,,not-checked,SecondLifeViewer|FirestormViewer
lumiya_decompiled_source/android/support/design/widget/AppBarLayout.java,java,OK,,not-checked,SecondLifeViewer|FirestormViewer
lumiya_decompiled_source/android/support/design/widget/BaseTransientBottomBar.java,java,OK,,not-checked,SecondLifeViewer|FirestormViewer
lumiya_decompiled_source/android/support/design/widget/BottomNavigationView.java,java,OK,,not-checked,SecondLifeViewer|FirestormViewer
lumiya_decompiled_source/android/support/design/widget/BottomSheetBehavior.java,java,OK,,not-checked,SecondLifeViewer|FirestormViewer
lumiya_decompiled_source/android/support/design/widget/BottomSheetDialog.java,java,OK,,not-checked,LibreMetaverse|SecondLifeViewer|FirestormViewer
lumiya_decompiled_source/android/support/design/widget/BottomSheetDialogFragment.java,java,OK,,not-checked,SecondLifeViewer|FirestormViewer
lumiya_decompiled_source/android/support/design/widget/CheckableImageButton.java,java,OK,,not-checked,SecondLifeViewer|FirestormViewer
lumiya_decompiled_source/android/support/design/widget/CircularBorderDrawable.java,java,OK,,not-checked,SecondLifeViewer|FirestormViewer
lumiya_decompiled_source/android/support/design/widget/CircularBorderDrawableLollipop.java,java,OK,,not-checked,SecondLifeViewer|FirestormViewer
lumiya_decompiled_source/android/support/design/widget/CollapsingTextHelper.java,java,OK,,not-checked,SecondLifeViewer|FirestormViewer
lumiya_decompiled_source/android/support/design/widget/CollapsingToolbarLayout.java,java,OK,,not-checked,SecondLifeViewer|FirestormViewer
lumiya_decompiled_source/android/support/design/widget/CoordinatorLayout.java,java,BROKEN,decompilation-stub|unsupported-operation,not-checked,LibreMetaverse|SecondLifeViewer|FirestormViewer
lumiya_decompiled_source/android/support/design/widget/DirectedAcyclicGraph.java,java,OK,,not-checked,SecondLifeViewer|FirestormViewer
lumiya_decompiled_source/android/support/design/widget/DrawableUtils.java,java,OK,,not-checked,SecondLifeViewer|FirestormViewer
lumiya_decompiled_source/android/support/design/widget/FloatingActionButton.java,java,OK,,not-checked,SecondLifeViewer|FirestormViewer
lumiya_decompiled_source/android/support/design/widget/FloatingActionButtonImpl.java,java,OK,,not-checked,SecondLifeViewer|FirestormViewer
lumiya_decompiled_source/android/support/design/widget/FloatingActionButtonLollipop.java,java,OK,,not-checked,SecondLifeViewer|FirestormViewer
lumiya_decompiled_source/android/support/design/widget/HeaderBehavior.java,java,BROKEN,decompilation-stub|unsupported-operation,not-checked,SecondLifeViewer|FirestormViewer
lumiya_decompiled_source/android/support/design/widget/HeaderScrollingViewBehavior.java,java,OK,,not-checked,SecondLifeViewer|FirestormViewer
lumiya_decompiled_source/android/support/design/widget/NavigationView.java,java,OK,,not-checked,SecondLifeViewer|FirestormViewer
lumiya_decompiled_source/android/support/design/widget/ShadowDrawableWrapper.java,java,OK,,not-checked,SecondLifeViewer|FirestormViewer
lumiya_decompiled_source/android/support/design/widget/ShadowViewDelegate.java,java,OK,,not-checked,SecondLifeViewer|FirestormViewer
lumiya_decompiled_source/android/support/design/widget/Snackbar.java,java,OK,,not-checked,SecondLifeViewer|FirestormViewer
lumiya_decompiled_source/android/support/design/widget/SnackbarManager.java,java,OK,,not-checked,SecondLifeViewer|FirestormViewer
lumiya_decompiled_source/android/support/design/widget/StateListAnimator.java,java,OK,,not-checked,SecondLifeViewer|FirestormViewer
lumiya_decompiled_source/android/support/design/widget/SwipeDismissBehavior.java,java,OK,,not-checked,SecondLifeViewer|FirestormViewer
lumiya_decompiled_source/android/support/design/widget/TabItem.java,java,OK,,not-checked,SecondLifeViewer|FirestormViewer
lumiya_decompiled_source/android/support/design/widget/TabLayout.java,java,OK,,not-checked,SecondLifeViewer|FirestormViewer
lumiya_decompiled_source/android/support/design/widget/TextInputEditText.java,java,OK,,not-checked,SecondLifeViewer|FirestormViewer
lumiya_decompiled_source/android/support/design/widget/TextInputLayout.java,java,OK,,not-checked,SecondLifeViewer|FirestormViewer
lumiya_decompiled_source/android/support/design/widget/ThemeUtils.java,java,OK,,not-checked,SecondLifeViewer|FirestormViewer
lumiya_decompiled_source/android/support/design/widget/ViewGroupUtils.java,java,OK,,not-checked,SecondLifeViewer|FirestormViewer
lumiya_decompiled_source/android/support/design/widget/ViewOffsetBehavior.java,java,OK,,not-checked,SecondLifeViewer|FirestormViewer
lumiya_decompiled_source/android/support/design/widget/ViewOffsetHelper.java,java,OK,,not-checked,SecondLifeViewer|FirestormViewer
lumiya_decompiled_source/android/support/design/widget/ViewUtils.java,java,OK,,not-checked,SecondLifeViewer|FirestormViewer
lumiya_decompiled_source/android/support/design/widget/ViewUtilsLollipop.java,java,OK,,not-checked,SecondLifeViewer|FirestormViewer
lumiya_decompiled_source/android/support/design/widget/VisibilityAwareImageButton.java,java,OK,,not-checked,SecondLifeViewer|FirestormViewer
lumiya_decompiled_source/android/support/fragment/BuildConfig.java,java,OK,,not-checked,SecondLifeViewer|FirestormViewer
lumiya_decompiled_source/android/support/fragment/BuildConfig.kt,kt,OK,,not-checked,SecondLifeViewer|FirestormViewer
lumiya_decompiled_source/android/support/fragment/R.java,java,OK,,not-checked,SecondLifeViewer|FirestormViewer
lumiya_decompiled_source/android/support/fragment/R.kt,kt,OK,,not-checked,SecondLifeViewer|FirestormViewer
lumiya_decompiled_source/android/support/graphics/drawable/AndroidResources.java,java,OK,,not-checked,SecondLifeViewer|FirestormViewer
lumiya_decompiled_source/android/support/graphics/drawable/Animatable2Compat.java,java,OK,,not-checked,SecondLifeViewer|FirestormViewer
lumiya_decompiled_source/android/support/graphics/drawable/AnimatedVectorDrawableCompat.java,java,OK,,not-checked,LibreMetaverse|SecondLifeViewer|FirestormViewer
lumiya_decompiled_source/android/support/graphics/drawable/AnimationUtilsCompat.java,java,BROKEN,decompilation-stub|unsupported-operation,not-checked,SecondLifeViewer|FirestormViewer
lumiya_decompiled_source/android/support/graphics/drawable/AnimatorInflaterCompat.java,java,OK,,not-checked,SecondLifeViewer|FirestormViewer
lumiya_decompiled_source/android/support/graphics/drawable/ArgbEvaluator.java,java,OK,,not-checked,SecondLifeViewer|FirestormViewer
lumiya_decompiled_source/android/support/graphics/drawable/BuildConfig.java,java,OK,,not-checked,SecondLifeViewer|FirestormViewer
lumiya_decompiled_source/android/support/graphics/drawable/BuildConfig.kt,kt,OK,,not-checked,SecondLifeViewer|FirestormViewer
lumiya_decompiled_source/android/support/graphics/drawable/PathInterpolatorCompat.java,java,OK,,not-checked,SecondLifeViewer|FirestormViewer
lumiya_decompiled_source/android/support/graphics/drawable/R.java,java,OK,,not-checked,SecondLifeViewer|FirestormViewer
lumiya_decompiled_source/android/support/graphics/drawable/R.kt,kt,OK,,not-checked,SecondLifeViewer|FirestormViewer
lumiya_decompiled_source/android/support/graphics/drawable/VectorDrawableCommon.java,java,OK,,not-checked,LibreMetaverse|SecondLifeViewer|FirestormViewer
lumiya_decompiled_source/android/support/graphics/drawable/VectorDrawableCompat.java,java,OK,,not-checked,LibreMetaverse|SecondLifeViewer|FirestormViewer
lumiya_decompiled_source/android/support/graphics/drawable/animated/BuildConfig.java,java,OK,,not-checked,SecondLifeViewer|FirestormViewer
lumiya_decompiled_source/android/support/graphics/drawable/animated/BuildConfig.kt,kt,OK,,not-checked,SecondLifeViewer|FirestormViewer
lumiya_decompiled_source/android/support/graphics/drawable/animated/R.java,java,OK,,not-checked,SecondLifeViewer|FirestormViewer
lumiya_decompiled_source/android/support/graphics/drawable/animated/R.kt,kt,OK,,not-checked,SecondLifeViewer|FirestormViewer
lumiya_decompiled_source/android/support/mediacompat/BuildConfig.java,java,OK,,not-checked,SecondLifeViewer|FirestormViewer
lumiya_decompiled_source/android/support/mediacompat/BuildConfig.kt,kt,OK,,not-checked,SecondLifeViewer|FirestormViewer
lumiya_decompiled_source/android/support/mediacompat/R.java,java,OK,,not-checked,SecondLifeViewer|FirestormViewer
lumiya_decompiled_source/android/support/mediacompat/R.kt,kt,OK,,not-checked,SecondLifeViewer|FirestormViewer
lumiya_decompiled_source/android/support/transition/AnimatorUtils.java,java,OK,,not-checked,SecondLifeViewer|FirestormViewer
lumiya_decompiled_source/android/support/transition/AnimatorUtilsApi14.java,java,OK,,not-checked,SecondLifeViewer|FirestormViewer
lumiya_decompiled_source/android/support/transition/AnimatorUtilsApi19.java,java,OK,,not-checked,SecondLifeViewer|FirestormViewer
lumiya_decompiled_source/android/support/transition/AnimatorUtilsImpl.java,java,OK,,not-checked,SecondLifeViewer|FirestormViewer
lumiya_decompiled_source/android/support/transition/ArcMotion.java,java,OK,,not-checked,SecondLifeViewer|FirestormViewer
lumiya_decompiled_source/android/support/transition/AutoTransition.java,java,OK,,not-checked,SecondLifeViewer|FirestormViewer
lumiya_decompiled_source/android/support/transition/BuildConfig.java,java,OK,,not-checked,SecondLifeViewer|FirestormViewer
lumiya_decompiled_source/android/support/transition/BuildConfig.kt,kt,OK,,not-checked,SecondLifeViewer|FirestormViewer
lumiya_decompiled_source/android/support/transition/ChangeBounds.java,java,OK,,not-checked,SecondLifeViewer|FirestormViewer
lumiya_decompiled_source/android/support/transition/ChangeClipBounds.java,java,OK,,not-checked,SecondLifeViewer|FirestormViewer
lumiya_decompiled_source/android/support/transition/ChangeImageTransform.java,java,OK,,not-checked,SecondLifeViewer|FirestormViewer
lumiya_decompiled_source/android/support/transition/ChangeScroll.java,java,OK,,not-checked,SecondLifeViewer|FirestormViewer
lumiya_decompiled_source/android/support/transition/ChangeTransform.java,java,OK,,not-checked,SecondLifeViewer|FirestormViewer
lumiya_decompiled_source/android/support/transition/CircularPropagation.java,java,OK,,not-checked,SecondLifeViewer|FirestormViewer
lumiya_decompiled_source/android/support/transition/Explode.java,java,OK,,not-checked,SecondLifeViewer|FirestormViewer
lumiya_decompiled_source/android/support/transition/Fade.java,java,OK,,not-checked,SecondLifeViewer|FirestormViewer
lumiya_decompiled_source/android/support/transition/FloatArrayEvaluator.java,java,OK,,not-checked,SecondLifeViewer|FirestormViewer
lumiya_decompiled_source/android/support/transition/GhostViewApi14.java,java,OK,,not-checked,SecondLifeViewer|FirestormViewer
lumiya_decompiled_source/android/support/transition/GhostViewApi21.java,java,OK,,not-checked,SecondLifeViewer|FirestormViewer
lumiya_decompiled_source/android/support/transition/GhostViewImpl.java,java,OK,,not-checked,SecondLifeViewer|FirestormViewer
lumiya_decompiled_source/android/support/transition/GhostViewUtils.java,java,OK,,not-checked,SecondLifeViewer|FirestormViewer
lumiya_decompiled_source/android/support/transition/ImageViewUtils.java,java,OK,,not-checked,SecondLifeViewer|FirestormViewer
lumiya_decompiled_source/android/support/transition/ImageViewUtilsApi14.java,java,OK,,not-checked,SecondLifeViewer|FirestormViewer
lumiya_decompiled_source/android/support/transition/ImageViewUtilsApi21.java,java,OK,,not-checked,SecondLifeViewer|FirestormViewer
lumiya_decompiled_source/android/support/transition/ImageViewUtilsImpl.java,java,OK,,not-checked,SecondLifeViewer|FirestormViewer
lumiya_decompiled_source/android/support/transition/MatrixUtils.java,java,OK,,not-checked,SecondLifeViewer|FirestormViewer
lumiya_decompiled_source/android/support/transition/ObjectAnimatorUtils.java,java,OK,,not-checked,SecondLifeViewer|FirestormViewer
lumiya_decompiled_source/android/support/transition/ObjectAnimatorUtilsApi14.java,java,OK,,not-checked,SecondLifeViewer|FirestormViewer
lumiya_decompiled_source/android/support/transition/ObjectAnimatorUtilsApi21.java,java,OK,,not-checked,SecondLifeViewer|FirestormViewer
lumiya_decompiled_source/android/support/transition/ObjectAnimatorUtilsImpl.java,java,OK,,not-checked,SecondLifeViewer|FirestormViewer
lumiya_decompiled_source/android/support/transition/PathMotion.java,java,OK,,not-checked,SecondLifeViewer|FirestormViewer
lumiya_decompiled_source/android/support/transition/PathProperty.java,java,OK,,not-checked,SecondLifeViewer|FirestormViewer
lumiya_decompiled_source/android/support/transition/PatternPathMotion.java,java,OK,,not-checked,SecondLifeViewer|FirestormViewer
lumiya_decompiled_source/android/support/transition/PropertyValuesHolderUtils.java,java,OK,,not-checked,SecondLifeViewer|FirestormViewer
lumiya_decompiled_source/android/support/transition/PropertyValuesHolderUtilsApi14.java,java,OK,,not-checked,SecondLifeViewer|FirestormViewer
lumiya_decompiled_source/android/support/transition/PropertyValuesHolderUtilsApi21.java,java,OK,,not-checked,SecondLifeViewer|FirestormViewer
lumiya_decompiled_source/android/support/transition/PropertyValuesHolderUtilsImpl.java,java,OK,,not-checked,SecondLifeViewer|FirestormViewer
lumiya_decompiled_source/android/support/transition/R.java,java,OK,,not-checked,SecondLifeViewer|FirestormViewer
lumiya_decompiled_source/android/support/transition/R.kt,kt,OK,,not-checked,SecondLifeViewer|FirestormViewer
lumiya_decompiled_source/android/support/transition/RectEvaluator.java,java,OK,,not-checked,SecondLifeViewer|FirestormViewer
lumiya_decompiled_source/android/support/transition/Scene.java,java,OK,,not-checked,SecondLifeViewer|FirestormViewer
lumiya_decompiled_source/android/support/transition/SidePropagation.java,java,OK,,not-checked,SecondLifeViewer|FirestormViewer
lumiya_decompiled_source/android/support/transition/Slide.java,java,OK,,not-checked,SecondLifeViewer|FirestormViewer
lumiya_decompiled_source/android/support/transition/Styleable.java,java,OK,,not-checked,SecondLifeViewer|FirestormViewer
lumiya_decompiled_source/android/support/transition/Transition.java,java,OK,,not-checked,SecondLifeViewer|FirestormViewer
lumiya_decompiled_source/android/support/transition/TransitionInflater.java,java,BROKEN,decompilation-stub|unsupported-operation,not-checked,SecondLifeViewer|FirestormViewer
lumiya_decompiled_source/android/support/transition/TransitionListenerAdapter.java,java,OK,,not-checked,SecondLifeViewer|FirestormViewer
lumiya_decompiled_source/android/support/transition/TransitionManager.java,java,OK,,not-checked,SecondLifeViewer|FirestormViewer
lumiya_decompiled_source/android/support/transition/TransitionPropagation.java,java,OK,,not-checked,SecondLifeViewer|FirestormViewer
lumiya_decompiled_source/android/support/transition/TransitionSet.java,java,OK,,not-checked,SecondLifeViewer|FirestormViewer
lumiya_decompiled_source/android/support/transition/TransitionUtils.java,java,OK,,not-checked,SecondLifeViewer|FirestormViewer
lumiya_decompiled_source/android/support/transition/TransitionValues.java,java,OK,,not-checked,SecondLifeViewer|FirestormViewer
lumiya_decompiled_source/android/support/transition/TransitionValuesMaps.java,java,OK,,not-checked,SecondLifeViewer|FirestormViewer
lumiya_decompiled_source/android/support/transition/TranslationAnimationCreator.java,java,OK,,not-checked,SecondLifeViewer|FirestormViewer
lumiya_decompiled_source/android/support/transition/ViewGroupOverlayApi14.java,java,OK,,not-checked,SecondLifeViewer|FirestormViewer
lumiya_decompiled_source/android/support/transition/ViewGroupOverlayApi18.java,java,OK,,not-checked,SecondLifeViewer|FirestormViewer
lumiya_decompiled_source/android/support/transition/ViewGroupOverlayImpl.java,java,OK,,not-checked,SecondLifeViewer|FirestormViewer
lumiya_decompiled_source/android/support/transition/ViewGroupUtils.java,java,OK,,not-checked,SecondLifeViewer|FirestormViewer
lumiya_decompiled_source/android/support/transition/ViewGroupUtilsApi14.java,java,OK,,not-checked,SecondLifeViewer|FirestormViewer
lumiya_decompiled_source/android/support/transition/ViewGroupUtilsApi18.java,java,OK,,not-checked,SecondLifeViewer|FirestormViewer
lumiya_decompiled_source/android/support/transition/ViewGroupUtilsImpl.java,java,OK,,not-checked,SecondLifeViewer|FirestormViewer
lumiya_decompiled_source/android/support/transition/ViewOverlayApi14.java,java,OK,,not-checked,SecondLifeViewer|FirestormViewer
lumiya_decompiled_source/android/support/transition/ViewOverlayApi18.java,java,OK,,not-checked,SecondLifeViewer|FirestormViewer
lumiya_decompiled_source/android/support/transition/ViewOverlayImpl.java,java,OK,,not-checked,SecondLifeViewer|FirestormViewer
lumiya_decompiled_source/android/support/transition/ViewUtils.java,java,OK,,not-checked,SecondLifeViewer|FirestormViewer
lumiya_decompiled_source/android/support/transition/ViewUtilsApi14.java,java,OK,,not-checked,SecondLifeViewer|FirestormViewer
lumiya_decompiled_source/android/support/transition/ViewUtilsApi18.java,java,OK,,not-checked,SecondLifeViewer|FirestormViewer
lumiya_decompiled_source/android/support/transition/ViewUtilsApi19.java,java,OK,,not-checked,SecondLifeViewer|FirestormViewer
lumiya_decompiled_source/android/support/transition/ViewUtilsApi21.java,java,OK,,not-checked,SecondLifeViewer|FirestormViewer
lumiya_decompiled_source/android/support/transition/ViewUtilsApi22.java,java,OK,,not-checked,SecondLifeViewer|FirestormViewer
lumiya_decompiled_source/android/support/transition/ViewUtilsImpl.java,java,OK,,not-checked,SecondLifeViewer|FirestormViewer
lumiya_decompiled_source/android/support/transition/Visibility.java,java,OK,,not-checked,SecondLifeViewer|FirestormViewer
lumiya_decompiled_source/android/support/transition/VisibilityPropagation.java,java,OK,,not-checked,SecondLifeViewer|FirestormViewer
lumiya_decompiled_source/android/support/transition/WindowIdApi14.java,java,OK,,not-checked,SecondLifeViewer|FirestormViewer
lumiya_decompiled_source/android/support/transition/WindowIdApi18.java,java,OK,,not-checked,SecondLifeViewer|FirestormViewer
lumiya_decompiled_source/android/support/transition/WindowIdImpl.java,java,OK,,not-checked,SecondLifeViewer|FirestormViewer
lumiya_decompiled_source/android/support/v14/preference/BuildConfig.java,java,OK,,not-checked,SecondLifeViewer|FirestormViewer
lumiya_decompiled_source/android/support/v14/preference/BuildConfig.kt,kt,OK,,not-checked,SecondLifeViewer|FirestormViewer
lumiya_decompiled_source/android/support/v14/preference/EditTextPreferenceDialogFragment.java,java,OK,,not-checked,SecondLifeViewer|FirestormViewer
lumiya_decompiled_source/android/support/v14/preference/ListPreferenceDialogFragment.java,java,OK,,not-checked,SecondLifeViewer|FirestormViewer
lumiya_decompiled_source/android/support/v14/preference/MultiSelectListPreference.java,java,OK,,not-checked,SecondLifeViewer|FirestormViewer
lumiya_decompiled_source/android/support/v14/preference/MultiSelectListPreferenceDialogFragment.java,java,OK,,not-checked,SecondLifeViewer|FirestormViewer
lumiya_decompiled_source/android/support/v14/preference/PreferenceDialogFragment.java,java,OK,,not-checked,SecondLifeViewer|FirestormViewer
lumiya_decompiled_source/android/support/v14/preference/PreferenceFragment.java,java,OK,,not-checked,SecondLifeViewer|FirestormViewer
lumiya_decompiled_source/android/support/v14/preference/R.kt,kt,OK,,not-checked,SecondLifeViewer|FirestormViewer
lumiya_decompiled_source/android/support/v14/preference/SwitchPreference.java,java,OK,,not-checked,SecondLifeViewer|FirestormViewer
lumiya_decompiled_source/android/support/v4/BuildConfig.java,java,OK,,not-checked,SecondLifeViewer|FirestormViewer
lumiya_decompiled_source/android/support/v4/BuildConfig.kt,kt,OK,,not-checked,SecondLifeViewer|FirestormViewer
lumiya_decompiled_source/android/support/v4/R.java,java,OK,,not-checked,SecondLifeViewer|FirestormViewer
lumiya_decompiled_source/android/support/v4/R.kt,kt,OK,,not-checked,SecondLifeViewer|FirestormViewer
lumiya_decompiled_source/android/support/v4/accessibilityservice/AccessibilityServiceInfoCompat.java,java,OK,,not-checked,LLSD|LibreMetaverse|SecondLifeViewer|FirestormViewer
lumiya_decompiled_source/android/support/v4/app/ActionBarDrawerToggle.java,java,OK,,not-checked,SecondLifeViewer|FirestormViewer
lumiya_decompiled_source/android/support/v4/app/ActivityCompat.java,java,OK,,not-checked,SecondLifeViewer|FirestormViewer
lumiya_decompiled_source/android/support/v4/app/ActivityManagerCompat.java,java,OK,,not-checked,SecondLifeViewer|FirestormViewer
lumiya_decompiled_source/android/support/v4/app/ActivityOptionsCompat.java,java,OK,,not-checked,SecondLifeViewer|FirestormViewer
lumiya_decompiled_source/android/support/v4/app/AlarmManagerCompat.java,java,OK,,not-checked,SecondLifeViewer|FirestormViewer
lumiya_decompiled_source/android/support/v4/app/AppLaunchChecker.java,java,OK,,not-checked,SecondLifeViewer|FirestormViewer
lumiya_decompiled_source/android/support/v4/app/AppOpsManagerCompat.java,java,OK,,not-checked,SecondLifeViewer|FirestormViewer
lumiya_decompiled_source/android/support/v4/app/BackStackRecord.java,java,OK,,not-checked,SecondLifeViewer|FirestormViewer
lumiya_decompiled_source/android/support/v4/app/BackStackState.java,java,OK,,not-checked,SecondLifeViewer|FirestormViewer
lumiya_decompiled_source/android/support/v4/app/BaseFragmentActivityApi14.java,java,OK,,not-checked,SecondLifeViewer|FirestormViewer
lumiya_decompiled_source/android/support/v4/app/BaseFragmentActivityApi16.java,java,OK,,not-checked,SecondLifeViewer|FirestormViewer
lumiya_decompiled_source/android/support/v4/app/BundleCompat.java,java,OK,,not-checked,SecondLifeViewer|FirestormViewer
lumiya_decompiled_source/android/support/v4/app/BundleUtil.java,java,OK,,not-checked,SecondLifeViewer|FirestormViewer
lumiya_decompiled_source/android/support/v4/app/DialogFragment.java,java,OK,,not-checked,SecondLifeViewer|FirestormViewer
lumiya_decompiled_source/android/support/v4/app/Fragment.java,java,OK,,not-checked,SecondLifeViewer|FirestormViewer
lumiya_decompiled_source/android/support/v4/app/FragmentActivity.java,java,OK,,not-checked,SecondLifeViewer|FirestormViewer
lumiya_decompiled_source/android/support/v4/app/FragmentContainer.java,java,OK,,not-checked,SecondLifeViewer|FirestormViewer
lumiya_decompiled_source/android/support/v4/app/FragmentController.java,java,OK,,not-checked,SecondLifeViewer|FirestormViewer
lumiya_decompiled_source/android/support/v4/app/FragmentHostCallback.java,java,OK,,not-checked,SecondLifeViewer|FirestormViewer
lumiya_decompiled_source/android/support/v4/app/FragmentManager.java,java,OK,,not-checked,SecondLifeViewer|FirestormViewer
lumiya_decompiled_source/android/support/v4/app/FragmentManagerImpl.java,java,OK,,not-checked,SecondLifeViewer|FirestormViewer
lumiya_decompiled_source/android/support/v4/app/FragmentManagerNonConfig.java,java,OK,,not-checked,SecondLifeViewer|FirestormViewer
lumiya_decompiled_source/android/support/v4/app/FragmentManagerState.java,java,OK,,not-checked,SecondLifeViewer|FirestormViewer
lumiya_decompiled_source/android/support/v4/app/FragmentPagerAdapter.java,java,OK,,not-checked,SecondLifeViewer|FirestormViewer
lumiya_decompiled_source/android/support/v4/app/FragmentState.java,java,OK,,not-checked,SecondLifeViewer|FirestormViewer
lumiya_decompiled_source/android/support/v4/app/FragmentStatePagerAdapter.java,java,OK,,not-checked,SecondLifeViewer|FirestormViewer
lumiya_decompiled_source/android/support/v4/app/FragmentTabHost.java,java,OK,,not-checked,SecondLifeViewer|FirestormViewer
lumiya_decompiled_source/android/support/v4/app/FragmentTransaction.java,java,OK,,not-checked,SecondLifeViewer|FirestormViewer
lumiya_decompiled_source/android/support/v4/app/FragmentTransition.java,java,OK,,not-checked,SecondLifeViewer|FirestormViewer
lumiya_decompiled_source/android/support/v4/app/FragmentTransitionCompat21.java,java,OK,,not-checked,SecondLifeViewer|FirestormViewer
lumiya_decompiled_source/android/support/v4/app/FrameMetricsAggregator.java,java,OK,,not-checked,SecondLifeViewer|FirestormViewer
lumiya_decompiled_source/android/support/v4/app/INotificationSideChannel.java,java,OK,,not-checked,SecondLifeViewer|FirestormViewer
lumiya_decompiled_source/android/support/v4/app/JobIntentService.java,java,OK,,not-checked,LibreMetaverse|SecondLifeViewer|FirestormViewer
lumiya_decompiled_source/android/support/v4/app/ListFragment.java,java,OK,,not-checked,SecondLifeViewer|FirestormViewer
lumiya_decompiled_source/android/support/v4/app/LoaderManager.java,java,OK,,not-checked,SecondLifeViewer|FirestormViewer
lumiya_decompiled_source/android/support/v4/app/LoaderManagerImpl.java,java,OK,,not-checked,SecondLifeViewer|FirestormViewer
lumiya_decompiled_source/android/support/v4/app/NavUtils.java,java,OK,,not-checked,LibreMetaverse|SecondLifeViewer|FirestormViewer
lumiya_decompiled_source/android/support/v4/app/NotificationBuilderWithActions.java,java,OK,,not-checked,SecondLifeViewer|FirestormViewer
lumiya_decompiled_source/android/support/v4/app/NotificationBuilderWithBuilderAccessor.java,java,OK,,not-checked,SecondLifeViewer|FirestormViewer
lumiya_decompiled_source/android/support/v4/app/NotificationCompat.java,java,OK,,not-checked,SecondLifeViewer|FirestormViewer
lumiya_decompiled_source/android/support/v4/app/NotificationCompatApi20.java,java,OK,,not-checked,SecondLifeViewer|FirestormViewer
lumiya_decompiled_source/android/support/v4/app/NotificationCompatApi21.java,java,OK,,not-checked,SecondLifeViewer|FirestormViewer
lumiya_decompiled_source/android/support/v4/app/NotificationCompatApi24.java,java,OK,,not-checked,SecondLifeViewer|FirestormViewer
lumiya_decompiled_source/android/support/v4/app/NotificationCompatApi26.java,java,OK,,not-checked,SecondLifeViewer|FirestormViewer
lumiya_decompiled_source/android/support/v4/app/NotificationCompatBase.java,java,OK,,not-checked,SecondLifeViewer|FirestormViewer
lumiya_decompiled_source/android/support/v4/app/NotificationCompatExtras.java,java,OK,,not-checked,SecondLifeViewer|FirestormViewer
lumiya_decompiled_source/android/support/v4/app/NotificationCompatJellybean.java,java,OK,,not-checked,SecondLifeViewer|FirestormViewer
lumiya_decompiled_source/android/support/v4/app/NotificationCompatKitKat.java,java,OK,,not-checked,SecondLifeViewer|FirestormViewer
lumiya_decompiled_source/android/support/v4/app/NotificationCompatSideChannelService.java,java,OK,,not-checked,SecondLifeViewer|FirestormViewer
lumiya_decompiled_source/android/support/v4/app/NotificationManagerCompat.java,java,OK,,not-checked,SecondLifeViewer|FirestormViewer
lumiya_decompiled_source/android/support/v4/app/OneShotPreDrawListener.java,java,OK,,not-checked,SecondLifeViewer|FirestormViewer
lumiya_decompiled_source/android/support/v4/app/RemoteInput.java,java,OK,,not-checked,SecondLifeViewer|FirestormViewer
lumiya_decompiled_source/android/support/v4/app/RemoteInputCompatApi20.java,java,OK,,not-checked,SecondLifeViewer|FirestormViewer
lumiya_decompiled_source/android/support/v4/app/RemoteInputCompatBase.java,java,OK,,not-checked,SecondLifeViewer|FirestormViewer
lumiya_decompiled_source/android/support/v4/app/RemoteInputCompatJellybean.java,java,OK,,not-checked,SecondLifeViewer|FirestormViewer
lumiya_decompiled_source/android/support/v4/app/ServiceCompat.java,java,OK,,not-checked,SecondLifeViewer|FirestormViewer
lumiya_decompiled_source/android/support/v4/app/ShareCompat.java,java,OK,,not-checked,SecondLifeViewer|FirestormViewer
lumiya_decompiled_source/android/support/v4/app/SharedElementCallback.java,java,OK,,not-checked,SecondLifeViewer|FirestormViewer
lumiya_decompiled_source/android/support/v4/app/SuperNotCalledException.java,java,OK,,not-checked,SecondLifeViewer|FirestormViewer
lumiya_decompiled_source/android/support/v4/app/SupportActivity.java,java,OK,,not-checked,SecondLifeViewer|FirestormViewer
lumiya_decompiled_source/android/support/v4/app/TaskStackBuilder.java,java,OK,,not-checked,SecondLifeViewer|FirestormViewer
lumiya_decompiled_source/android/support/v4/content/AsyncTaskLoader.java,java,OK,,not-checked,SecondLifeViewer|FirestormViewer
lumiya_decompiled_source/android/support/v4/content/ContentResolverCompat.java,java,OK,,not-checked,SecondLifeViewer|FirestormViewer
lumiya_decompiled_source/android/support/v4/content/ContextCompat.java,java,OK,,not-checked,SecondLifeViewer|FirestormViewer
lumiya_decompiled_source/android/support/v4/content/CursorLoader.java,java,OK,,not-checked,SecondLifeViewer|FirestormViewer
lumiya_decompiled_source/android/support/v4/content/FileProvider.java,java,FIXED,unsupported-operation,not-checked,SecondLifeViewer|FirestormViewer
lumiya_decompiled_source/android/support/v4/content/IntentCompat.java,java,OK,,not-checked,SecondLifeViewer|FirestormViewer
lumiya_decompiled_source/android/support/v4/content/Loader.java,java,OK,,not-checked,SecondLifeViewer|FirestormViewer
lumiya_decompiled_source/android/support/v4/content/LocalBroadcastManager.java,java,OK,,not-checked,SecondLifeViewer|FirestormViewer
lumiya_decompiled_source/android/support/v4/content/MimeTypeFilter.java,java,OK,,not-checked,SecondLifeViewer|FirestormViewer
lumiya_decompiled_source/android/support/v4/content/ModernAsyncTask.java,java,OK,,not-checked,SecondLifeViewer|FirestormViewer
lumiya_decompiled_source/android/support/v4/content/ParallelExecutorCompat.java,java,OK,,not-checked,SecondLifeViewer|FirestormViewer
lumiya_decompiled_source/android/support/v4/content/PermissionChecker.java,java,OK,,not-checked,SecondLifeViewer|FirestormViewer
lumiya_decompiled_source/android/support/v4/content/SharedPreferencesCompat.java,java,OK,,not-checked,SecondLifeViewer|FirestormViewer
lumiya_decompiled_source/android/support/v4/content/WakefulBroadcastReceiver.java,java,OK,,not-checked,LibreMetaverse|SecondLifeViewer|FirestormViewer
lumiya_decompiled_source/android/support/v4/content/pm/ActivityInfoCompat.java,java,OK,,not-checked,SecondLifeViewer|FirestormViewer
lumiya_decompiled_source/android/support/v4/content/pm/ShortcutInfoCompat.java,java,OK,,not-checked,SecondLifeViewer|FirestormViewer
lumiya_decompiled_source/android/support/v4/content/pm/ShortcutManagerCompat.java,java,BROKEN,decompilation-stub|unsupported-operation,not-checked,LibreMetaverse|SecondLifeViewer|FirestormViewer
lumiya_decompiled_source/android/support/v4/content/res/ConfigurationHelper.java,java,OK,,not-checked,SecondLifeViewer|FirestormViewer
lumiya_decompiled_source/android/support/v4/content/res/FontResourcesParserCompat.java,java,OK,,not-checked,SecondLifeViewer|FirestormViewer
lumiya_decompiled_source/android/support/v4/content/res/ResourcesCompat.java,java,OK,,not-checked,SecondLifeViewer|FirestormViewer
lumiya_decompiled_source/android/support/v4/content/res/TypedArrayUtils.java,java,OK,,not-checked,SecondLifeViewer|FirestormViewer
lumiya_decompiled_source/android/support/v4/database/DatabaseUtilsCompat.java,java,OK,,not-checked,SecondLifeViewer|FirestormViewer
lumiya_decompiled_source/android/support/v4/graphics/BitmapCompat.java,java,OK,,not-checked,SecondLifeViewer|FirestormViewer
lumiya_decompiled_source/android/support/v4/graphics/ColorUtils.java,java,OK,,not-checked,SecondLifeViewer|FirestormViewer
lumiya_decompiled_source/android/support/v4/graphics/PaintCompat.java,java,OK,,not-checked,SecondLifeViewer|FirestormViewer
lumiya_decompiled_source/android/support/v4/graphics/PaintCompatApi14.java,java,OK,,not-checked,SecondLifeViewer|FirestormViewer
lumiya_decompiled_source/android/support/v4/graphics/PathParser.java,java,OK,,not-checked,SecondLifeViewer|FirestormViewer
lumiya_decompiled_source/android/support/v4/graphics/TypefaceCompat.java,java,OK,,not-checked,SecondLifeViewer|FirestormViewer
lumiya_decompiled_source/android/support/v4/graphics/TypefaceCompatApi21Impl.java,java,BROKEN,decompilation-stub|unsupported-operation,not-checked,SecondLifeViewer|FirestormViewer
lumiya_decompiled_source/android/support/v4/graphics/TypefaceCompatApi24Impl.java,java,OK,,not-checked,SecondLifeViewer|FirestormViewer
lumiya_decompiled_source/android/support/v4/graphics/TypefaceCompatApi26Impl.java,java,OK,,not-checked,SecondLifeViewer|FirestormViewer
lumiya_decompiled_source/android/support/v4/graphics/TypefaceCompatBaseImpl.java,java,OK,,not-checked,SecondLifeViewer|FirestormViewer
lumiya_decompiled_source/android/support/v4/graphics/TypefaceCompatUtil.java,java,BROKEN,decompilation-stub|unsupported-operation,not-checked,SecondLifeViewer|FirestormViewer
lumiya_decompiled_source/android/support/v4/graphics/drawable/DrawableCompat.java,java,OK,,not-checked,SecondLifeViewer|FirestormViewer
lumiya_decompiled_source/android/support/v4/graphics/drawable/DrawableWrapper.java,java,OK,,not-checked,SecondLifeViewer|FirestormViewer
lumiya_decompiled_source/android/support/v4/graphics/drawable/DrawableWrapperApi14.java,java,OK,,not-checked,LibreMetaverse|SecondLifeViewer|FirestormViewer
lumiya_decompiled_source/android/support/v4/graphics/drawable/DrawableWrapperApi19.java,java,OK,,not-checked,SecondLifeViewer|FirestormViewer
lumiya_decompiled_source/android/support/v4/graphics/drawable/DrawableWrapperApi21.java,java,OK,,not-checked,SecondLifeViewer|FirestormViewer
lumiya_decompiled_source/android/support/v4/graphics/drawable/IconCompat.java,java,OK,,not-checked,SecondLifeViewer|FirestormViewer
lumiya_decompiled_source/android/support/v4/graphics/drawable/RoundedBitmapDrawable.java,java,FIXED,unsupported-operation,not-checked,SecondLifeViewer|FirestormViewer
lumiya_decompiled_source/android/support/v4/graphics/drawable/RoundedBitmapDrawable21.java,java,OK,,not-checked,SecondLifeViewer|FirestormViewer
lumiya_decompiled_source/android/support/v4/graphics/drawable/RoundedBitmapDrawableFactory.java,java,OK,,not-checked,SecondLifeViewer|FirestormViewer
lumiya_decompiled_source/android/support/v4/graphics/drawable/TintAwareDrawable.java,java,OK,,not-checked,SecondLifeViewer|FirestormViewer
lumiya_decompiled_source/android/support/v4/hardware/display/DisplayManagerCompat.java,java,OK,,not-checked,SecondLifeViewer|FirestormViewer
lumiya_decompiled_source/android/support/v4/hardware/fingerprint/FingerprintManagerCompat.java,java,OK,,not-checked,SecondLifeViewer|FirestormViewer
lumiya_decompiled_source/android/support/v4/hardware/fingerprint/FingerprintManagerCompatApi23.java,java,OK,,not-checked,SecondLifeViewer|FirestormViewer
lumiya_decompiled_source/android/support/v4/internal/view/SupportMenu.java,java,OK,,not-checked,SecondLifeViewer|FirestormViewer
lumiya_decompiled_source/android/support/v4/internal/view/SupportMenuItem.java,java,OK,,not-checked,SecondLifeViewer|FirestormViewer
lumiya_decompiled_source/android/support/v4/internal/view/SupportSubMenu.java,java,OK,,not-checked,SecondLifeViewer|FirestormViewer
lumiya_decompiled_source/android/support/v4/math/MathUtils.java,java,OK,,not-checked,SecondLifeViewer|FirestormViewer
lumiya_decompiled_source/android/support/v4/media/AudioAttributesCompat.java,java,OK,,not-checked,SecondLifeViewer|FirestormViewer
lumiya_decompiled_source/android/support/v4/media/AudioAttributesCompatApi21.java,java,OK,,not-checked,SecondLifeViewer|FirestormViewer
lumiya_decompiled_source/android/support/v4/media/MediaBrowserCompat.java,java,OK,,not-checked,SecondLifeViewer|FirestormViewer
lumiya_decompiled_source/android/support/v4/media/MediaBrowserCompatApi21.java,java,OK,,not-checked,SecondLifeViewer|FirestormViewer
lumiya_decompiled_source/android/support/v4/media/MediaBrowserCompatApi23.java,java,OK,,not-checked,SecondLifeViewer|FirestormViewer
lumiya_decompiled_source/android/support/v4/media/MediaBrowserCompatApi24.java,java,OK,,not-checked,SecondLifeViewer|FirestormViewer
lumiya_decompiled_source/android/support/v4/media/MediaBrowserCompatUtils.java,java,OK,,not-checked,SecondLifeViewer|FirestormViewer
lumiya_decompiled_source/android/support/v4/media/MediaBrowserProtocol.java,java,OK,,not-checked,SecondLifeViewer|FirestormViewer
lumiya_decompiled_source/android/support/v4/media/MediaBrowserServiceCompat.java,java,FIXED,unsupported-operation,not-checked,SecondLifeViewer|FirestormViewer
lumiya_decompiled_source/android/support/v4/media/MediaBrowserServiceCompatApi21.java,java,OK,,not-checked,SecondLifeViewer|FirestormViewer
lumiya_decompiled_source/android/support/v4/media/MediaBrowserServiceCompatApi23.java,java,OK,,not-checked,SecondLifeViewer|FirestormViewer
lumiya_decompiled_source/android/support/v4/media/MediaBrowserServiceCompatApi24.java,java,OK,,not-checked,SecondLifeViewer|FirestormViewer
lumiya_decompiled_source/android/support/v4/media/MediaDescriptionCompat.java,java,OK,,not-checked,SecondLifeViewer|FirestormViewer
lumiya_decompiled_source/android/support/v4/media/MediaDescriptionCompatApi21.java,java,OK,,not-checked,SecondLifeViewer|FirestormViewer
lumiya_decompiled_source/android/support/v4/media/MediaDescriptionCompatApi23.java,java,OK,,not-checked,SecondLifeViewer|FirestormViewer
lumiya_decompiled_source/android/support/v4/media/MediaMetadataCompat.java,java,OK,,not-checked,SecondLifeViewer|FirestormViewer
lumiya_decompiled_source/android/support/v4/media/MediaMetadataCompatApi21.java,java,OK,,not-checked,SecondLifeViewer|FirestormViewer
lumiya_decompiled_source/android/support/v4/media/ParceledListSliceAdapterApi21.java,java,OK,,not-checked,SecondLifeViewer|FirestormViewer
lumiya_decompiled_source/android/support/v4/media/RatingCompat.java,java,OK,,not-checked,SecondLifeViewer|FirestormViewer
lumiya_decompiled_source/android/support/v4/media/RatingCompatKitkat.java,java,OK,,not-checked,SecondLifeViewer|FirestormViewer
lumiya_decompiled_source/android/support/v4/media/VolumeProviderCompat.java,java,OK,,not-checked,SecondLifeViewer|FirestormViewer
lumiya_decompiled_source/android/support/v4/media/VolumeProviderCompatApi21.java,java,OK,,not-checked,SecondLifeViewer|FirestormViewer
lumiya_decompiled_source/android/support/v4/media/app/NotificationCompat.java,java,OK,,not-checked,SecondLifeViewer|FirestormViewer
lumiya_decompiled_source/android/support/v4/media/session/IMediaControllerCallback.java,java,OK,,not-checked,SecondLifeViewer|FirestormViewer
lumiya_decompiled_source/android/support/v4/media/session/IMediaSession.java,java,OK,,not-checked,SecondLifeViewer|FirestormViewer
lumiya_decompiled_source/android/support/v4/media/session/MediaButtonReceiver.java,java,OK,,not-checked,SecondLifeViewer|FirestormViewer
lumiya_decompiled_source/android/support/v4/media/session/MediaControllerCompat.java,java,FIXED,unsupported-operation,not-checked,SecondLifeViewer|FirestormViewer
lumiya_decompiled_source/android/support/v4/media/session/MediaControllerCompatApi21.java,java,OK,,not-checked,SecondLifeViewer|FirestormViewer
lumiya_decompiled_source/android/support/v4/media/session/MediaControllerCompatApi23.java,java,OK,,not-checked,SecondLifeViewer|FirestormViewer
lumiya_decompiled_source/android/support/v4/media/session/MediaControllerCompatApi24.java,java,OK,,not-checked,SecondLifeViewer|FirestormViewer
lumiya_decompiled_source/android/support/v4/media/session/MediaSessionCompat.java,java,BROKEN,decompilation-stub|unsupported-operation,not-checked,SecondLifeViewer|FirestormViewer
lumiya_decompiled_source/android/support/v4/media/session/MediaSessionCompatApi21.java,java,OK,,not-checked,SecondLifeViewer|FirestormViewer
lumiya_decompiled_source/android/support/v4/media/session/MediaSessionCompatApi22.java,java,OK,,not-checked,SecondLifeViewer|FirestormViewer
lumiya_decompiled_source/android/support/v4/media/session/MediaSessionCompatApi23.java,java,OK,,not-checked,SecondLifeViewer|FirestormViewer
lumiya_decompiled_source/android/support/v4/media/session/MediaSessionCompatApi24.java,java,OK,,not-checked,SecondLifeViewer|FirestormViewer
lumiya_decompiled_source/android/support/v4/media/session/ParcelableVolumeInfo.java,java,OK,,not-checked,SecondLifeViewer|FirestormViewer
lumiya_decompiled_source/android/support/v4/media/session/PlaybackStateCompat.java,java,OK,,not-checked,LibreMetaverse|SecondLifeViewer|FirestormViewer
lumiya_decompiled_source/android/support/v4/media/session/PlaybackStateCompatApi21.java,java,OK,,not-checked,SecondLifeViewer|FirestormViewer
lumiya_decompiled_source/android/support/v4/media/session/PlaybackStateCompatApi22.java,java,OK,,not-checked,SecondLifeViewer|FirestormViewer
lumiya_decompiled_source/android/support/v4/net/ConnectivityManagerCompat.java,java,OK,,not-checked,SecondLifeViewer|FirestormViewer
lumiya_decompiled_source/android/support/v4/net/DatagramSocketWrapper.java,java,FIXED,unsupported-operation,not-checked,SecondLifeViewer|FirestormViewer
lumiya_decompiled_source/android/support/v4/net/TrafficStatsCompat.java,java,OK,,not-checked,SecondLifeViewer|FirestormViewer
lumiya_decompiled_source/android/support/v4/os/AsyncTaskCompat.java,java,OK,,not-checked,SecondLifeViewer|FirestormViewer
lumiya_decompiled_source/android/support/v4/os/BuildCompat.java,java,OK,,not-checked,SecondLifeViewer|FirestormViewer
lumiya_decompiled_source/android/support/v4/os/CancellationSignal.java,java,OK,,not-checked,SecondLifeViewer|FirestormViewer
lumiya_decompiled_source/android/support/v4/os/ConfigurationCompat.java,java,OK,,not-checked,SecondLifeViewer|FirestormViewer
lumiya_decompiled_source/android/support/v4/os/EnvironmentCompat.java,java,OK,,not-checked,SecondLifeViewer|FirestormViewer
lumiya_decompiled_source/android/support/v4/os/IResultReceiver.java,java,OK,,not-checked,SecondLifeViewer|FirestormViewer
lumiya_decompiled_source/android/support/v4/os/LocaleHelper.java,java,OK,,not-checked,SecondLifeViewer|FirestormViewer
lumiya_decompiled_source/android/support/v4/os/LocaleListCompat.java,java,OK,,not-checked,SecondLifeViewer|FirestormViewer
lumiya_decompiled_source/android/support/v4/os/LocaleListHelper.java,java,OK,,not-checked,SecondLifeViewer|FirestormViewer
lumiya_decompiled_source/android/support/v4/os/LocaleListInterface.java,java,OK,,not-checked,SecondLifeViewer|FirestormViewer
lumiya_decompiled_source/android/support/v4/os/OperationCanceledException.java,java,OK,,not-checked,SecondLifeViewer|FirestormViewer
lumiya_decompiled_source/android/support/v4/os/ParcelableCompat.java,java,OK,,not-checked,SecondLifeViewer|FirestormViewer
lumiya_decompiled_source/android/support/v4/os/ParcelableCompatCreatorCallbacks.java,java,OK,,not-checked,SecondLifeViewer|FirestormViewer
lumiya_decompiled_source/android/support/v4/os/ResultReceiver.java,java,OK,,not-checked,SecondLifeViewer|FirestormViewer
lumiya_decompiled_source/android/support/v4/os/TraceCompat.java,java,OK,,not-checked,SecondLifeViewer|FirestormViewer
lumiya_decompiled_source/android/support/v4/os/UserManagerCompat.java,java,OK,,not-checked,SecondLifeViewer|FirestormViewer
lumiya_decompiled_source/android/support/v4/print/PrintHelper.java,java,OK,,not-checked,SecondLifeViewer|FirestormViewer
lumiya_decompiled_source/android/support/v4/provider/DocumentFile.java,java,OK,,not-checked,SecondLifeViewer|FirestormViewer
lumiya_decompiled_source/android/support/v4/provider/DocumentsContractApi19.java,java,OK,,not-checked,SecondLifeViewer|FirestormViewer
lumiya_decompiled_source/android/support/v4/provider/DocumentsContractApi21.java,java,OK,,not-checked,SecondLifeViewer|FirestormViewer
lumiya_decompiled_source/android/support/v4/provider/FontRequest.java,java,OK,,not-checked,SecondLifeViewer|FirestormViewer
lumiya_decompiled_source/android/support/v4/provider/FontsContractCompat.java,java,BROKEN,decompilation-stub|unsupported-operation,not-checked,SecondLifeViewer|FirestormViewer
lumiya_decompiled_source/android/support/v4/provider/RawDocumentFile.java,java,OK,,not-checked,SecondLifeViewer|FirestormViewer
lumiya_decompiled_source/android/support/v4/provider/SelfDestructiveThread.java,java,OK,,not-checked,SecondLifeViewer|FirestormViewer
lumiya_decompiled_source/android/support/v4/provider/SingleDocumentFile.java,java,FIXED,unsupported-operation,not-checked,SecondLifeViewer|FirestormViewer
lumiya_decompiled_source/android/support/v4/provider/TreeDocumentFile.java,java,OK,,not-checked,SecondLifeViewer|FirestormViewer
lumiya_decompiled_source/android/support/v4/text/BidiFormatter.java,java,OK,,not-checked,SecondLifeViewer|FirestormViewer
lumiya_decompiled_source/android/support/v4/text/ICUCompat.java,java,OK,,not-checked,SecondLifeViewer|FirestormViewer
lumiya_decompiled_source/android/support/v4/text/ICUCompatApi21.java,java,OK,,not-checked,SecondLifeViewer|FirestormViewer
lumiya_decompiled_source/android/support/v4/text/ICUCompatIcs.java,java,OK,,not-checked,SecondLifeViewer|FirestormViewer
lumiya_decompiled_source/android/support/v4/text/TextDirectionHeuristicCompat.java,java,OK,,not-checked,SecondLifeViewer|FirestormViewer
lumiya_decompiled_source/android/support/v4/text/TextDirectionHeuristicsCompat.java,java,OK,,not-checked,SecondLifeViewer|FirestormViewer
lumiya_decompiled_source/android/support/v4/text/TextUtilsCompat.java,java,OK,,not-checked,SecondLifeViewer|FirestormViewer
lumiya_decompiled_source/android/support/v4/text/util/LinkifyCompat.java,java,FIXED,unsupported-operation,not-checked,SecondLifeViewer|FirestormViewer
lumiya_decompiled_source/android/support/v4/util/ArrayMap.java,java,OK,,not-checked,SecondLifeViewer|FirestormViewer
lumiya_decompiled_source/android/support/v4/util/ArraySet.java,java,FIXED,unsupported-operation,not-checked,SecondLifeViewer|FirestormViewer
lumiya_decompiled_source/android/support/v4/util/AtomicFile.java,java,OK,,not-checked,SecondLifeViewer|FirestormViewer
lumiya_decompiled_source/android/support/v4/util/CircularArray.java,java,OK,,not-checked,SecondLifeViewer|FirestormViewer
lumiya_decompiled_source/android/support/v4/util/CircularIntArray.java,java,OK,,not-checked,SecondLifeViewer|FirestormViewer
lumiya_decompiled_source/android/support/v4/util/ContainerHelpers.java,java,OK,,not-checked,SecondLifeViewer|FirestormViewer
lumiya_decompiled_source/android/support/v4/util/DebugUtils.java,java,OK,,not-checked,SecondLifeViewer|FirestormViewer
lumiya_decompiled_source/android/support/v4/util/LogWriter.java,java,OK,,not-checked,SecondLifeViewer|FirestormViewer
lumiya_decompiled_source/android/support/v4/util/LongSparseArray.java,java,OK,,not-checked,SecondLifeViewer|FirestormViewer
lumiya_decompiled_source/android/support/v4/util/LruCache.java,java,BROKEN,decompilation-stub|unsupported-operation,not-checked,SecondLifeViewer|FirestormViewer
lumiya_decompiled_source/android/support/v4/util/MapCollections.java,java,FIXED,unsupported-operation,not-checked,SecondLifeViewer|FirestormViewer
lumiya_decompiled_source/android/support/v4/util/ObjectsCompat.java,java,OK,,not-checked,SecondLifeViewer|FirestormViewer
lumiya_decompiled_source/android/support/v4/util/Pair.java,java,OK,,not-checked,SecondLifeViewer|FirestormViewer
lumiya_decompiled_source/android/support/v4/util/PatternsCompat.java,java,OK,,not-checked,SecondLifeViewer|FirestormViewer
lumiya_decompiled_source/android/support/v4/util/Pools.java,java,OK,,not-checked,SecondLifeViewer|FirestormViewer
lumiya_decompiled_source/android/support/v4/util/Preconditions.java,java,OK,,not-checked,SecondLifeViewer|FirestormViewer
lumiya_decompiled_source/android/support/v4/util/SimpleArrayMap.java,java,OK,,not-checked,SecondLifeViewer|FirestormViewer
lumiya_decompiled_source/android/support/v4/util/SparseArrayCompat.java,java,OK,,not-checked,SecondLifeViewer|FirestormViewer
lumiya_decompiled_source/android/support/v4/util/TimeUtils.java,java,OK,,not-checked,SecondLifeViewer|FirestormViewer
lumiya_decompiled_source/android/support/v4/view/AbsSavedState.java,java,OK,,not-checked,SecondLifeViewer|FirestormViewer
lumiya_decompiled_source/android/support/v4/view/AccessibilityDelegateCompat.java,java,OK,,not-checked,SecondLifeViewer|FirestormViewer
lumiya_decompiled_source/android/support/v4/view/ActionProvider.java,java,OK,,not-checked,SecondLifeViewer|FirestormViewer
lumiya_decompiled_source/android/support/v4/view/AsyncLayoutInflater.java,java,OK,,not-checked,SecondLifeViewer|FirestormViewer
lumiya_decompiled_source/android/support/v4/view/GestureDetectorCompat.java,java,OK,,not-checked,LibreMetaverse|SecondLifeViewer|FirestormViewer
lumiya_decompiled_source/android/support/v4/view/GravityCompat.java,java,OK,,not-checked,SecondLifeViewer|FirestormViewer
lumiya_decompiled_source/android/support/v4/view/InputDeviceCompat.java,java,OK,,not-checked,SecondLifeViewer|FirestormViewer
lumiya_decompiled_source/android/support/v4/view/KeyEventCompat.java,java,OK,,not-checked,SecondLifeViewer|FirestormViewer
lumiya_decompiled_source/android/support/v4/view/LayoutInflaterCompat.java,java,OK,,not-checked,SecondLifeViewer|FirestormViewer
lumiya_decompiled_source/android/support/v4/view/LayoutInflaterFactory.java,java,OK,,not-checked,SecondLifeViewer|FirestormViewer
lumiya_decompiled_source/android/support/v4/view/MarginLayoutParamsCompat.java,java,OK,,not-checked,SecondLifeViewer|FirestormViewer
lumiya_decompiled_source/android/support/v4/view/MenuCompat.java,java,OK,,not-checked,SecondLifeViewer|FirestormViewer
lumiya_decompiled_source/android/support/v4/view/MenuItemCompat.java,java,OK,,not-checked,SecondLifeViewer|FirestormViewer
lumiya_decompiled_source/android/support/v4/view/MotionEventCompat.java,java,OK,,not-checked,SecondLifeViewer|FirestormViewer
lumiya_decompiled_source/android/support/v4/view/NestedScrollingChild.java,java,OK,,not-checked,SecondLifeViewer|FirestormViewer
lumiya_decompiled_source/android/support/v4/view/NestedScrollingChild2.java,java,OK,,not-checked,SecondLifeViewer|FirestormViewer
lumiya_decompiled_source/android/support/v4/view/NestedScrollingChildHelper.java,java,OK,,not-checked,SecondLifeViewer|FirestormViewer
lumiya_decompiled_source/android/support/v4/view/NestedScrollingParent.java,java,OK,,not-checked,SecondLifeViewer|FirestormViewer
lumiya_decompiled_source/android/support/v4/view/NestedScrollingParent2.java,java,OK,,not-checked,SecondLifeViewer|FirestormViewer
lumiya_decompiled_source/android/support/v4/view/NestedScrollingParentHelper.java,java,OK,,not-checked,SecondLifeViewer|FirestormViewer
lumiya_decompiled_source/android/support/v4/view/OnApplyWindowInsetsListener.java,java,OK,,not-checked,SecondLifeViewer|FirestormViewer
lumiya_decompiled_source/android/support/v4/view/PagerAdapter.java,java,FIXED,unsupported-operation,not-checked,SecondLifeViewer|FirestormViewer
lumiya_decompiled_source/android/support/v4/view/PagerTabStrip.java,java,OK,,not-checked,SecondLifeViewer|FirestormViewer
lumiya_decompiled_source/android/support/v4/view/PagerTitleStrip.java,java,OK,,not-checked,LLSD|LibreMetaverse|SecondLifeViewer|FirestormViewer
lumiya_decompiled_source/android/support/v4/view/PointerIconCompat.java,java,OK,,not-checked,SecondLifeViewer|FirestormViewer
lumiya_decompiled_source/android/support/v4/view/ScaleGestureDetectorCompat.java,java,OK,,not-checked,SecondLifeViewer|FirestormViewer
lumiya_decompiled_source/android/support/v4/view/ScrollingView.java,java,OK,,not-checked,SecondLifeViewer|FirestormViewer
lumiya_decompiled_source/android/support/v4/view/TintableBackgroundView.java,java,OK,,not-checked,SecondLifeViewer|FirestormViewer
lumiya_decompiled_source/android/support/v4/view/VelocityTrackerCompat.java,java,OK,,not-checked,SecondLifeViewer|FirestormViewer
lumiya_decompiled_source/android/support/v4/view/ViewCompat.java,java,OK,,not-checked,LibreMetaverse|SecondLifeViewer|FirestormViewer
lumiya_decompiled_source/android/support/v4/view/ViewConfigurationCompat.java,java,OK,,not-checked,SecondLifeViewer|FirestormViewer
lumiya_decompiled_source/android/support/v4/view/ViewGroupCompat.java,java,OK,,not-checked,SecondLifeViewer|FirestormViewer
lumiya_decompiled_source/android/support/v4/view/ViewPager.java,java,BROKEN,decompilation-stub|unsupported-operation,not-checked,SecondLifeViewer|FirestormViewer
lumiya_decompiled_source/android/support/v4/view/ViewParentCompat.java,java,OK,,not-checked,SecondLifeViewer|FirestormViewer
lumiya_decompiled_source/android/support/v4/view/ViewPropertyAnimatorCompat.java,java,OK,,not-checked,SecondLifeViewer|FirestormViewer
lumiya_decompiled_source/android/support/v4/view/ViewPropertyAnimatorListener.java,java,OK,,not-checked,SecondLifeViewer|FirestormViewer
lumiya_decompiled_source/android/support/v4/view/ViewPropertyAnimatorListenerAdapter.java,java,OK,,not-checked,SecondLifeViewer|FirestormViewer
lumiya_decompiled_source/android/support/v4/view/ViewPropertyAnimatorUpdateListener.java,java,OK,,not-checked,SecondLifeViewer|FirestormViewer
lumiya_decompiled_source/android/support/v4/view/WindowCompat.java,java,OK,,not-checked,SecondLifeViewer|FirestormViewer
lumiya_decompiled_source/android/support/v4/view/WindowInsetsCompat.java,java,OK,,not-checked,SecondLifeViewer|FirestormViewer
lumiya_decompiled_source/android/support/v4/view/accessibility/AccessibilityEventCompat.java,java,OK,,not-checked,SecondLifeViewer|FirestormViewer
lumiya_decompiled_source/android/support/v4/view/accessibility/AccessibilityManagerCompat.java,java,OK,,not-checked,SecondLifeViewer|FirestormViewer
lumiya_decompiled_source/android/support/v4/view/accessibility/AccessibilityNodeInfoCompat.java,java,OK,,not-checked,SecondLifeViewer|FirestormViewer
lumiya_decompiled_source/android/support/v4/view/accessibility/AccessibilityNodeInfoCompatKitKat.java,java,OK,,not-checked,SecondLifeViewer|FirestormViewer
lumiya_decompiled_source/android/support/v4/view/accessibility/AccessibilityNodeProviderCompat.java,java,OK,,not-checked,SecondLifeViewer|FirestormViewer
lumiya_decompiled_source/android/support/v4/view/accessibility/AccessibilityNodeProviderCompatJellyBean.java,java,OK,,not-checked,SecondLifeViewer|FirestormViewer
lumiya_decompiled_source/android/support/v4/view/accessibility/AccessibilityNodeProviderCompatKitKat.java,java,OK,,not-checked,SecondLifeViewer|FirestormViewer
lumiya_decompiled_source/android/support/v4/view/accessibility/AccessibilityRecordCompat.java,java,OK,,not-checked,SecondLifeViewer|FirestormViewer
lumiya_decompiled_source/android/support/v4/view/accessibility/AccessibilityWindowInfoCompat.java,java,OK,,not-checked,SecondLifeViewer|FirestormViewer
lumiya_decompiled_source/android/support/v4/view/animation/FastOutLinearInInterpolator.java,java,OK,,not-checked,SecondLifeViewer|FirestormViewer
lumiya_decompiled_source/android/support/v4/view/animation/FastOutSlowInInterpolator.java,java,OK,,not-checked,SecondLifeViewer|FirestormViewer
lumiya_decompiled_source/android/support/v4/view/animation/LinearOutSlowInInterpolator.java,java,OK,,not-checked,SecondLifeViewer|FirestormViewer
lumiya_decompiled_source/android/support/v4/view/animation/LookupTableInterpolator.java,java,OK,,not-checked,SecondLifeViewer|FirestormViewer
lumiya_decompiled_source/android/support/v4/view/animation/PathInterpolatorApi14.java,java,OK,,not-checked,SecondLifeViewer|FirestormViewer
lumiya_decompiled_source/android/support/v4/view/animation/PathInterpolatorCompat.java,java,OK,,not-checked,SecondLifeViewer|FirestormViewer
lumiya_decompiled_source/android/support/v4/widget/AutoScrollHelper.java,java,OK,,not-checked,SecondLifeViewer|FirestormViewer
lumiya_decompiled_source/android/support/v4/widget/AutoSizeableTextView.java,java,OK,,not-checked,SecondLifeViewer|FirestormViewer
lumiya_decompiled_source/android/support/v4/widget/CircleImageView.java,java,OK,,not-checked,SecondLifeViewer|FirestormViewer
lumiya_decompiled_source/android/support/v4/widget/CircularProgressDrawable.java,java,OK,,not-checked,SecondLifeViewer|FirestormViewer
lumiya_decompiled_source/android/support/v4/widget/CompoundButtonCompat.java,java,OK,,not-checked,SecondLifeViewer|FirestormViewer
lumiya_decompiled_source/android/support/v4/widget/ContentLoadingProgressBar.java,java,OK,,not-checked,SecondLifeViewer|FirestormViewer
lumiya_decompiled_source/android/support/v4/widget/CursorAdapter.java,java,OK,,not-checked,SecondLifeViewer|FirestormViewer
lumiya_decompiled_source/android/support/v4/widget/CursorFilter.java,java,OK,,not-checked,SecondLifeViewer|FirestormViewer
lumiya_decompiled_source/android/support/v4/widget/DrawerLayout.java,java,OK,,not-checked,SecondLifeViewer|FirestormViewer
lumiya_decompiled_source/android/support/v4/widget/EdgeEffectCompat.java,java,OK,,not-checked,SecondLifeViewer|FirestormViewer
lumiya_decompiled_source/android/support/v4/widget/ExploreByTouchHelper.java,java,OK,,not-checked,SecondLifeViewer|FirestormViewer
lumiya_decompiled_source/android/support/v4/widget/FocusStrategy.java,java,OK,,not-checked,SecondLifeViewer|FirestormViewer
lumiya_decompiled_source/android/support/v4/widget/ImageViewCompat.java,java,OK,,not-checked,SecondLifeViewer|FirestormViewer
lumiya_decompiled_source/android/support/v4/widget/ListPopupWindowCompat.java,java,OK,,not-checked,SecondLifeViewer|FirestormViewer
lumiya_decompiled_source/android/support/v4/widget/ListViewAutoScrollHelper.java,java,OK,,not-checked,SecondLifeViewer|FirestormViewer
lumiya_decompiled_source/android/support/v4/widget/ListViewCompat.java,java,OK,,not-checked,SecondLifeViewer|FirestormViewer
lumiya_decompiled_source/android/support/v4/widget/NestedScrollView.java,java,OK,,not-checked,SecondLifeViewer|FirestormViewer
lumiya_decompiled_source/android/support/v4/widget/PopupMenuCompat.java,java,OK,,not-checked,SecondLifeViewer|FirestormViewer
lumiya_decompiled_source/android/support/v4/widget/PopupWindowCompat.java,java,OK,,not-checked,SecondLifeViewer|FirestormViewer
lumiya_decompiled_source/android/support/v4/widget/ResourceCursorAdapter.java,java,OK,,not-checked,SecondLifeViewer|FirestormViewer
lumiya_decompiled_source/android/support/v4/widget/ScrollerCompat.java,java,OK,,not-checked,SecondLifeViewer|FirestormViewer
lumiya_decompiled_source/android/support/v4/widget/SearchViewCompat.java,java,OK,,not-checked,SecondLifeViewer|FirestormViewer
lumiya_decompiled_source/android/support/v4/widget/SimpleCursorAdapter.java,java,OK,,not-checked,SecondLifeViewer|FirestormViewer
lumiya_decompiled_source/android/support/v4/widget/SlidingPaneLayout.java,java,BROKEN,decompilation-stub|unsupported-operation,not-checked,SecondLifeViewer|FirestormViewer
lumiya_decompiled_source/android/support/v4/widget/Space.java,java,OK,,not-checked,SecondLifeViewer|FirestormViewer
lumiya_decompiled_source/android/support/v4/widget/SwipeProgressBar.java,java,OK,,not-checked,SecondLifeViewer|FirestormViewer
lumiya_decompiled_source/android/support/v4/widget/SwipeRefreshLayout.java,java,OK,,not-checked,SecondLifeViewer|FirestormViewer
lumiya_decompiled_source/android/support/v4/widget/TextViewCompat.java,java,OK,,not-checked,SecondLifeViewer|FirestormViewer
lumiya_decompiled_source/android/support/v4/widget/TintableCompoundButton.java,java,OK,,not-checked,SecondLifeViewer|FirestormViewer
lumiya_decompiled_source/android/support/v4/widget/TintableImageSourceView.java,java,OK,,not-checked,SecondLifeViewer|FirestormViewer
lumiya_decompiled_source/android/support/v4/widget/ViewDragHelper.java,java,BROKEN,decompilation-stub|unsupported-operation,not-checked,SecondLifeViewer|FirestormViewer
lumiya_decompiled_source/android/support/v7/app/ActionBar.java,java,FIXED,unsupported-operation,not-checked,SecondLifeViewer|FirestormViewer
lumiya_decompiled_source/android/support/v7/app/ActionBarDrawerToggle.java,java,OK,,not-checked,SecondLifeViewer|FirestormViewer
lumiya_decompiled_source/android/support/v7/app/ActionBarDrawerToggleHoneycomb.java,java,OK,,not-checked,SecondLifeViewer|FirestormViewer
lumiya_decompiled_source/android/support/v7/app/AlertController.java,java,OK,,not-checked,SecondLifeViewer|FirestormViewer
lumiya_decompiled_source/android/support/v7/app/AlertDialog.java,java,OK,,not-checked,SecondLifeViewer|FirestormViewer
lumiya_decompiled_source/android/support/v7/app/AppCompatActivity.java,java,OK,,not-checked,SecondLifeViewer|FirestormViewer
lumiya_decompiled_source/android/support/v7/app/AppCompatCallback.java,java,OK,,not-checked,SecondLifeViewer|FirestormViewer
lumiya_decompiled_source/android/support/v7/app/AppCompatDelegate.java,java,OK,,not-checked,SecondLifeViewer|FirestormViewer
lumiya_decompiled_source/android/support/v7/app/AppCompatDelegateImplBase.java,java,OK,,not-checked,SecondLifeViewer|FirestormViewer
lumiya_decompiled_source/android/support/v7/app/AppCompatDelegateImplN.java,java,OK,,not-checked,SecondLifeViewer|FirestormViewer
lumiya_decompiled_source/android/support/v7/app/AppCompatDelegateImplV11.java,java,OK,,not-checked,SecondLifeViewer|FirestormViewer
lumiya_decompiled_source/android/support/v7/app/AppCompatDelegateImplV14.java,java,OK,,not-checked,SecondLifeViewer|FirestormViewer
lumiya_decompiled_source/android/support/v7/app/AppCompatDelegateImplV23.java,java,OK,,not-checked,SecondLifeViewer|FirestormViewer
lumiya_decompiled_source/android/support/v7/app/AppCompatDelegateImplV9.java,java,OK,,not-checked,SecondLifeViewer|FirestormViewer
lumiya_decompiled_source/android/support/v7/app/AppCompatDialog.java,java,OK,,not-checked,SecondLifeViewer|FirestormViewer
lumiya_decompiled_source/android/support/v7/app/AppCompatDialogFragment.java,java,OK,,not-checked,SecondLifeViewer|FirestormViewer
lumiya_decompiled_source/android/support/v7/app/AppCompatViewInflater.java,java,OK,,not-checked,SecondLifeViewer|FirestormViewer
lumiya_decompiled_source/android/support/v7/app/NavItemSelectedListener.java,java,OK,,not-checked,SecondLifeViewer|FirestormViewer
lumiya_decompiled_source/android/support/v7/app/NotificationCompat.java,java,OK,,not-checked,SecondLifeViewer|FirestormViewer
lumiya_decompiled_source/android/support/v7/app/ResourcesFlusher.java,java,OK,,not-checked,SecondLifeViewer|FirestormViewer
lumiya_decompiled_source/android/support/v7/app/ToolbarActionBar.java,java,FIXED,unsupported-operation,not-checked,SecondLifeViewer|FirestormViewer
lumiya_decompiled_source/android/support/v7/app/TwilightCalculator.java,java,OK,,not-checked,SecondLifeViewer|FirestormViewer
lumiya_decompiled_source/android/support/v7/app/TwilightManager.java,java,OK,,not-checked,LibreMetaverse|SecondLifeViewer|FirestormViewer
lumiya_decompiled_source/android/support/v7/app/WindowDecorActionBar.java,java,OK,,not-checked,SecondLifeViewer|FirestormViewer
lumiya_decompiled_source/android/support/v7/appcompat/BuildConfig.java,java,OK,,not-checked,SecondLifeViewer|FirestormViewer
lumiya_decompiled_source/android/support/v7/appcompat/BuildConfig.kt,kt,OK,,not-checked,SecondLifeViewer|FirestormViewer
lumiya_decompiled_source/android/support/v7/appcompat/R.kt,kt,OK,,not-checked,SecondLifeViewer|FirestormViewer
lumiya_decompiled_source/android/support/v7/cardview/BuildConfig.java,java,OK,,not-checked,SecondLifeViewer|FirestormViewer
lumiya_decompiled_source/android/support/v7/cardview/BuildConfig.kt,kt,OK,,not-checked,SecondLifeViewer|FirestormViewer
lumiya_decompiled_source/android/support/v7/cardview/R.java,java,OK,,not-checked,SecondLifeViewer|FirestormViewer
lumiya_decompiled_source/android/support/v7/cardview/R.kt,kt,OK,,not-checked,SecondLifeViewer|FirestormViewer
lumiya_decompiled_source/android/support/v7/content/res/AppCompatColorStateListInflater.java,java,OK,,not-checked,SecondLifeViewer|FirestormViewer
lumiya_decompiled_source/android/support/v7/content/res/AppCompatResources.java,java,OK,,not-checked,SecondLifeViewer|FirestormViewer
lumiya_decompiled_source/android/support/v7/content/res/GrowingArrayUtils.java,java,OK,,not-checked,SecondLifeViewer|FirestormViewer
lumiya_decompiled_source/android/support/v7/graphics/drawable/DrawableWrapper.java,java,OK,,not-checked,LibreMetaverse|SecondLifeViewer|FirestormViewer
lumiya_decompiled_source/android/support/v7/graphics/drawable/DrawerArrowDrawable.java,java,OK,,not-checked,SecondLifeViewer|FirestormViewer
lumiya_decompiled_source/android/support/v7/internal/widget/PreferenceImageView.java,java,OK,,not-checked,SecondLifeViewer|FirestormViewer
lumiya_decompiled_source/android/support/v7/preference/AndroidResources.java,java,OK,,not-checked,SecondLifeViewer|FirestormViewer
lumiya_decompiled_source/android/support/v7/preference/BuildConfig.java,java,OK,,not-checked,SecondLifeViewer|FirestormViewer
lumiya_decompiled_source/android/support/v7/preference/BuildConfig.kt,kt,OK,,not-checked,SecondLifeViewer|FirestormViewer
lumiya_decompiled_source/android/support/v7/preference/CheckBoxPreference.java,java,OK,,not-checked,SecondLifeViewer|FirestormViewer
lumiya_decompiled_source/android/support/v7/preference/DialogPreference.java,java,OK,,not-checked,SecondLifeViewer|FirestormViewer
lumiya_decompiled_source/android/support/v7/preference/DropDownPreference.java,java,OK,,not-checked,SecondLifeViewer|FirestormViewer
lumiya_decompiled_source/android/support/v7/preference/EditTextPreference.java,java,OK,,not-checked,SecondLifeViewer|FirestormViewer
lumiya_decompiled_source/android/support/v7/preference/EditTextPreferenceDialogFragmentCompat.java,java,OK,,not-checked,SecondLifeViewer|FirestormViewer
lumiya_decompiled_source/android/support/v7/preference/ListPreference.java,java,OK,,not-checked,SecondLifeViewer|FirestormViewer
lumiya_decompiled_source/android/support/v7/preference/ListPreferenceDialogFragmentCompat.java,java,OK,,not-checked,SecondLifeViewer|FirestormViewer
lumiya_decompiled_source/android/support/v7/preference/MultiSelectListPreferenceDialogFragmentCompat.java,java,OK,,not-checked,SecondLifeViewer|FirestormViewer
lumiya_decompiled_source/android/support/v7/preference/Preference.java,java,OK,,not-checked,SecondLifeViewer|FirestormViewer
lumiya_decompiled_source/android/support/v7/preference/PreferenceCategory.java,java,OK,,not-checked,SecondLifeViewer|FirestormViewer
lumiya_decompiled_source/android/support/v7/preference/PreferenceDataStore.java,java,FIXED,unsupported-operation,not-checked,SecondLifeViewer|FirestormViewer
lumiya_decompiled_source/android/support/v7/preference/PreferenceDialogFragmentCompat.java,java,OK,,not-checked,SecondLifeViewer|FirestormViewer
lumiya_decompiled_source/android/support/v7/preference/PreferenceFragmentCompat.java,java,OK,,not-checked,SecondLifeViewer|FirestormViewer
lumiya_decompiled_source/android/support/v7/preference/PreferenceGroup.java,java,OK,,not-checked,SecondLifeViewer|FirestormViewer
lumiya_decompiled_source/android/support/v7/preference/PreferenceGroupAdapter.java,java,OK,,not-checked,SecondLifeViewer|FirestormViewer
lumiya_decompiled_source/android/support/v7/preference/PreferenceInflater.java,java,OK,,not-checked,SecondLifeViewer|FirestormViewer
lumiya_decompiled_source/android/support/v7/preference/PreferenceManager.java,java,OK,,not-checked,SecondLifeViewer|FirestormViewer
lumiya_decompiled_source/android/support/v7/preference/PreferenceRecyclerViewAccessibilityDelegate.java,java,OK,,not-checked,SecondLifeViewer|FirestormViewer
lumiya_decompiled_source/android/support/v7/preference/PreferenceScreen.java,java,OK,,not-checked,SecondLifeViewer|FirestormViewer
lumiya_decompiled_source/android/support/v7/preference/PreferenceViewHolder.java,java,OK,,not-checked,SecondLifeViewer|FirestormViewer
lumiya_decompiled_source/android/support/v7/preference/R.kt,kt,OK,,not-checked,SecondLifeViewer|FirestormViewer
lumiya_decompiled_source/android/support/v7/preference/SeekBarPreference.java,java,OK,,not-checked,SecondLifeViewer|FirestormViewer
lumiya_decompiled_source/android/support/v7/preference/SwitchPreferenceCompat.java,java,OK,,not-checked,SecondLifeViewer|FirestormViewer
lumiya_decompiled_source/android/support/v7/preference/TwoStatePreference.java,java,OK,,not-checked,SecondLifeViewer|FirestormViewer
lumiya_decompiled_source/android/support/v7/preference/UnPressableLinearLayout.java,java,OK,,not-checked,SecondLifeViewer|FirestormViewer
lumiya_decompiled_source/android/support/v7/preference/internal/AbstractMultiSelectListPreference.java,java,OK,,not-checked,SecondLifeViewer|FirestormViewer
lumiya_decompiled_source/android/support/v7/recyclerview/BuildConfig.java,java,OK,,not-checked,SecondLifeViewer|FirestormViewer
lumiya_decompiled_source/android/support/v7/recyclerview/BuildConfig.kt,kt,OK,,not-checked,SecondLifeViewer|FirestormViewer
lumiya_decompiled_source/android/support/v7/recyclerview/R.java,java,OK,,not-checked,SecondLifeViewer|FirestormViewer
lumiya_decompiled_source/android/support/v7/recyclerview/R.kt,kt,OK,,not-checked,SecondLifeViewer|FirestormViewer
lumiya_decompiled_source/android/support/v7/text/AllCapsTransformationMethod.java,java,OK,,not-checked,LLSD|LibreMetaverse|SecondLifeViewer|FirestormViewer
lumiya_decompiled_source/android/support/v7/util/AsyncListUtil.java,java,OK,,not-checked,SecondLifeViewer|FirestormViewer
lumiya_decompiled_source/android/support/v7/util/BatchingListUpdateCallback.java,java,OK,,not-checked,SecondLifeViewer|FirestormViewer
lumiya_decompiled_source/android/support/v7/util/DiffUtil.java,java,BROKEN,decompilation-stub|unsupported-operation,not-checked,SecondLifeViewer|FirestormViewer
lumiya_decompiled_source/android/support/v7/util/ListUpdateCallback.java,java,OK,,not-checked,SecondLifeViewer|FirestormViewer
lumiya_decompiled_source/android/support/v7/util/MessageThreadUtil.java,java,OK,,not-checked,SecondLifeViewer|FirestormViewer
lumiya_decompiled_source/android/support/v7/util/SortedList.java,java,OK,,not-checked,SecondLifeViewer|FirestormViewer
lumiya_decompiled_source/android/support/v7/util/ThreadUtil.java,java,OK,,not-checked,SecondLifeViewer|FirestormViewer
lumiya_decompiled_source/android/support/v7/util/TileList.java,java,OK,,not-checked,SecondLifeViewer|FirestormViewer
lumiya_decompiled_source/android/support/v7/view/ActionBarPolicy.java,java,OK,,not-checked,SecondLifeViewer|FirestormViewer
lumiya_decompiled_source/android/support/v7/view/ActionMode.java,java,OK,,not-checked,SecondLifeViewer|FirestormViewer
lumiya_decompiled_source/android/support/v7/view/CollapsibleActionView.java,java,OK,,not-checked,SecondLifeViewer|FirestormViewer
lumiya_decompiled_source/android/support/v7/view/ContextThemeWrapper.java,java,OK,,not-checked,SecondLifeViewer|FirestormViewer
lumiya_decompiled_source/android/support/v7/view/StandaloneActionMode.java,java,OK,,not-checked,SecondLifeViewer|FirestormViewer
lumiya_decompiled_source/android/support/v7/view/SupportActionModeWrapper.java,java,OK,,not-checked,SecondLifeViewer|FirestormViewer
lumiya_decompiled_source/android/support/v7/view/SupportMenuInflater.java,java,BROKEN,decompilation-stub|unsupported-operation,not-checked,SecondLifeViewer|FirestormViewer
lumiya_decompiled_source/android/support/v7/view/ViewPropertyAnimatorCompatSet.java,java,OK,,not-checked,SecondLifeViewer|FirestormViewer
lumiya_decompiled_source/android/support/v7/view/WindowCallbackWrapper.java,java,OK,,not-checked,SecondLifeViewer|FirestormViewer
lumiya_decompiled_source/android/support/v7/view/menu/ActionMenuItem.java,java,FIXED,unsupported-operation,not-checked,SecondLifeViewer|FirestormViewer
lumiya_decompiled_source/android/support/v7/view/menu/ActionMenuItemView.java,java,OK,,not-checked,SecondLifeViewer|FirestormViewer
lumiya_decompiled_source/android/support/v7/view/menu/BaseMenuPresenter.java,java,OK,,not-checked,SecondLifeViewer|FirestormViewer
lumiya_decompiled_source/android/support/v7/view/menu/BaseMenuWrapper.java,java,OK,,not-checked,SecondLifeViewer|FirestormViewer
lumiya_decompiled_source/android/support/v7/view/menu/BaseWrapper.java,java,OK,,not-checked,SecondLifeViewer|FirestormViewer
lumiya_decompiled_source/android/support/v7/view/menu/CascadingMenuPopup.java,java,OK,,not-checked,SecondLifeViewer|FirestormViewer
lumiya_decompiled_source/android/support/v7/view/menu/ExpandedMenuView.java,java,OK,,not-checked,SecondLifeViewer|FirestormViewer
lumiya_decompiled_source/android/support/v7/view/menu/ListMenuItemView.java,java,OK,,not-checked,SecondLifeViewer|FirestormViewer
lumiya_decompiled_source/android/support/v7/view/menu/ListMenuPresenter.java,java,OK,,not-checked,SecondLifeViewer|FirestormViewer
lumiya_decompiled_source/android/support/v7/view/menu/MenuAdapter.java,java,OK,,not-checked,SecondLifeViewer|FirestormViewer
lumiya_decompiled_source/android/support/v7/view/menu/MenuBuilder.java,java,OK,,not-checked,SecondLifeViewer|FirestormViewer
lumiya_decompiled_source/android/support/v7/view/menu/MenuDialogHelper.java,java,OK,,not-checked,SecondLifeViewer|FirestormViewer
lumiya_decompiled_source/android/support/v7/view/menu/MenuHelper.java,java,OK,,not-checked,SecondLifeViewer|FirestormViewer
lumiya_decompiled_source/android/support/v7/view/menu/MenuItemImpl.java,java,FIXED,unsupported-operation,not-checked,SecondLifeViewer|FirestormViewer
lumiya_decompiled_source/android/support/v7/view/menu/MenuItemWrapperICS.java,java,OK,,not-checked,SecondLifeViewer|FirestormViewer
lumiya_decompiled_source/android/support/v7/view/menu/MenuItemWrapperJB.java,java,OK,,not-checked,SecondLifeViewer|FirestormViewer
lumiya_decompiled_source/android/support/v7/view/menu/MenuPopup.java,java,FIXED,unsupported-operation,not-checked,SecondLifeViewer|FirestormViewer
lumiya_decompiled_source/android/support/v7/view/menu/MenuPopupHelper.java,java,OK,,not-checked,SecondLifeViewer|FirestormViewer
lumiya_decompiled_source/android/support/v7/view/menu/MenuPresenter.java,java,OK,,not-checked,SecondLifeViewer|FirestormViewer
lumiya_decompiled_source/android/support/v7/view/menu/MenuView.java,java,OK,,not-checked,SecondLifeViewer|FirestormViewer
lumiya_decompiled_source/android/support/v7/view/menu/MenuWrapperFactory.java,java,OK,,not-checked,SecondLifeViewer|FirestormViewer
lumiya_decompiled_source/android/support/v7/view/menu/MenuWrapperICS.java,java,OK,,not-checked,SecondLifeViewer|FirestormViewer
lumiya_decompiled_source/android/support/v7/view/menu/ShowableListMenu.java,java,OK,,not-checked,SecondLifeViewer|FirestormViewer
lumiya_decompiled_source/android/support/v7/view/menu/StandardMenuPopup.java,java,OK,,not-checked,SecondLifeViewer|FirestormViewer
lumiya_decompiled_source/android/support/v7/view/menu/SubMenuBuilder.java,java,OK,,not-checked,SecondLifeViewer|FirestormViewer
lumiya_decompiled_source/android/support/v7/view/menu/SubMenuWrapperICS.java,java,OK,,not-checked,SecondLifeViewer|FirestormViewer
lumiya_decompiled_source/android/support/v7/widget/AbsActionBarView.java,java,OK,,not-checked,SecondLifeViewer|FirestormViewer
lumiya_decompiled_source/android/support/v7/widget/ActionBarBackgroundDrawable.java,java,OK,,not-checked,SecondLifeViewer|FirestormViewer
lumiya_decompiled_source/android/support/v7/widget/ActionBarBackgroundDrawableV21.java,java,OK,,not-checked,SecondLifeViewer|FirestormViewer
lumiya_decompiled_source/android/support/v7/widget/ActionBarContainer.java,java,OK,,not-checked,SecondLifeViewer|FirestormViewer
lumiya_decompiled_source/android/support/v7/widget/ActionBarContextView.java,java,OK,,not-checked,SecondLifeViewer|FirestormViewer
lumiya_decompiled_source/android/support/v7/widget/ActionBarOverlayLayout.java,java,OK,,not-checked,SecondLifeViewer|FirestormViewer
lumiya_decompiled_source/android/support/v7/widget/ActionMenuPresenter.java,java,OK,,not-checked,SecondLifeViewer|FirestormViewer
lumiya_decompiled_source/android/support/v7/widget/ActionMenuView.java,java,OK,,not-checked,SecondLifeViewer|FirestormViewer
lumiya_decompiled_source/android/support/v7/widget/ActivityChooserModel.java,java,OK,,not-checked,SecondLifeViewer|FirestormViewer
lumiya_decompiled_source/android/support/v7/widget/ActivityChooserView.java,java,OK,,not-checked,SecondLifeViewer|FirestormViewer
lumiya_decompiled_source/android/support/v7/widget/AdapterHelper.java,java,OK,,not-checked,SecondLifeViewer|FirestormViewer
lumiya_decompiled_source/android/support/v7/widget/AlertDialogLayout.java,java,OK,,not-checked,SecondLifeViewer|FirestormViewer
lumiya_decompiled_source/android/support/v7/widget/AppCompatAutoCompleteTextView.java,java,OK,,not-checked,SecondLifeViewer|FirestormViewer
lumiya_decompiled_source/android/support/v7/widget/AppCompatBackgroundHelper.java,java,OK,,not-checked,SecondLifeViewer|FirestormViewer
lumiya_decompiled_source/android/support/v7/widget/AppCompatButton.java,java,OK,,not-checked,SecondLifeViewer|FirestormViewer
lumiya_decompiled_source/android/support/v7/widget/AppCompatCheckBox.java,java,OK,,not-checked,SecondLifeViewer|FirestormViewer
lumiya_decompiled_source/android/support/v7/widget/AppCompatCheckedTextView.java,java,OK,,not-checked,SecondLifeViewer|FirestormViewer
lumiya_decompiled_source/android/support/v7/widget/AppCompatCompoundButtonHelper.java,java,OK,,not-checked,SecondLifeViewer|FirestormViewer
lumiya_decompiled_source/android/support/v7/widget/AppCompatDrawableManager.java,java,OK,,not-checked,SecondLifeViewer|FirestormViewer
lumiya_decompiled_source/android/support/v7/widget/AppCompatEditText.java,java,OK,,not-checked,SecondLifeViewer|FirestormViewer
lumiya_decompiled_source/android/support/v7/widget/AppCompatImageButton.java,java,OK,,not-checked,SecondLifeViewer|FirestormViewer
lumiya_decompiled_source/android/support/v7/widget/AppCompatImageHelper.java,java,OK,,not-checked,SecondLifeViewer|FirestormViewer
lumiya_decompiled_source/android/support/v7/widget/AppCompatImageView.java,java,OK,,not-checked,SecondLifeViewer|FirestormViewer
lumiya_decompiled_source/android/support/v7/widget/AppCompatMultiAutoCompleteTextView.java,java,OK,,not-checked,SecondLifeViewer|FirestormViewer
lumiya_decompiled_source/android/support/v7/widget/AppCompatPopupWindow.java,java,OK,,not-checked,SecondLifeViewer|FirestormViewer
lumiya_decompiled_source/android/support/v7/widget/AppCompatProgressBarHelper.java,java,OK,,not-checked,SecondLifeViewer|FirestormViewer
lumiya_decompiled_source/android/support/v7/widget/AppCompatRadioButton.java,java,OK,,not-checked,SecondLifeViewer|FirestormViewer
lumiya_decompiled_source/android/support/v7/widget/AppCompatRatingBar.java,java,OK,,not-checked,SecondLifeViewer|FirestormViewer
lumiya_decompiled_source/android/support/v7/widget/AppCompatSeekBar.java,java,OK,,not-checked,SecondLifeViewer|FirestormViewer
lumiya_decompiled_source/android/support/v7/widget/AppCompatSeekBarHelper.java,java,OK,,not-checked,SecondLifeViewer|FirestormViewer
lumiya_decompiled_source/android/support/v7/widget/AppCompatSpinner.java,java,BROKEN,decompilation-stub|unsupported-operation,not-checked,SecondLifeViewer|FirestormViewer
lumiya_decompiled_source/android/support/v7/widget/AppCompatTextHelper.java,java,FIXED,unsupported-operation,not-checked,SecondLifeViewer|FirestormViewer
lumiya_decompiled_source/android/support/v7/widget/AppCompatTextHelperV17.java,java,OK,,not-checked,SecondLifeViewer|FirestormViewer
lumiya_decompiled_source/android/support/v7/widget/AppCompatTextView.java,java,OK,,not-checked,SecondLifeViewer|FirestormViewer
lumiya_decompiled_source/android/support/v7/widget/AppCompatTextViewAutoSizeHelper.java,java,OK,,not-checked,SecondLifeViewer|FirestormViewer
lumiya_decompiled_source/android/support/v7/widget/ButtonBarLayout.java,java,OK,,not-checked,SecondLifeViewer|FirestormViewer
lumiya_decompiled_source/android/support/v7/widget/CardView.java,java,OK,,not-checked,SecondLifeViewer|FirestormViewer
lumiya_decompiled_source/android/support/v7/widget/CardViewApi17Impl.java,java,OK,,not-checked,SecondLifeViewer|FirestormViewer
lumiya_decompiled_source/android/support/v7/widget/CardViewApi21Impl.java,java,OK,,not-checked,SecondLifeViewer|FirestormViewer
lumiya_decompiled_source/android/support/v7/widget/CardViewBaseImpl.java,java,OK,,not-checked,SecondLifeViewer|FirestormViewer
lumiya_decompiled_source/android/support/v7/widget/CardViewDelegate.java,java,OK,,not-checked,SecondLifeViewer|FirestormViewer
lumiya_decompiled_source/android/support/v7/widget/CardViewImpl.java,java,OK,,not-checked,SecondLifeViewer|FirestormViewer
lumiya_decompiled_source/android/support/v7/widget/ChildHelper.java,java,OK,,not-checked,SecondLifeViewer|FirestormViewer
lumiya_decompiled_source/android/support/v7/widget/ContentFrameLayout.java,java,OK,,not-checked,SecondLifeViewer|FirestormViewer
lumiya_decompiled_source/android/support/v7/widget/DecorContentParent.java,java,OK,,not-checked,SecondLifeViewer|FirestormViewer
lumiya_decompiled_source/android/support/v7/widget/DecorToolbar.java,java,OK,,not-checked,SecondLifeViewer|FirestormViewer
lumiya_decompiled_source/android/support/v7/widget/DefaultItemAnimator.java,java,OK,,not-checked,SecondLifeViewer|FirestormViewer
lumiya_decompiled_source/android/support/v7/widget/DialogTitle.java,java,OK,,not-checked,SecondLifeViewer|FirestormViewer
lumiya_decompiled_source/android/support/v7/widget/DividerItemDecoration.java,java,OK,,not-checked,SecondLifeViewer|FirestormViewer
lumiya_decompiled_source/android/support/v7/widget/DrawableUtils.java,java,OK,,not-checked,SecondLifeViewer|FirestormViewer
lumiya_decompiled_source/android/support/v7/widget/DropDownListView.java,java,BROKEN,decompilation-stub|unsupported-operation,not-checked,LibreMetaverse|SecondLifeViewer|FirestormViewer
lumiya_decompiled_source/android/support/v7/widget/FastScroller.java,java,OK,,not-checked,SecondLifeViewer|FirestormViewer
lumiya_decompiled_source/android/support/v7/widget/FitWindowsFrameLayout.java,java,OK,,not-checked,SecondLifeViewer|FirestormViewer
lumiya_decompiled_source/android/support/v7/widget/FitWindowsLinearLayout.java,java,OK,,not-checked,SecondLifeViewer|FirestormViewer
lumiya_decompiled_source/android/support/v7/widget/FitWindowsViewGroup.java,java,OK,,not-checked,SecondLifeViewer|FirestormViewer
lumiya_decompiled_source/android/support/v7/widget/ForwardingListener.java,java,OK,,not-checked,SecondLifeViewer|FirestormViewer
lumiya_decompiled_source/android/support/v7/widget/GapWorker.java,java,OK,,not-checked,SecondLifeViewer|FirestormViewer
lumiya_decompiled_source/android/support/v7/widget/GridLayoutManager.java,java,BROKEN,decompilation-stub|unsupported-operation,not-checked,SecondLifeViewer|FirestormViewer
lumiya_decompiled_source/android/support/v7/widget/LayoutState.java,java,OK,,not-checked,SecondLifeViewer|FirestormViewer
lumiya_decompiled_source/android/support/v7/widget/LinearLayoutCompat.java,java,OK,,not-checked,SecondLifeViewer|FirestormViewer
lumiya_decompiled_source/android/support/v7/widget/LinearLayoutManager.java,java,OK,,not-checked,SecondLifeViewer|FirestormViewer
lumiya_decompiled_source/android/support/v7/widget/LinearSmoothScroller.java,java,OK,,not-checked,SecondLifeViewer|FirestormViewer
lumiya_decompiled_source/android/support/v7/widget/LinearSnapHelper.java,java,OK,,not-checked,SecondLifeViewer|FirestormViewer
lumiya_decompiled_source/android/support/v7/widget/ListPopupWindow.java,java,OK,,not-checked,SecondLifeViewer|FirestormViewer
lumiya_decompiled_source/android/support/v7/widget/ListViewCompat.java,java,OK,,not-checked,SecondLifeViewer|FirestormViewer
lumiya_decompiled_source/android/support/v7/widget/MenuItemHoverListener.java,java,OK,,not-checked,SecondLifeViewer|FirestormViewer
lumiya_decompiled_source/android/support/v7/widget/MenuPopupWindow.java,java,OK,,not-checked,SecondLifeViewer|FirestormViewer
lumiya_decompiled_source/android/support/v7/widget/OpReorderer.java,java,OK,,not-checked,SecondLifeViewer|FirestormViewer
lumiya_decompiled_source/android/support/v7/widget/OrientationHelper.java,java,OK,,not-checked,SecondLifeViewer|FirestormViewer
lumiya_decompiled_source/android/support/v7/widget/PagerSnapHelper.java,java,OK,,not-checked,SecondLifeViewer|FirestormViewer
lumiya_decompiled_source/android/support/v7/widget/PopupMenu.java,java,OK,,not-checked,SecondLifeViewer|FirestormViewer
lumiya_decompiled_source/android/support/v7/widget/PositionMap.java,java,OK,,not-checked,SecondLifeViewer|FirestormViewer
lumiya_decompiled_source/android/support/v7/widget/RecyclerView.java,java,BROKEN,decompilation-stub|unsupported-operation,not-checked,SecondLifeViewer|FirestormViewer
lumiya_decompiled_source/android/support/v7/widget/RecyclerViewAccessibilityDelegate.java,java,OK,,not-checked,SecondLifeViewer|FirestormViewer
lumiya_decompiled_source/android/support/v7/widget/ResourcesWrapper.java,java,OK,,not-checked,SecondLifeViewer|FirestormViewer
lumiya_decompiled_source/android/support/v7/widget/RoundRectDrawable.java,java,OK,,not-checked,SecondLifeViewer|FirestormViewer
lumiya_decompiled_source/android/support/v7/widget/RoundRectDrawableWithShadow.java,java,OK,,not-checked,SecondLifeViewer|FirestormViewer
lumiya_decompiled_source/android/support/v7/widget/RtlSpacingHelper.java,java,OK,,not-checked,SecondLifeViewer|FirestormViewer
lumiya_decompiled_source/android/support/v7/widget/ScrollbarHelper.java,java,OK,,not-checked,SecondLifeViewer|FirestormViewer
lumiya_decompiled_source/android/support/v7/widget/ScrollingTabContainerView.java,java,OK,,not-checked,SecondLifeViewer|FirestormViewer
lumiya_decompiled_source/android/support/v7/widget/SearchView.java,java,OK,,not-checked,LibreMetaverse|SecondLifeViewer|FirestormViewer
lumiya_decompiled_source/android/support/v7/widget/ShareActionProvider.java,java,OK,,not-checked,SecondLifeViewer|FirestormViewer
lumiya_decompiled_source/android/support/v7/widget/SimpleItemAnimator.java,java,OK,,not-checked,SecondLifeViewer|FirestormViewer
lumiya_decompiled_source/android/support/v7/widget/SnapHelper.java,java,OK,,not-checked,SecondLifeViewer|FirestormViewer
lumiya_decompiled_source/android/support/v7/widget/StaggeredGridLayoutManager.java,java,OK,,not-checked,SecondLifeViewer|FirestormViewer
lumiya_decompiled_source/android/support/v7/widget/SuggestionsAdapter.java,java,OK,,not-checked,SecondLifeViewer|FirestormViewer
lumiya_decompiled_source/android/support/v7/widget/SwitchCompat.java,java,OK,,not-checked,LLSD|LibreMetaverse|SecondLifeViewer|FirestormViewer
lumiya_decompiled_source/android/support/v7/widget/ThemeUtils.java,java,OK,,not-checked,SecondLifeViewer|FirestormViewer
lumiya_decompiled_source/android/support/v7/widget/ThemedSpinnerAdapter.java,java,OK,,not-checked,SecondLifeViewer|FirestormViewer
lumiya_decompiled_source/android/support/v7/widget/TintContextWrapper.java,java,OK,,not-checked,SecondLifeViewer|FirestormViewer
lumiya_decompiled_source/android/support/v7/widget/TintInfo.java,java,OK,,not-checked,SecondLifeViewer|FirestormViewer
lumiya_decompiled_source/android/support/v7/widget/TintResources.java,java,OK,,not-checked,SecondLifeViewer|FirestormViewer
lumiya_decompiled_source/android/support/v7/widget/TintTypedArray.java,java,OK,,not-checked,SecondLifeViewer|FirestormViewer
lumiya_decompiled_source/android/support/v7/widget/Toolbar.java,java,OK,,not-checked,SecondLifeViewer|FirestormViewer
lumiya_decompiled_source/android/support/v7/widget/ToolbarWidgetWrapper.java,java,OK,,not-checked,SecondLifeViewer|FirestormViewer
lumiya_decompiled_source/android/support/v7/widget/TooltipCompat.java,java,OK,,not-checked,SecondLifeViewer|FirestormViewer
lumiya_decompiled_source/android/support/v7/widget/TooltipCompatHandler.java,java,OK,,not-checked,SecondLifeViewer|FirestormViewer
lumiya_decompiled_source/android/support/v7/widget/TooltipPopup.java,java,OK,,not-checked,SecondLifeViewer|FirestormViewer
lumiya_decompiled_source/android/support/v7/widget/VectorEnabledTintResources.java,java,OK,,not-checked,SecondLifeViewer|FirestormViewer
lumiya_decompiled_source/android/support/v7/widget/ViewBoundsCheck.java,java,OK,,not-checked,SecondLifeViewer|FirestormViewer
lumiya_decompiled_source/android/support/v7/widget/ViewInfoStore.java,java,OK,,not-checked,SecondLifeViewer|FirestormViewer
lumiya_decompiled_source/android/support/v7/widget/ViewStubCompat.java,java,OK,,not-checked,SecondLifeViewer|FirestormViewer
lumiya_decompiled_source/android/support/v7/widget/ViewUtils.java,java,OK,,not-checked,SecondLifeViewer|FirestormViewer
lumiya_decompiled_source/android/support/v7/widget/helper/ItemTouchHelper.java,java,OK,,not-checked,SecondLifeViewer|FirestormViewer
lumiya_decompiled_source/android/support/v7/widget/helper/ItemTouchUIUtil.java,java,OK,,not-checked,SecondLifeViewer|FirestormViewer
lumiya_decompiled_source/android/support/v7/widget/helper/ItemTouchUIUtilImpl.java,java,OK,,not-checked,SecondLifeViewer|FirestormViewer
lumiya_decompiled_source/android/support/v7/widget/util/SortedListAdapterCallback.java,java,OK,,not-checked,SecondLifeViewer|FirestormViewer
lumiya_decompiled_source/butterknife/BindAnim.java,java,OK,,not-checked,SecondLifeViewer|FirestormViewer
lumiya_decompiled_source/butterknife/BindAnim.kt,kt,OK,,not-checked,SecondLifeViewer|FirestormViewer
lumiya_decompiled_source/butterknife/BindArray.java,java,OK,,not-checked,SecondLifeViewer|FirestormViewer
lumiya_decompiled_source/butterknife/BindArray.kt,kt,OK,,not-checked,SecondLifeViewer|FirestormViewer
lumiya_decompiled_source/butterknife/BindBitmap.java,java,OK,,not-checked,SecondLifeViewer|FirestormViewer
lumiya_decompiled_source/butterknife/BindBitmap.kt,kt,OK,,not-checked,SecondLifeViewer|FirestormViewer
lumiya_decompiled_source/butterknife/BindBool.java,java,OK,,not-checked,SecondLifeViewer|FirestormViewer
lumiya_decompiled_source/butterknife/BindBool.kt,kt,OK,,not-checked,SecondLifeViewer|FirestormViewer
lumiya_decompiled_source/butterknife/BindColor.java,java,OK,,not-checked,SecondLifeViewer|FirestormViewer
lumiya_decompiled_source/butterknife/BindColor.kt,kt,OK,,not-checked,SecondLifeViewer|FirestormViewer
lumiya_decompiled_source/butterknife/BindDimen.java,java,OK,,not-checked,SecondLifeViewer|FirestormViewer
lumiya_decompiled_source/butterknife/BindDimen.kt,kt,OK,,not-checked,SecondLifeViewer|FirestormViewer
lumiya_decompiled_source/butterknife/BindDrawable.java,java,OK,,not-checked,SecondLifeViewer|FirestormViewer
lumiya_decompiled_source/butterknife/BindDrawable.kt,kt,OK,,not-checked,SecondLifeViewer|FirestormViewer
lumiya_decompiled_source/butterknife/BindFloat.java,java,OK,,not-checked,SecondLifeViewer|FirestormViewer
lumiya_decompiled_source/butterknife/BindFloat.kt,kt,OK,,not-checked,SecondLifeViewer|FirestormViewer
lumiya_decompiled_source/butterknife/BindFont.java,java,OK,,not-checked,SecondLifeViewer|FirestormViewer
lumiya_decompiled_source/butterknife/BindFont.kt,kt,OK,,not-checked,SecondLifeViewer|FirestormViewer
lumiya_decompiled_source/butterknife/BindInt.java,java,OK,,not-checked,SecondLifeViewer|FirestormViewer
lumiya_decompiled_source/butterknife/BindInt.kt,kt,OK,,not-checked,SecondLifeViewer|FirestormViewer
lumiya_decompiled_source/butterknife/BindString.java,java,OK,,not-checked,SecondLifeViewer|FirestormViewer
lumiya_decompiled_source/butterknife/BindString.kt,kt,OK,,not-checked,SecondLifeViewer|FirestormViewer
lumiya_decompiled_source/butterknife/BindView.java,java,OK,,not-checked,SecondLifeViewer|FirestormViewer
lumiya_decompiled_source/butterknife/BindView.kt,kt,OK,,not-checked,SecondLifeViewer|FirestormViewer
lumiya_decompiled_source/butterknife/BindViews.java,java,OK,,not-checked,SecondLifeViewer|FirestormViewer
lumiya_decompiled_source/butterknife/BindViews.kt,kt,OK,,not-checked,SecondLifeViewer|FirestormViewer
lumiya_decompiled_source/butterknife/BuildConfig.java,java,OK,,not-checked,SecondLifeViewer|FirestormViewer
lumiya_decompiled_source/butterknife/BuildConfig.kt,kt,OK,,not-checked,SecondLifeViewer|FirestormViewer
lumiya_decompiled_source/butterknife/ButterKnife.java,java,OK,,not-checked,SecondLifeViewer|FirestormViewer
lumiya_decompiled_source/butterknife/OnCheckedChanged.java,java,OK,,not-checked,SecondLifeViewer|FirestormViewer
lumiya_decompiled_source/butterknife/OnCheckedChanged.kt,kt,OK,,not-checked,SecondLifeViewer|FirestormViewer
lumiya_decompiled_source/butterknife/OnClick.java,java,OK,,not-checked,SecondLifeViewer|FirestormViewer
lumiya_decompiled_source/butterknife/OnClick.kt,kt,OK,,not-checked,SecondLifeViewer|FirestormViewer
lumiya_decompiled_source/butterknife/OnEditorAction.java,java,OK,,not-checked,SecondLifeViewer|FirestormViewer
lumiya_decompiled_source/butterknife/OnEditorAction.kt,kt,OK,,not-checked,SecondLifeViewer|FirestormViewer
lumiya_decompiled_source/butterknife/OnFocusChange.java,java,OK,,not-checked,SecondLifeViewer|FirestormViewer
lumiya_decompiled_source/butterknife/OnFocusChange.kt,kt,OK,,not-checked,SecondLifeViewer|FirestormViewer
lumiya_decompiled_source/butterknife/OnItemClick.java,java,OK,,not-checked,SecondLifeViewer|FirestormViewer
lumiya_decompiled_source/butterknife/OnItemClick.kt,kt,OK,,not-checked,SecondLifeViewer|FirestormViewer
lumiya_decompiled_source/butterknife/OnItemLongClick.java,java,OK,,not-checked,SecondLifeViewer|FirestormViewer
lumiya_decompiled_source/butterknife/OnItemSelected.java,java,OK,,not-checked,SecondLifeViewer|FirestormViewer
lumiya_decompiled_source/butterknife/OnLongClick.java,java,OK,,not-checked,SecondLifeViewer|FirestormViewer
lumiya_decompiled_source/butterknife/OnPageChange.java,java,OK,,not-checked,SecondLifeViewer|FirestormViewer
lumiya_decompiled_source/butterknife/OnTextChanged.java,java,OK,,not-checked,SecondLifeViewer|FirestormViewer
lumiya_decompiled_source/butterknife/OnTouch.java,java,OK,,not-checked,SecondLifeViewer|FirestormViewer
lumiya_decompiled_source/butterknife/Optional.java,java,OK,,not-checked,SecondLifeViewer|FirestormViewer
lumiya_decompiled_source/butterknife/R.java,java,OK,,not-checked,SecondLifeViewer|FirestormViewer
lumiya_decompiled_source/butterknife/Unbinder.java,java,OK,,not-checked,SecondLifeViewer|FirestormViewer
lumiya_decompiled_source/butterknife/internal/DebouncingOnClickListener.java,java,OK,,not-checked,SecondLifeViewer|FirestormViewer
lumiya_decompiled_source/butterknife/internal/ImmutableList.java,java,OK,,not-checked,SecondLifeViewer|FirestormViewer
lumiya_decompiled_source/butterknife/internal/ListenerClass.java,java,OK,,not-checked,SecondLifeViewer|FirestormViewer
lumiya_decompiled_source/butterknife/internal/ListenerMethod.java,java,OK,,not-checked,SecondLifeViewer|FirestormViewer
lumiya_decompiled_source/butterknife/internal/Utils.java,java,OK,,not-checked,SecondLifeViewer|FirestormViewer
lumiya_decompiled_source/com/astuetz/PagerSlidingTabStrip.java,java,OK,,not-checked,LLSD|LibreMetaverse|SecondLifeViewer|FirestormViewer
lumiya_decompiled_source/com/astuetz/pagerslidingtabstrip/BuildConfig.java,java,OK,,not-checked,SecondLifeViewer|FirestormViewer
lumiya_decompiled_source/com/astuetz/pagerslidingtabstrip/R.java,java,OK,,not-checked,LLSD|LibreMetaverse|SecondLifeViewer|FirestormViewer
lumiya_decompiled_source/com/google/common/annotations/Beta.java,java,OK,,not-checked,SecondLifeViewer|FirestormViewer
lumiya_decompiled_source/com/google/common/annotations/GwtCompatible.java,java,OK,,not-checked,SecondLifeViewer|FirestormViewer
lumiya_decompiled_source/com/google/common/annotations/GwtIncompatible.java,java,OK,,not-checked,SecondLifeViewer|FirestormViewer
lumiya_decompiled_source/com/google/common/annotations/VisibleForTesting.java,java,OK,,not-checked,SecondLifeViewer|FirestormViewer
lumiya_decompiled_source/com/google/common/base/Absent.java,java,OK,,not-checked,SecondLifeViewer|FirestormViewer
lumiya_decompiled_source/com/google/common/base/AbstractIterator.java,java,FIXED,unsupported-operation,not-checked,SecondLifeViewer|FirestormViewer
lumiya_decompiled_source/com/google/common/base/Ascii.java,java,OK,,not-checked,SecondLifeViewer|FirestormViewer
lumiya_decompiled_source/com/google/common/base/CaseFormat.java,java,OK,,not-checked,SecondLifeViewer|FirestormViewer
lumiya_decompiled_source/com/google/common/base/CharMatcher.java,java,OK,,not-checked,SecondLifeViewer|FirestormViewer
lumiya_decompiled_source/com/google/common/base/Charsets.java,java,OK,,not-checked,SecondLifeViewer|FirestormViewer
lumiya_decompiled_source/com/google/common/base/Converter.java,java,OK,,not-checked,SecondLifeViewer|FirestormViewer
lumiya_decompiled_source/com/google/common/base/Defaults.java,java,OK,,not-checked,SecondLifeViewer|FirestormViewer
lumiya_decompiled_source/com/google/common/base/Enums.java,java,OK,,not-checked,SecondLifeViewer|FirestormViewer
lumiya_decompiled_source/com/google/common/base/Equivalence.java,java,OK,,not-checked,SecondLifeViewer|FirestormViewer
lumiya_decompiled_source/com/google/common/base/FinalizablePhantomReference.java,java,OK,,not-checked,SecondLifeViewer|FirestormViewer
lumiya_decompiled_source/com/google/common/base/FinalizableReference.java,java,OK,,not-checked,SecondLifeViewer|FirestormViewer
lumiya_decompiled_source/com/google/common/base/FinalizableReferenceQueue.java,java,OK,,not-checked,SecondLifeViewer|FirestormViewer
lumiya_decompiled_source/com/google/common/base/FinalizableSoftReference.java,java,OK,,not-checked,SecondLifeViewer|FirestormViewer
lumiya_decompiled_source/com/google/common/base/FinalizableWeakReference.java,java,OK,,not-checked,SecondLifeViewer|FirestormViewer
lumiya_decompiled_source/com/google/common/base/Function.java,java,OK,,not-checked,SecondLifeViewer|FirestormViewer
lumiya_decompiled_source/com/google/common/base/FunctionalEquivalence.java,java,OK,,not-checked,SecondLifeViewer|FirestormViewer
lumiya_decompiled_source/com/google/common/base/Functions.java,java,OK,,not-checked,SecondLifeViewer|FirestormViewer
lumiya_decompiled_source/com/google/common/base/Joiner.java,java,FIXED,unsupported-operation,not-checked,SecondLifeViewer|FirestormViewer
lumiya_decompiled_source/com/google/common/base/MoreObjects.java,java,OK,,not-checked,SecondLifeViewer|FirestormViewer
lumiya_decompiled_source/com/google/common/base/Objects.java,java,OK,,not-checked,SecondLifeViewer|FirestormViewer
lumiya_decompiled_source/com/google/common/base/Optional.java,java,OK,,not-checked,SecondLifeViewer|FirestormViewer
lumiya_decompiled_source/com/google/common/base/PairwiseEquivalence.java,java,OK,,not-checked,SecondLifeViewer|FirestormViewer
lumiya_decompiled_source/com/google/common/base/Platform.java,java,OK,,not-checked,SecondLifeViewer|FirestormViewer
lumiya_decompiled_source/com/google/common/base/Preconditions.java,java,OK,,not-checked,SecondLifeViewer|FirestormViewer
lumiya_decompiled_source/com/google/common/base/Predicate.java,java,OK,,not-checked,SecondLifeViewer|FirestormViewer
lumiya_decompiled_source/com/google/common/base/Predicates.java,java,OK,,not-checked,SecondLifeViewer|FirestormViewer
lumiya_decompiled_source/com/google/common/base/Present.java,java,OK,,not-checked,SecondLifeViewer|FirestormViewer
lumiya_decompiled_source/com/google/common/base/SmallCharMatcher.java,java,OK,,not-checked,SecondLifeViewer|FirestormViewer
lumiya_decompiled_source/com/google/common/base/Splitter.java,java,BROKEN,decompilation-stub|unsupported-operation,not-checked,SecondLifeViewer|FirestormViewer
lumiya_decompiled_source/com/google/common/base/StandardSystemProperty.java,java,OK,,not-checked,SecondLifeViewer|FirestormViewer
lumiya_decompiled_source/com/google/common/base/Stopwatch.java,java,OK,,not-checked,SecondLifeViewer|FirestormViewer
lumiya_decompiled_source/com/google/common/base/Strings.java,java,OK,,not-checked,SecondLifeViewer|FirestormViewer
lumiya_decompiled_source/com/google/common/base/Supplier.java,java,OK,,not-checked,SecondLifeViewer|FirestormViewer
lumiya_decompiled_source/com/google/common/base/Suppliers.java,java,BROKEN,decompilation-stub|unsupported-operation,not-checked,SecondLifeViewer|FirestormViewer
lumiya_decompiled_source/com/google/common/base/Throwables.java,java,OK,,not-checked,SecondLifeViewer|FirestormViewer
lumiya_decompiled_source/com/google/common/base/Ticker.java,java,OK,,not-checked,SecondLifeViewer|FirestormViewer
lumiya_decompiled_source/com/google/common/base/Utf8.java,java,OK,,not-checked,SecondLifeViewer|FirestormViewer
lumiya_decompiled_source/com/google/common/base/Verify.java,java,OK,,not-checked,SecondLifeViewer|FirestormViewer
lumiya_decompiled_source/com/google/common/base/VerifyException.java,java,OK,,not-checked,SecondLifeViewer|FirestormViewer
lumiya_decompiled_source/com/google/common/base/internal/Finalizer.java,java,OK,,not-checked,SecondLifeViewer|FirestormViewer
lumiya_decompiled_source/com/google/common/cache/AbstractCache.java,java,FIXED,unsupported-operation,not-checked,SecondLifeViewer|FirestormViewer
lumiya_decompiled_source/com/google/common/cache/AbstractLoadingCache.java,java,FIXED,unsupported-operation,not-checked,SecondLifeViewer|FirestormViewer
lumiya_decompiled_source/com/google/common/cache/Cache.java,java,OK,,not-checked,SecondLifeViewer|FirestormViewer
lumiya_decompiled_source/com/google/common/cache/CacheBuilder.java,java,OK,,not-checked,SecondLifeViewer|FirestormViewer
lumiya_decompiled_source/com/google/common/cache/CacheBuilderSpec.java,java,OK,,not-checked,SecondLifeViewer|FirestormViewer
lumiya_decompiled_source/com/google/common/cache/CacheLoader.java,java,FIXED,unsupported-operation,not-checked,SecondLifeViewer|FirestormViewer
lumiya_decompiled_source/com/google/common/cache/CacheStats.java,java,OK,,not-checked,SecondLifeViewer|FirestormViewer
lumiya_decompiled_source/com/google/common/cache/ForwardingCache.java,java,OK,,not-checked,SecondLifeViewer|FirestormViewer
lumiya_decompiled_source/com/google/common/cache/ForwardingLoadingCache.java,java,OK,,not-checked,SecondLifeViewer|FirestormViewer
lumiya_decompiled_source/com/google/common/cache/LoadingCache.java,java,OK,,not-checked,SecondLifeViewer|FirestormViewer
lumiya_decompiled_source/com/google/common/cache/LocalCache.java,java,BROKEN,decompilation-stub|unsupported-operation,not-checked,SecondLifeViewer|FirestormViewer
lumiya_decompiled_source/com/google/common/cache/LongAddable.java,java,OK,,not-checked,SecondLifeViewer|FirestormViewer
lumiya_decompiled_source/com/google/common/cache/LongAddables.java,java,OK,,not-checked,SecondLifeViewer|FirestormViewer
lumiya_decompiled_source/com/google/common/cache/LongAdder.java,java,OK,,not-checked,SecondLifeViewer|FirestormViewer
lumiya_decompiled_source/com/google/common/cache/RemovalCause.java,java,OK,,not-checked,SecondLifeViewer|FirestormViewer
lumiya_decompiled_source/com/google/common/cache/RemovalListener.java,java,OK,,not-checked,SecondLifeViewer|FirestormViewer
lumiya_decompiled_source/com/google/common/cache/RemovalListeners.java,java,OK,,not-checked,SecondLifeViewer|FirestormViewer
lumiya_decompiled_source/com/google/common/cache/RemovalNotification.java,java,FIXED,unsupported-operation,not-checked,SecondLifeViewer|FirestormViewer
lumiya_decompiled_source/com/google/common/cache/Striped64.java,java,OK,,not-checked,SecondLifeViewer|FirestormViewer
lumiya_decompiled_source/com/google/common/cache/Weigher.java,java,OK,,not-checked,SecondLifeViewer|FirestormViewer
lumiya_decompiled_source/com/google/common/collect/AbstractBiMap.java,java,OK,,not-checked,SecondLifeViewer|FirestormViewer
lumiya_decompiled_source/com/google/common/collect/AbstractIndexedListIterator.java,java,OK,,not-checked,SecondLifeViewer|FirestormViewer
lumiya_decompiled_source/com/google/common/collect/AbstractIterator.java,java,OK,,not-checked,SecondLifeViewer|FirestormViewer
lumiya_decompiled_source/com/google/common/collect/AbstractListMultimap.java,java,OK,,not-checked,SecondLifeViewer|FirestormViewer
lumiya_decompiled_source/com/google/common/collect/AbstractMapBasedMultimap.java,java,OK,,not-checked,SecondLifeViewer|FirestormViewer
lumiya_decompiled_source/com/google/common/collect/AbstractMapBasedMultiset.java,java,OK,,not-checked,SecondLifeViewer|FirestormViewer
lumiya_decompiled_source/com/google/common/collect/AbstractMapEntry.java,java,FIXED,unsupported-operation,not-checked,SecondLifeViewer|FirestormViewer
lumiya_decompiled_source/com/google/common/collect/AbstractMultimap.java,java,OK,,not-checked,SecondLifeViewer|FirestormViewer
lumiya_decompiled_source/com/google/common/collect/AbstractMultiset.java,java,FIXED,unsupported-operation,not-checked,SecondLifeViewer|FirestormViewer
lumiya_decompiled_source/com/google/common/collect/AbstractNavigableMap.java,java,OK,,not-checked,SecondLifeViewer|FirestormViewer
lumiya_decompiled_source/com/google/common/collect/AbstractRangeSet.java,java,FIXED,unsupported-operation,not-checked,SecondLifeViewer|FirestormViewer
lumiya_decompiled_source/com/google/common/collect/AbstractSequentialIterator.java,java,OK,,not-checked,SecondLifeViewer|FirestormViewer
lumiya_decompiled_source/com/google/common/collect/AbstractSetMultimap.java,java,OK,,not-checked,SecondLifeViewer|FirestormViewer
lumiya_decompiled_source/com/google/common/collect/AbstractSortedKeySortedSetMultimap.java,java,OK,,not-checked,SecondLifeViewer|FirestormViewer
lumiya_decompiled_source/com/google/common/collect/AbstractSortedMultiset.java,java,OK,,not-checked,SecondLifeViewer|FirestormViewer
lumiya_decompiled_source/com/google/common/collect/AbstractSortedSetMultimap.java,java,OK,,not-checked,SecondLifeViewer|FirestormViewer
lumiya_decompiled_source/com/google/common/collect/AbstractTable.java,java,OK,,not-checked,SecondLifeViewer|FirestormViewer
lumiya_decompiled_source/com/google/common/collect/AllEqualOrdering.java,java,OK,,not-checked,SecondLifeViewer|FirestormViewer
lumiya_decompiled_source/com/google/common/collect/ArrayListMultimap.java,java,OK,,not-checked,SecondLifeViewer|FirestormViewer
lumiya_decompiled_source/com/google/common/collect/ArrayTable.java,java,FIXED,unsupported-operation,not-checked,SecondLifeViewer|FirestormViewer
lumiya_decompiled_source/com/google/common/collect/BiMap.java,java,OK,,not-checked,SecondLifeViewer|FirestormViewer
lumiya_decompiled_source/com/google/common/collect/BinaryTreeTraverser.java,java,OK,,not-checked,SecondLifeViewer|FirestormViewer
lumiya_decompiled_source/com/google/common/collect/BoundType.java,java,OK,,not-checked,SecondLifeViewer|FirestormViewer
lumiya_decompiled_source/com/google/common/collect/ByFunctionOrdering.java,java,OK,,not-checked,SecondLifeViewer|FirestormViewer
lumiya_decompiled_source/com/google/common/collect/CartesianList.java,java,OK,,not-checked,SecondLifeViewer|FirestormViewer
lumiya_decompiled_source/com/google/common/collect/ClassToInstanceMap.java,java,OK,,not-checked,SecondLifeViewer|FirestormViewer
lumiya_decompiled_source/com/google/common/collect/CollectPreconditions.java,java,OK,,not-checked,SecondLifeViewer|FirestormViewer
lumiya_decompiled_source/com/google/common/collect/Collections2.java,java,OK,,not-checked,SecondLifeViewer|FirestormViewer
lumiya_decompiled_source/com/google/common/collect/ComparatorOrdering.java,java,OK,,not-checked,SecondLifeViewer|FirestormViewer
lumiya_decompiled_source/com/google/common/collect/ComparisonChain.java,java,OK,,not-checked,SecondLifeViewer|FirestormViewer
lumiya_decompiled_source/com/google/common/collect/CompoundOrdering.java,java,OK,,not-checked,SecondLifeViewer|FirestormViewer
lumiya_decompiled_source/com/google/common/collect/ComputationException.java,java,OK,,not-checked,SecondLifeViewer|FirestormViewer
lumiya_decompiled_source/com/google/common/collect/ComputingConcurrentHashMap.java,java,BROKEN,decompilation-stub|unsupported-operation,not-checked,SecondLifeViewer|FirestormViewer
lumiya_decompiled_source/com/google/common/collect/ConcurrentHashMultiset.java,java,BROKEN,decompilation-stub|unsupported-operation,not-checked,SecondLifeViewer|FirestormViewer
lumiya_decompiled_source/com/google/common/collect/Constraint.java,java,OK,,not-checked,SecondLifeViewer|FirestormViewer
lumiya_decompiled_source/com/google/common/collect/Constraints.java,java,OK,,not-checked,SecondLifeViewer|FirestormViewer
lumiya_decompiled_source/com/google/common/collect/ConsumingQueueIterator.java,java,OK,,not-checked,SecondLifeViewer|FirestormViewer
lumiya_decompiled_source/com/google/common/collect/ContiguousSet.java,java,FIXED,unsupported-operation,not-checked,SecondLifeViewer|FirestormViewer
lumiya_decompiled_source/com/google/common/collect/Count.java,java,OK,,not-checked,SecondLifeViewer|FirestormViewer
lumiya_decompiled_source/com/google/common/collect/Cut.java,java,OK,,not-checked,SecondLifeViewer|FirestormViewer
lumiya_decompiled_source/com/google/common/collect/DenseImmutableTable.java,java,OK,,not-checked,SecondLifeViewer|FirestormViewer
lumiya_decompiled_source/com/google/common/collect/DescendingImmutableSortedMultiset.java,java,OK,,not-checked,SecondLifeViewer|FirestormViewer
lumiya_decompiled_source/com/google/common/collect/DescendingImmutableSortedSet.java,java,OK,,not-checked,SecondLifeViewer|FirestormViewer
lumiya_decompiled_source/com/google/common/collect/DescendingMultiset.java,java,OK,,not-checked,SecondLifeViewer|FirestormViewer
lumiya_decompiled_source/com/google/common/collect/DiscreteDomain.java,java,OK,,not-checked,SecondLifeViewer|FirestormViewer
lumiya_decompiled_source/com/google/common/collect/EmptyContiguousSet.java,java,OK,,not-checked,SecondLifeViewer|FirestormViewer
lumiya_decompiled_source/com/google/common/collect/EmptyImmutableListMultimap.java,java,OK,,not-checked,SecondLifeViewer|FirestormViewer
lumiya_decompiled_source/com/google/common/collect/EmptyImmutableSetMultimap.java,java,OK,,not-checked,SecondLifeViewer|FirestormViewer
lumiya_decompiled_source/com/google/common/collect/EnumBiMap.java,java,OK,,not-checked,SecondLifeViewer|FirestormViewer
lumiya_decompiled_source/com/google/common/collect/EnumHashBiMap.java,java,OK,,not-checked,SecondLifeViewer|FirestormViewer
lumiya_decompiled_source/com/google/common/collect/EnumMultiset.java,java,OK,,not-checked,SecondLifeViewer|FirestormViewer
lumiya_decompiled_source/com/google/common/collect/EvictingQueue.java,java,OK,,not-checked,SecondLifeViewer|FirestormViewer
lumiya_decompiled_source/com/google/common/collect/ExplicitOrdering.java,java,OK,,not-checked,SecondLifeViewer|FirestormViewer
lumiya_decompiled_source/com/google/common/collect/FilteredEntryMultimap.java,java,OK,,not-checked,SecondLifeViewer|FirestormViewer
lumiya_decompiled_source/com/google/common/collect/FilteredEntrySetMultimap.java,java,OK,,not-checked,SecondLifeViewer|FirestormViewer
lumiya_decompiled_source/com/google/common/collect/FilteredKeyListMultimap.java,java,OK,,not-checked,SecondLifeViewer|FirestormViewer
lumiya_decompiled_source/com/google/common/collect/FilteredKeyMultimap.java,java,OK,,not-checked,SecondLifeViewer|FirestormViewer
lumiya_decompiled_source/com/google/common/collect/FilteredKeySetMultimap.java,java,OK,,not-checked,SecondLifeViewer|FirestormViewer
lumiya_decompiled_source/com/google/common/collect/FilteredMultimap.java,java,OK,,not-checked,SecondLifeViewer|FirestormViewer
lumiya_decompiled_source/com/google/common/collect/FilteredMultimapValues.java,java,OK,,not-checked,SecondLifeViewer|FirestormViewer
lumiya_decompiled_source/com/google/common/collect/FilteredSetMultimap.java,java,OK,,not-checked,SecondLifeViewer|FirestormViewer
lumiya_decompiled_source/com/google/common/collect/FluentIterable.java,java,OK,,not-checked,SecondLifeViewer|FirestormViewer
lumiya_decompiled_source/com/google/common/collect/ForwardingBlockingDeque.java,java,OK,,not-checked,SecondLifeViewer|FirestormViewer
lumiya_decompiled_source/com/google/common/collect/ForwardingCollection.java,java,OK,,not-checked,SecondLifeViewer|FirestormViewer
lumiya_decompiled_source/com/google/common/collect/ForwardingConcurrentMap.java,java,OK,,not-checked,SecondLifeViewer|FirestormViewer
lumiya_decompiled_source/com/google/common/collect/ForwardingDeque.java,java,OK,,not-checked,SecondLifeViewer|FirestormViewer
lumiya_decompiled_source/com/google/common/collect/ForwardingImmutableCollection.java,java,OK,,not-checked,SecondLifeViewer|FirestormViewer
lumiya_decompiled_source/com/google/common/collect/ForwardingImmutableList.java,java,OK,,not-checked,SecondLifeViewer|FirestormViewer
lumiya_decompiled_source/com/google/common/collect/ForwardingImmutableMap.java,java,OK,,not-checked,SecondLifeViewer|FirestormViewer
lumiya_decompiled_source/com/google/common/collect/ForwardingImmutableSet.java,java,OK,,not-checked,SecondLifeViewer|FirestormViewer
lumiya_decompiled_source/com/google/common/collect/ForwardingIterator.java,java,OK,,not-checked,SecondLifeViewer|FirestormViewer
lumiya_decompiled_source/com/google/common/collect/ForwardingList.java,java,OK,,not-checked,SecondLifeViewer|FirestormViewer
lumiya_decompiled_source/com/google/common/collect/ForwardingListIterator.java,java,OK,,not-checked,SecondLifeViewer|FirestormViewer
lumiya_decompiled_source/com/google/common/collect/ForwardingListMultimap.java,java,OK,,not-checked,SecondLifeViewer|FirestormViewer
lumiya_decompiled_source/com/google/common/collect/ForwardingMap.java,java,OK,,not-checked,SecondLifeViewer|FirestormViewer
lumiya_decompiled_source/com/google/common/collect/ForwardingMapEntry.java,java,OK,,not-checked,SecondLifeViewer|FirestormViewer
lumiya_decompiled_source/com/google/common/collect/ForwardingMultimap.java,java,OK,,not-checked,SecondLifeViewer|FirestormViewer
lumiya_decompiled_source/com/google/common/collect/ForwardingMultiset.java,java,OK,,not-checked,SecondLifeViewer|FirestormViewer
lumiya_decompiled_source/com/google/common/collect/ForwardingNavigableMap.java,java,OK,,not-checked,SecondLifeViewer|FirestormViewer
lumiya_decompiled_source/com/google/common/collect/ForwardingNavigableSet.java,java,OK,,not-checked,SecondLifeViewer|FirestormViewer
lumiya_decompiled_source/com/google/common/collect/ForwardingObject.java,java,OK,,not-checked,SecondLifeViewer|FirestormViewer
lumiya_decompiled_source/com/google/common/collect/ForwardingQueue.java,java,OK,,not-checked,SecondLifeViewer|FirestormViewer
lumiya_decompiled_source/com/google/common/collect/ForwardingSet.java,java,OK,,not-checked,SecondLifeViewer|FirestormViewer
lumiya_decompiled_source/com/google/common/collect/ForwardingSetMultimap.java,java,OK,,not-checked,SecondLifeViewer|FirestormViewer
lumiya_decompiled_source/com/google/common/collect/ForwardingSortedMap.java,java,OK,,not-checked,SecondLifeViewer|FirestormViewer
lumiya_decompiled_source/com/google/common/collect/ForwardingSortedMultiset.java,java,OK,,not-checked,SecondLifeViewer|FirestormViewer
lumiya_decompiled_source/com/google/common/collect/ForwardingSortedSet.java,java,OK,,not-checked,SecondLifeViewer|FirestormViewer
lumiya_decompiled_source/com/google/common/collect/ForwardingSortedSetMultimap.java,java,OK,,not-checked,SecondLifeViewer|FirestormViewer
lumiya_decompiled_source/com/google/common/collect/ForwardingTable.java,java,OK,,not-checked,SecondLifeViewer|FirestormViewer
lumiya_decompiled_source/com/google/common/collect/GeneralRange.java,java,OK,,not-checked,SecondLifeViewer|FirestormViewer
lumiya_decompiled_source/com/google/common/collect/GenericMapMaker.java,java,OK,,not-checked,SecondLifeViewer|FirestormViewer
lumiya_decompiled_source/com/google/common/collect/GwtTransient.java,java,OK,,not-checked,SecondLifeViewer|FirestormViewer
lumiya_decompiled_source/com/google/common/collect/HashBasedTable.java,java,OK,,not-checked,SecondLifeViewer|FirestormViewer
lumiya_decompiled_source/com/google/common/collect/HashBiMap.java,java,OK,,not-checked,SecondLifeViewer|FirestormViewer
lumiya_decompiled_source/com/google/common/collect/HashMultimap.java,java,OK,,not-checked,SecondLifeViewer|FirestormViewer
lumiya_decompiled_source/com/google/common/collect/HashMultiset.java,java,OK,,not-checked,SecondLifeViewer|FirestormViewer
lumiya_decompiled_source/com/google/common/collect/Hashing.java,java,OK,,not-checked,SecondLifeViewer|FirestormViewer
lumiya_decompiled_source/com/google/common/collect/ImmutableAsList.java,java,OK,,not-checked,SecondLifeViewer|FirestormViewer
lumiya_decompiled_source/com/google/common/collect/ImmutableBiMap.java,java,FIXED,unsupported-operation,not-checked,SecondLifeViewer|FirestormViewer
lumiya_decompiled_source/com/google/common/collect/ImmutableClassToInstanceMap.java,java,FIXED,unsupported-operation,not-checked,SecondLifeViewer|FirestormViewer
lumiya_decompiled_source/com/google/common/collect/ImmutableCollection.java,java,FIXED,unsupported-operation,not-checked,SecondLifeViewer|FirestormViewer
lumiya_decompiled_source/com/google/common/collect/ImmutableEntry.java,java,FIXED,unsupported-operation,not-checked,SecondLifeViewer|FirestormViewer
lumiya_decompiled_source/com/google/common/collect/ImmutableEnumMap.java,java,OK,,not-checked,SecondLifeViewer|FirestormViewer
lumiya_decompiled_source/com/google/common/collect/ImmutableEnumSet.java,java,OK,,not-checked,SecondLifeViewer|FirestormViewer
lumiya_decompiled_source/com/google/common/collect/ImmutableList.java,java,FIXED,unsupported-operation,not-checked,SecondLifeViewer|FirestormViewer
lumiya_decompiled_source/com/google/common/collect/ImmutableListMultimap.java,java,FIXED,unsupported-operation,not-checked,SecondLifeViewer|FirestormViewer
lumiya_decompiled_source/com/google/common/collect/ImmutableMap.java,java,FIXED,unsupported-operation,not-checked,SecondLifeViewer|FirestormViewer
lumiya_decompiled_source/com/google/common/collect/ImmutableMapEntry.java,java,OK,,not-checked,SecondLifeViewer|FirestormViewer
lumiya_decompiled_source/com/google/common/collect/ImmutableMapEntrySet.java,java,OK,,not-checked,SecondLifeViewer|FirestormViewer
lumiya_decompiled_source/com/google/common/collect/ImmutableMapKeySet.java,java,OK,,not-checked,SecondLifeViewer|FirestormViewer
lumiya_decompiled_source/com/google/common/collect/ImmutableMapValues.java,java,OK,,not-checked,SecondLifeViewer|FirestormViewer
lumiya_decompiled_source/com/google/common/collect/ImmutableMultimap.java,java,FIXED,unsupported-operation,not-checked,SecondLifeViewer|FirestormViewer
lumiya_decompiled_source/com/google/common/collect/ImmutableMultiset.java,java,FIXED,unsupported-operation,not-checked,SecondLifeViewer|FirestormViewer
lumiya_decompiled_source/com/google/common/collect/ImmutableRangeMap.java,java,FIXED,unsupported-operation,not-checked,SecondLifeViewer|FirestormViewer
lumiya_decompiled_source/com/google/common/collect/ImmutableRangeSet.java,java,FIXED,unsupported-operation,not-checked,SecondLifeViewer|FirestormViewer
lumiya_decompiled_source/com/google/common/collect/ImmutableSet.java,java,OK,,not-checked,SecondLifeViewer|FirestormViewer
lumiya_decompiled_source/com/google/common/collect/ImmutableSetMultimap.java,java,FIXED,unsupported-operation,not-checked,SecondLifeViewer|FirestormViewer
lumiya_decompiled_source/com/google/common/collect/ImmutableSortedAsList.java,java,OK,,not-checked,SecondLifeViewer|FirestormViewer
lumiya_decompiled_source/com/google/common/collect/ImmutableSortedMap.java,java,FIXED,unsupported-operation,not-checked,SecondLifeViewer|FirestormViewer
lumiya_decompiled_source/com/google/common/collect/ImmutableSortedMapFauxverideShim.java,java,FIXED,unsupported-operation,not-checked,SecondLifeViewer|FirestormViewer
lumiya_decompiled_source/com/google/common/collect/ImmutableSortedMultiset.java,java,FIXED,unsupported-operation,not-checked,SecondLifeViewer|FirestormViewer
lumiya_decompiled_source/com/google/common/collect/ImmutableSortedMultisetFauxverideShim.java,java,FIXED,unsupported-operation,not-checked,SecondLifeViewer|FirestormViewer
lumiya_decompiled_source/com/google/common/collect/ImmutableSortedSet.java,java,FIXED,unsupported-operation,not-checked,SecondLifeViewer|FirestormViewer
lumiya_decompiled_source/com/google/common/collect/ImmutableSortedSetFauxverideShim.java,java,FIXED,unsupported-operation,not-checked,SecondLifeViewer|FirestormViewer
lumiya_decompiled_source/com/google/common/collect/ImmutableTable.java,java,FIXED,unsupported-operation,not-checked,SecondLifeViewer|FirestormViewer
lumiya_decompiled_source/com/google/common/collect/Interner.java,java,OK,,not-checked,SecondLifeViewer|FirestormViewer
lumiya_decompiled_source/com/google/common/collect/Interners.java,java,OK,,not-checked,SecondLifeViewer|FirestormViewer
lumiya_decompiled_source/com/google/common/collect/Iterables.java,java,FIXED,unsupported-operation,not-checked,SecondLifeViewer|FirestormViewer
lumiya_decompiled_source/com/google/common/collect/Iterators.java,java,BROKEN,decompilation-stub|unsupported-operation,not-checked,SecondLifeViewer|FirestormViewer
lumiya_decompiled_source/com/google/common/collect/LexicographicalOrdering.java,java,OK,,not-checked,SecondLifeViewer|FirestormViewer
lumiya_decompiled_source/com/google/common/collect/LinkedHashMultimap.java,java,OK,,not-checked,SecondLifeViewer|FirestormViewer
lumiya_decompiled_source/com/google/common/collect/LinkedHashMultiset.java,java,OK,,not-checked,SecondLifeViewer|FirestormViewer
lumiya_decompiled_source/com/google/common/collect/LinkedListMultimap.java,java,FIXED,unsupported-operation,not-checked,SecondLifeViewer|FirestormViewer
lumiya_decompiled_source/com/google/common/collect/ListMultimap.java,java,OK,,not-checked,SecondLifeViewer|FirestormViewer
lumiya_decompiled_source/com/google/common/collect/Lists.java,java,OK,,not-checked,SecondLifeViewer|FirestormViewer
lumiya_decompiled_source/com/google/common/collect/MapConstraint.java,java,OK,,not-checked,SecondLifeViewer|FirestormViewer
lumiya_decompiled_source/com/google/common/collect/MapConstraints.java,java,OK,,not-checked,SecondLifeViewer|FirestormViewer
lumiya_decompiled_source/com/google/common/collect/MapDifference.java,java,OK,,not-checked,SecondLifeViewer|FirestormViewer
lumiya_decompiled_source/com/google/common/collect/MapMaker.java,java,OK,,not-checked,SecondLifeViewer|FirestormViewer
lumiya_decompiled_source/com/google/common/collect/MapMakerInternalMap.java,java,BROKEN,decompilation-stub|unsupported-operation,not-checked,SecondLifeViewer|FirestormViewer
lumiya_decompiled_source/com/google/common/collect/Maps.java,java,FIXED,unsupported-operation,not-checked,SecondLifeViewer|FirestormViewer
lumiya_decompiled_source/com/google/common/collect/MinMaxPriorityQueue.java,java,OK,,not-checked,SecondLifeViewer|FirestormViewer
lumiya_decompiled_source/com/google/common/collect/Multimap.java,java,OK,,not-checked,SecondLifeViewer|FirestormViewer
lumiya_decompiled_source/com/google/common/collect/MultimapBuilder.java,java,OK,,not-checked,SecondLifeViewer|FirestormViewer
lumiya_decompiled_source/com/google/common/collect/Multimaps.java,java,FIXED,unsupported-operation,not-checked,SecondLifeViewer|FirestormViewer
lumiya_decompiled_source/com/google/common/collect/Multiset.java,java,OK,,not-checked,SecondLifeViewer|FirestormViewer
lumiya_decompiled_source/com/google/common/collect/Multisets.java,java,FIXED,unsupported-operation,not-checked,SecondLifeViewer|FirestormViewer
lumiya_decompiled_source/com/google/common/collect/MutableClassToInstanceMap.java,java,OK,,not-checked,SecondLifeViewer|FirestormViewer
lumiya_decompiled_source/com/google/common/collect/NaturalOrdering.java,java,OK,,not-checked,SecondLifeViewer|FirestormViewer
lumiya_decompiled_source/com/google/common/collect/NullsFirstOrdering.java,java,OK,,not-checked,SecondLifeViewer|FirestormViewer
lumiya_decompiled_source/com/google/common/collect/NullsLastOrdering.java,java,OK,,not-checked,SecondLifeViewer|FirestormViewer
lumiya_decompiled_source/com/google/common/collect/ObjectArrays.java,java,OK,,not-checked,SecondLifeViewer|FirestormViewer
lumiya_decompiled_source/com/google/common/collect/Ordering.java,java,OK,,not-checked,SecondLifeViewer|FirestormViewer
lumiya_decompiled_source/com/google/common/collect/PeekingIterator.java,java,OK,,not-checked,SecondLifeViewer|FirestormViewer
lumiya_decompiled_source/com/google/common/collect/Platform.java,java,OK,,not-checked,SecondLifeViewer|FirestormViewer
lumiya_decompiled_source/com/google/common/collect/Queues.java,java,OK,,not-checked,SecondLifeViewer|FirestormViewer
lumiya_decompiled_source/com/google/common/collect/Range.java,java,OK,,not-checked,SecondLifeViewer|FirestormViewer
lumiya_decompiled_source/com/google/common/collect/RangeMap.java,java,OK,,not-checked,SecondLifeViewer|FirestormViewer
lumiya_decompiled_source/com/google/common/collect/RangeSet.java,java,OK,,not-checked,SecondLifeViewer|FirestormViewer
lumiya_decompiled_source/com/google/common/collect/RegularContiguousSet.java,java,OK,,not-checked,SecondLifeViewer|FirestormViewer
lumiya_decompiled_source/com/google/common/collect/RegularImmutableAsList.java,java,OK,,not-checked,SecondLifeViewer|FirestormViewer
lumiya_decompiled_source/com/google/common/collect/RegularImmutableBiMap.java,java,OK,,not-checked,SecondLifeViewer|FirestormViewer
lumiya_decompiled_source/com/google/common/collect/RegularImmutableList.java,java,OK,,not-checked,SecondLifeViewer|FirestormViewer
lumiya_decompiled_source/com/google/common/collect/RegularImmutableMap.java,java,OK,,not-checked,SecondLifeViewer|FirestormViewer
lumiya_decompiled_source/com/google/common/collect/RegularImmutableMultiset.java,java,OK,,not-checked,SecondLifeViewer|FirestormViewer
lumiya_decompiled_source/com/google/common/collect/RegularImmutableSet.java,java,OK,,not-checked,SecondLifeViewer|FirestormViewer
lumiya_decompiled_source/com/google/common/collect/RegularImmutableSortedMultiset.java,java,OK,,not-checked,SecondLifeViewer|FirestormViewer
lumiya_decompiled_source/com/google/common/collect/RegularImmutableSortedSet.java,java,BROKEN,decompilation-stub|unsupported-operation,not-checked,SecondLifeViewer|FirestormViewer
lumiya_decompiled_source/com/google/common/collect/RegularImmutableTable.java,java,OK,,not-checked,SecondLifeViewer|FirestormViewer
lumiya_decompiled_source/com/google/common/collect/ReverseNaturalOrdering.java,java,OK,,not-checked,SecondLifeViewer|FirestormViewer
lumiya_decompiled_source/com/google/common/collect/ReverseOrdering.java,java,OK,,not-checked,SecondLifeViewer|FirestormViewer
lumiya_decompiled_source/com/google/common/collect/RowSortedTable.java,java,OK,,not-checked,SecondLifeViewer|FirestormViewer
lumiya_decompiled_source/com/google/common/collect/Serialization.java,java,OK,,not-checked,SecondLifeViewer|FirestormViewer
lumiya_decompiled_source/com/google/common/collect/SetMultimap.java,java,OK,,not-checked,SecondLifeViewer|FirestormViewer
lumiya_decompiled_source/com/google/common/collect/Sets.java,java,FIXED,unsupported-operation,not-checked,SecondLifeViewer|FirestormViewer
lumiya_decompiled_source/com/google/common/collect/SingletonImmutableBiMap.java,java,OK,,not-checked,SecondLifeViewer|FirestormViewer
lumiya_decompiled_source/com/google/common/collect/SingletonImmutableList.java,java,OK,,not-checked,SecondLifeViewer|FirestormViewer
lumiya_decompiled_source/com/google/common/collect/SingletonImmutableSet.java,java,OK,,not-checked,SecondLifeViewer|FirestormViewer
lumiya_decompiled_source/com/google/common/collect/SingletonImmutableTable.java,java,OK,,not-checked,SecondLifeViewer|FirestormViewer
lumiya_decompiled_source/com/google/common/collect/SortedIterable.java,java,OK,,not-checked,SecondLifeViewer|FirestormViewer
lumiya_decompiled_source/com/google/common/collect/SortedIterables.java,java,OK,,not-checked,SecondLifeViewer|FirestormViewer
lumiya_decompiled_source/com/google/common/collect/SortedLists.java,java,OK,,not-checked,SecondLifeViewer|FirestormViewer
lumiya_decompiled_source/com/google/common/collect/SortedMapDifference.java,java,OK,,not-checked,SecondLifeViewer|FirestormViewer
lumiya_decompiled_source/com/google/common/collect/SortedMultiset.java,java,OK,,not-checked,SecondLifeViewer|FirestormViewer
lumiya_decompiled_source/com/google/common/collect/SortedMultisetBridge.java,java,OK,,not-checked,SecondLifeViewer|FirestormViewer
lumiya_decompiled_source/com/google/common/collect/SortedMultisets.java,java,OK,,not-checked,SecondLifeViewer|FirestormViewer
lumiya_decompiled_source/com/google/common/collect/SortedSetMultimap.java,java,OK,,not-checked,SecondLifeViewer|FirestormViewer
lumiya_decompiled_source/com/google/common/collect/SparseImmutableTable.java,java,OK,,not-checked,SecondLifeViewer|FirestormViewer
lumiya_decompiled_source/com/google/common/collect/StandardRowSortedTable.java,java,OK,,not-checked,SecondLifeViewer|FirestormViewer
lumiya_decompiled_source/com/google/common/collect/StandardTable.java,java,OK,,not-checked,SecondLifeViewer|FirestormViewer
lumiya_decompiled_source/com/google/common/collect/Synchronized.java,java,OK,,not-checked,SecondLifeViewer|FirestormViewer
lumiya_decompiled_source/com/google/common/collect/Table.java,java,OK,,not-checked,SecondLifeViewer|FirestormViewer
lumiya_decompiled_source/com/google/common/collect/Tables.java,java,FIXED,unsupported-operation,not-checked,SecondLifeViewer|FirestormViewer
lumiya_decompiled_source/com/google/common/collect/TransformedIterator.java,java,OK,,not-checked,SecondLifeViewer|FirestormViewer
lumiya_decompiled_source/com/google/common/collect/TransformedListIterator.java,java,FIXED,unsupported-operation,not-checked,SecondLifeViewer|FirestormViewer
lumiya_decompiled_source/com/google/common/collect/TreeBasedTable.java,java,OK,,not-checked,SecondLifeViewer|FirestormViewer
lumiya_decompiled_source/com/google/common/collect/TreeMultimap.java,java,OK,,not-checked,SecondLifeViewer|FirestormViewer
lumiya_decompiled_source/com/google/common/collect/TreeMultiset.java,java,OK,,not-checked,SecondLifeViewer|FirestormViewer
lumiya_decompiled_source/com/google/common/collect/TreeRangeMap.java,java,OK,,not-checked,SecondLifeViewer|FirestormViewer
lumiya_decompiled_source/com/google/common/collect/TreeRangeSet.java,java,OK,,not-checked,SecondLifeViewer|FirestormViewer
lumiya_decompiled_source/com/google/common/collect/TreeTraverser.java,java,OK,,not-checked,SecondLifeViewer|FirestormViewer
lumiya_decompiled_source/com/google/common/collect/UnmodifiableIterator.java,java,FIXED,unsupported-operation,not-checked,SecondLifeViewer|FirestormViewer
lumiya_decompiled_source/com/google/common/collect/UnmodifiableListIterator.java,java,FIXED,unsupported-operation,not-checked,SecondLifeViewer|FirestormViewer
lumiya_decompiled_source/com/google/common/collect/UnmodifiableSortedMultiset.java,java,FIXED,unsupported-operation,not-checked,SecondLifeViewer|FirestormViewer
lumiya_decompiled_source/com/google/common/collect/UsingToStringOrdering.java,java,OK,,not-checked,SecondLifeViewer|FirestormViewer
lumiya_decompiled_source/com/google/common/collect/WellBehavedMap.java,java,OK,,not-checked,SecondLifeViewer|FirestormViewer
lumiya_decompiled_source/com/google/common/escape/ArrayBasedCharEscaper.java,java,OK,,not-checked,SecondLifeViewer|FirestormViewer
lumiya_decompiled_source/com/google/common/escape/ArrayBasedEscaperMap.java,java,OK,,not-checked,SecondLifeViewer|FirestormViewer
lumiya_decompiled_source/com/google/common/escape/ArrayBasedUnicodeEscaper.java,java,OK,,not-checked,SecondLifeViewer|FirestormViewer
lumiya_decompiled_source/com/google/common/escape/CharEscaper.java,java,OK,,not-checked,SecondLifeViewer|FirestormViewer
lumiya_decompiled_source/com/google/common/escape/CharEscaperBuilder.java,java,OK,,not-checked,SecondLifeViewer|FirestormViewer
lumiya_decompiled_source/com/google/common/escape/Escaper.java,java,OK,,not-checked,SecondLifeViewer|FirestormViewer
lumiya_decompiled_source/com/google/common/escape/Escapers.java,java,OK,,not-checked,SecondLifeViewer|FirestormViewer
lumiya_decompiled_source/com/google/common/escape/Platform.java,java,OK,,not-checked,SecondLifeViewer|FirestormViewer
lumiya_decompiled_source/com/google/common/escape/UnicodeEscaper.java,java,OK,,not-checked,SecondLifeViewer|FirestormViewer
lumiya_decompiled_source/com/google/common/eventbus/AllowConcurrentEvents.java,java,OK,,not-checked,SecondLifeViewer|FirestormViewer
lumiya_decompiled_source/com/google/common/eventbus/AsyncEventBus.java,java,OK,,not-checked,SecondLifeViewer|FirestormViewer
lumiya_decompiled_source/com/google/common/eventbus/DeadEvent.java,java,OK,,not-checked,SecondLifeViewer|FirestormViewer
lumiya_decompiled_source/com/google/common/eventbus/Dispatcher.java,java,BROKEN,decompilation-stub|unsupported-operation,not-checked,LibreMetaverse|SecondLifeViewer|FirestormViewer
lumiya_decompiled_source/com/google/common/eventbus/EventBus.java,java,OK,,not-checked,SecondLifeViewer|FirestormViewer
lumiya_decompiled_source/com/google/common/eventbus/Subscribe.java,java,OK,,not-checked,SecondLifeViewer|FirestormViewer
lumiya_decompiled_source/com/google/common/eventbus/Subscriber.java,java,OK,,not-checked,SecondLifeViewer|FirestormViewer
lumiya_decompiled_source/com/google/common/eventbus/SubscriberExceptionContext.java,java,OK,,not-checked,SecondLifeViewer|FirestormViewer
lumiya_decompiled_source/com/google/common/eventbus/SubscriberExceptionHandler.java,java,OK,,not-checked,SecondLifeViewer|FirestormViewer
lumiya_decompiled_source/com/google/common/eventbus/SubscriberRegistry.java,java,BROKEN,decompilation-stub|unsupported-operation,not-checked,SecondLifeViewer|FirestormViewer
lumiya_decompiled_source/com/google/common/hash/AbstractByteHasher.java,java,OK,,not-checked,SecondLifeViewer|FirestormViewer
lumiya_decompiled_source/com/google/common/hash/AbstractCompositeHashFunction.java,java,OK,,not-checked,SecondLifeViewer|FirestormViewer
lumiya_decompiled_source/com/google/common/hash/AbstractHasher.java,java,OK,,not-checked,SecondLifeViewer|FirestormViewer
lumiya_decompiled_source/com/google/common/hash/AbstractNonStreamingHashFunction.java,java,OK,,not-checked,SecondLifeViewer|FirestormViewer
lumiya_decompiled_source/com/google/common/hash/AbstractStreamingHashFunction.java,java,OK,,not-checked,SecondLifeViewer|FirestormViewer
lumiya_decompiled_source/com/google/common/hash/BloomFilter.java,java,OK,,not-checked,SecondLifeViewer|FirestormViewer
lumiya_decompiled_source/com/google/common/hash/BloomFilterStrategies.java,java,OK,,not-checked,SecondLifeViewer|FirestormViewer
lumiya_decompiled_source/com/google/common/hash/ChecksumHashFunction.java,java,OK,,not-checked,SecondLifeViewer|FirestormViewer
lumiya_decompiled_source/com/google/common/hash/Crc32cHashFunction.java,java,OK,,not-checked,SecondLifeViewer|FirestormViewer
lumiya_decompiled_source/com/google/common/hash/Funnel.java,java,OK,,not-checked,SecondLifeViewer|FirestormViewer
lumiya_decompiled_source/com/google/common/hash/Funnels.java,java,OK,,not-checked,SecondLifeViewer|FirestormViewer
lumiya_decompiled_source/com/google/common/hash/HashCode.java,java,OK,,not-checked,SecondLifeViewer|FirestormViewer
lumiya_decompiled_source/com/google/common/hash/HashFunction.java,java,OK,,not-checked,SecondLifeViewer|FirestormViewer
lumiya_decompiled_source/com/google/common/hash/Hasher.java,java,OK,,not-checked,SecondLifeViewer|FirestormViewer
lumiya_decompiled_source/com/google/common/hash/Hashing.java,java,OK,,not-checked,SecondLifeViewer|FirestormViewer
lumiya_decompiled_source/com/google/common/hash/HashingInputStream.java,java,OK,,not-checked,SecondLifeViewer|FirestormViewer
lumiya_decompiled_source/com/google/common/hash/HashingOutputStream.java,java,OK,,not-checked,SecondLifeViewer|FirestormViewer
lumiya_decompiled_source/com/google/common/hash/MessageDigestHashFunction.java,java,OK,,not-checked,SecondLifeViewer|FirestormViewer
lumiya_decompiled_source/com/google/common/hash/Murmur3_128HashFunction.java,java,OK,,not-checked,SecondLifeViewer|FirestormViewer
lumiya_decompiled_source/com/google/common/hash/Murmur3_32HashFunction.java,java,OK,,not-checked,SecondLifeViewer|FirestormViewer
lumiya_decompiled_source/com/google/common/hash/PrimitiveSink.java,java,OK,,not-checked,SecondLifeViewer|FirestormViewer
lumiya_decompiled_source/com/google/common/hash/SipHashFunction.java,java,OK,,not-checked,SecondLifeViewer|FirestormViewer
lumiya_decompiled_source/com/google/common/html/HtmlEscapers.java,java,OK,,not-checked,SecondLifeViewer|FirestormViewer
lumiya_decompiled_source/com/google/common/io/AppendableWriter.java,java,OK,,not-checked,SecondLifeViewer|FirestormViewer
lumiya_decompiled_source/com/google/common/io/BaseEncoding.java,java,BROKEN,decompilation-stub|unsupported-operation,not-checked,SecondLifeViewer|FirestormViewer
lumiya_decompiled_source/com/google/common/io/ByteArrayDataInput.java,java,OK,,not-checked,SecondLifeViewer|FirestormViewer
lumiya_decompiled_source/com/google/common/io/ByteArrayDataOutput.java,java,OK,,not-checked,SecondLifeViewer|FirestormViewer
lumiya_decompiled_source/com/google/common/io/ByteProcessor.java,java,OK,,not-checked,SecondLifeViewer|FirestormViewer
lumiya_decompiled_source/com/google/common/io/ByteSink.java,java,OK,,not-checked,SecondLifeViewer|FirestormViewer
lumiya_decompiled_source/com/google/common/io/ByteSource.java,java,OK,,not-checked,SecondLifeViewer|FirestormViewer
lumiya_decompiled_source/com/google/common/io/ByteStreams.java,java,OK,,not-checked,SecondLifeViewer|FirestormViewer
lumiya_decompiled_source/com/google/common/io/CharSequenceReader.java,java,OK,,not-checked,SecondLifeViewer|FirestormViewer
lumiya_decompiled_source/com/google/common/io/CharSink.java,java,OK,,not-checked,SecondLifeViewer|FirestormViewer
lumiya_decompiled_source/com/google/common/io/CharSource.java,java,OK,,not-checked,SecondLifeViewer|FirestormViewer
lumiya_decompiled_source/com/google/common/io/CharStreams.java,java,OK,,not-checked,SecondLifeViewer|FirestormViewer
lumiya_decompiled_source/com/google/common/io/Closeables.java,java,OK,,not-checked,SecondLifeViewer|FirestormViewer
lumiya_decompiled_source/com/google/common/io/Closer.java,java,OK,,not-checked,SecondLifeViewer|FirestormViewer
lumiya_decompiled_source/com/google/common/io/CountingInputStream.java,java,OK,,not-checked,SecondLifeViewer|FirestormViewer
lumiya_decompiled_source/com/google/common/io/CountingOutputStream.java,java,OK,,not-checked,SecondLifeViewer|FirestormViewer
lumiya_decompiled_source/com/google/common/io/FileBackedOutputStream.java,java,OK,,not-checked,SecondLifeViewer|FirestormViewer
lumiya_decompiled_source/com/google/common/io/FileWriteMode.java,java,OK,,not-checked,SecondLifeViewer|FirestormViewer
lumiya_decompiled_source/com/google/common/io/Files.java,java,OK,,not-checked,SecondLifeViewer|FirestormViewer
lumiya_decompiled_source/com/google/common/io/Flushables.java,java,OK,,not-checked,SecondLifeViewer|FirestormViewer
lumiya_decompiled_source/com/google/common/io/InputSupplier.java,java,OK,,not-checked,SecondLifeViewer|FirestormViewer
lumiya_decompiled_source/com/google/common/io/LineBuffer.java,java,OK,,not-checked,SecondLifeViewer|FirestormViewer
lumiya_decompiled_source/com/google/common/io/LineProcessor.java,java,OK,,not-checked,SecondLifeViewer|FirestormViewer
lumiya_decompiled_source/com/google/common/io/LineReader.java,java,OK,,not-checked,SecondLifeViewer|FirestormViewer
lumiya_decompiled_source/com/google/common/io/LittleEndianDataInputStream.java,java,FIXED,unsupported-operation,not-checked,SecondLifeViewer|FirestormViewer
lumiya_decompiled_source/com/google/common/io/LittleEndianDataOutputStream.java,java,OK,,not-checked,SecondLifeViewer|FirestormViewer
lumiya_decompiled_source/com/google/common/io/MultiInputStream.java,java,OK,,not-checked,SecondLifeViewer|FirestormViewer
lumiya_decompiled_source/com/google/common/io/MultiReader.java,java,OK,,not-checked,SecondLifeViewer|FirestormViewer
lumiya_decompiled_source/com/google/common/io/OutputSupplier.java,java,OK,,not-checked,SecondLifeViewer|FirestormViewer
lumiya_decompiled_source/com/google/common/io/PatternFilenameFilter.java,java,OK,,not-checked,SecondLifeViewer|FirestormViewer
lumiya_decompiled_source/com/google/common/io/Resources.java,java,OK,,not-checked,SecondLifeViewer|FirestormViewer
lumiya_decompiled_source/com/google/common/logging/nano/Vr.java,java,OK,,not-checked,SecondLifeViewer|FirestormViewer
lumiya_decompiled_source/com/google/common/logging/nano/Vr.kt,kt,OK,,not-checked,SecondLifeViewer|FirestormViewer
lumiya_decompiled_source/com/google/common/math/BigIntegerMath.java,java,OK,,not-checked,SecondLifeViewer|FirestormViewer
lumiya_decompiled_source/com/google/common/math/DoubleMath.java,java,OK,,not-checked,SecondLifeViewer|FirestormViewer
lumiya_decompiled_source/com/google/common/math/DoubleUtils.java,java,OK,,not-checked,SecondLifeViewer|FirestormViewer
lumiya_decompiled_source/com/google/common/math/IntMath.java,java,BROKEN,decompilation-stub|unsupported-operation,not-checked,SecondLifeViewer|FirestormViewer
lumiya_decompiled_source/com/google/common/math/LongMath.java,java,OK,,not-checked,SecondLifeViewer|FirestormViewer
lumiya_decompiled_source/com/google/common/math/MathPreconditions.java,java,OK,,not-checked,SecondLifeViewer|FirestormViewer
lumiya_decompiled_source/com/google/common/net/HostAndPort.java,java,OK,,not-checked,SecondLifeViewer|FirestormViewer
lumiya_decompiled_source/com/google/common/net/HostSpecifier.java,java,OK,,not-checked,SecondLifeViewer|FirestormViewer
lumiya_decompiled_source/com/google/common/net/HttpHeaders.java,java,OK,,not-checked,SecondLifeViewer|FirestormViewer
lumiya_decompiled_source/com/google/common/net/InetAddresses.java,java,OK,,not-checked,SecondLifeViewer|FirestormViewer
lumiya_decompiled_source/com/google/common/net/InternetDomainName.java,java,OK,,not-checked,SecondLifeViewer|FirestormViewer
lumiya_decompiled_source/com/google/common/net/MediaType.java,java,OK,,not-checked,SecondLifeViewer|FirestormViewer
lumiya_decompiled_source/com/google/common/net/PercentEscaper.java,java,OK,,not-checked,SecondLifeViewer|FirestormViewer
lumiya_decompiled_source/com/google/common/net/UrlEscapers.java,java,OK,,not-checked,SecondLifeViewer|FirestormViewer
lumiya_decompiled_source/com/google/common/primitives/Booleans.java,java,BROKEN,decompilation-stub|unsupported-operation,not-checked,SecondLifeViewer|FirestormViewer
lumiya_decompiled_source/com/google/common/primitives/Bytes.java,java,BROKEN,decompilation-stub|unsupported-operation,not-checked,SecondLifeViewer|FirestormViewer
lumiya_decompiled_source/com/google/common/primitives/Chars.java,java,BROKEN,decompilation-stub|unsupported-operation,not-checked,SecondLifeViewer|FirestormViewer
lumiya_decompiled_source/com/google/common/primitives/Doubles.java,java,BROKEN,decompilation-stub|unsupported-operation,not-checked,SecondLifeViewer|FirestormViewer
lumiya_decompiled_source/com/google/common/primitives/Floats.java,java,BROKEN,decompilation-stub|unsupported-operation,not-checked,SecondLifeViewer|FirestormViewer
lumiya_decompiled_source/com/google/common/primitives/Ints.java,java,BROKEN,decompilation-stub|unsupported-operation,not-checked,SecondLifeViewer|FirestormViewer
lumiya_decompiled_source/com/google/common/primitives/Longs.java,java,BROKEN,decompilation-stub|unsupported-operation,not-checked,SecondLifeViewer|FirestormViewer
lumiya_decompiled_source/com/google/common/primitives/ParseRequest.java,java,OK,,not-checked,SecondLifeViewer|FirestormViewer
lumiya_decompiled_source/com/google/common/primitives/Primitives.java,java,OK,,not-checked,SecondLifeViewer|FirestormViewer
lumiya_decompiled_source/com/google/common/primitives/Shorts.java,java,BROKEN,decompilation-stub|unsupported-operation,not-checked,SecondLifeViewer|FirestormViewer
lumiya_decompiled_source/com/google/common/primitives/SignedBytes.java,java,OK,,not-checked,SecondLifeViewer|FirestormViewer
lumiya_decompiled_source/com/google/common/primitives/UnsignedBytes.java,java,OK,,not-checked,SecondLifeViewer|FirestormViewer
lumiya_decompiled_source/com/google/common/primitives/UnsignedInteger.java,java,OK,,not-checked,SecondLifeViewer|FirestormViewer
lumiya_decompiled_source/com/google/common/primitives/UnsignedInts.java,java,OK,,not-checked,SecondLifeViewer|FirestormViewer
lumiya_decompiled_source/com/google/common/primitives/UnsignedLong.java,java,OK,,not-checked,SecondLifeViewer|FirestormViewer
lumiya_decompiled_source/com/google/common/primitives/UnsignedLongs.java,java,OK,,not-checked,SecondLifeViewer|FirestormViewer
lumiya_decompiled_source/com/google/common/reflect/AbstractInvocationHandler.java,java,OK,,not-checked,SecondLifeViewer|FirestormViewer
lumiya_decompiled_source/com/google/common/reflect/ClassPath.java,java,OK,,not-checked,SecondLifeViewer|FirestormViewer
lumiya_decompiled_source/com/google/common/reflect/Element.java,java,OK,,not-checked,SecondLifeViewer|FirestormViewer
lumiya_decompiled_source/com/google/common/reflect/ImmutableTypeToInstanceMap.java,java,FIXED,unsupported-operation,not-checked,SecondLifeViewer|FirestormViewer
lumiya_decompiled_source/com/google/common/reflect/Invokable.java,java,OK,,not-checked,SecondLifeViewer|FirestormViewer
lumiya_decompiled_source/com/google/common/reflect/MutableTypeToInstanceMap.java,java,FIXED,unsupported-operation,not-checked,SecondLifeViewer|FirestormViewer
lumiya_decompiled_source/com/google/common/reflect/Parameter.java,java,OK,,not-checked,SecondLifeViewer|FirestormViewer
lumiya_decompiled_source/com/google/common/reflect/Reflection.java,java,OK,,not-checked,SecondLifeViewer|FirestormViewer
lumiya_decompiled_source/com/google/common/reflect/TypeCapture.java,java,OK,,not-checked,SecondLifeViewer|FirestormViewer
lumiya_decompiled_source/com/google/common/reflect/TypeParameter.java,java,OK,,not-checked,SecondLifeViewer|FirestormViewer
lumiya_decompiled_source/com/google/common/reflect/TypeResolver.java,java,OK,,not-checked,SecondLifeViewer|FirestormViewer
lumiya_decompiled_source/com/google/common/reflect/TypeToInstanceMap.java,java,OK,,not-checked,SecondLifeViewer|FirestormViewer
lumiya_decompiled_source/com/google/common/reflect/TypeToken.java,java,FIXED,unsupported-operation,not-checked,SecondLifeViewer|FirestormViewer
lumiya_decompiled_source/com/google/common/reflect/TypeVisitor.java,java,BROKEN,decompilation-stub|unsupported-operation,not-checked,SecondLifeViewer|FirestormViewer
lumiya_decompiled_source/com/google/common/reflect/Types.java,java,FIXED,unsupported-operation,not-checked,SecondLifeViewer|FirestormViewer
lumiya_decompiled_source/com/google/common/util/concurrent/AbstractCheckedFuture.java,java,OK,,not-checked,SecondLifeViewer|FirestormViewer
lumiya_decompiled_source/com/google/common/util/concurrent/AbstractExecutionThreadService.java,java,OK,,not-checked,SecondLifeViewer|FirestormViewer
lumiya_decompiled_source/com/google/common/util/concurrent/AbstractFuture.java,java,OK,,not-checked,SecondLifeViewer|FirestormViewer
lumiya_decompiled_source/com/google/common/util/concurrent/AbstractIdleService.java,java,OK,,not-checked,SecondLifeViewer|FirestormViewer
lumiya_decompiled_source/com/google/common/util/concurrent/AbstractListeningExecutorService.java,java,OK,,not-checked,SecondLifeViewer|FirestormViewer
lumiya_decompiled_source/com/google/common/util/concurrent/AbstractScheduledService.java,java,FIXED,unsupported-operation,not-checked,SecondLifeViewer|FirestormViewer
lumiya_decompiled_source/com/google/common/util/concurrent/AbstractService.java,java,OK,,not-checked,SecondLifeViewer|FirestormViewer
lumiya_decompiled_source/com/google/common/util/concurrent/AggregateFuture.java,java,OK,,not-checked,SecondLifeViewer|FirestormViewer
lumiya_decompiled_source/com/google/common/util/concurrent/AggregateFutureState.java,java,OK,,not-checked,LibreMetaverse|SecondLifeViewer|FirestormViewer
lumiya_decompiled_source/com/google/common/util/concurrent/AsyncFunction.java,java,OK,,not-checked,SecondLifeViewer|FirestormViewer
lumiya_decompiled_source/com/google/common/util/concurrent/AtomicDouble.java,java,OK,,not-checked,SecondLifeViewer|FirestormViewer
lumiya_decompiled_source/com/google/common/util/concurrent/AtomicDoubleArray.java,java,OK,,not-checked,SecondLifeViewer|FirestormViewer
lumiya_decompiled_source/com/google/common/util/concurrent/AtomicLongMap.java,java,OK,,not-checked,SecondLifeViewer|FirestormViewer
lumiya_decompiled_source/com/google/common/util/concurrent/Atomics.java,java,OK,,not-checked,SecondLifeViewer|FirestormViewer
lumiya_decompiled_source/com/google/common/util/concurrent/Callables.java,java,OK,,not-checked,SecondLifeViewer|FirestormViewer
lumiya_decompiled_source/com/google/common/util/concurrent/CheckedFuture.java,java,OK,,not-checked,SecondLifeViewer|FirestormViewer
lumiya_decompiled_source/com/google/common/util/concurrent/CollectionFuture.java,java,OK,,not-checked,SecondLifeViewer|FirestormViewer
lumiya_decompiled_source/com/google/common/util/concurrent/CycleDetectingLockFactory.java,java,OK,,not-checked,SecondLifeViewer|FirestormViewer
lumiya_decompiled_source/com/google/common/util/concurrent/ExecutionError.java,java,OK,,not-checked,SecondLifeViewer|FirestormViewer
lumiya_decompiled_source/com/google/common/util/concurrent/ExecutionList.java,java,OK,,not-checked,SecondLifeViewer|FirestormViewer
lumiya_decompiled_source/com/google/common/util/concurrent/FakeTimeLimiter.java,java,OK,,not-checked,SecondLifeViewer|FirestormViewer
lumiya_decompiled_source/com/google/common/util/concurrent/ForwardingBlockingQueue.java,java,OK,,not-checked,SecondLifeViewer|FirestormViewer
lumiya_decompiled_source/com/google/common/util/concurrent/ForwardingCheckedFuture.java,java,OK,,not-checked,SecondLifeViewer|FirestormViewer
lumiya_decompiled_source/com/google/common/util/concurrent/ForwardingExecutorService.java,java,OK,,not-checked,SecondLifeViewer|FirestormViewer
lumiya_decompiled_source/com/google/common/util/concurrent/ForwardingFuture.java,java,OK,,not-checked,SecondLifeViewer|FirestormViewer
lumiya_decompiled_source/com/google/common/util/concurrent/ForwardingListenableFuture.java,java,OK,,not-checked,SecondLifeViewer|FirestormViewer
lumiya_decompiled_source/com/google/common/util/concurrent/ForwardingListeningExecutorService.java,java,OK,,not-checked,SecondLifeViewer|FirestormViewer
lumiya_decompiled_source/com/google/common/util/concurrent/FutureCallback.java,java,OK,,not-checked,SecondLifeViewer|FirestormViewer
lumiya_decompiled_source/com/google/common/util/concurrent/FutureFallback.java,java,OK,,not-checked,SecondLifeViewer|FirestormViewer
lumiya_decompiled_source/com/google/common/util/concurrent/Futures.java,java,BROKEN,decompilation-stub|unsupported-operation,not-checked,SecondLifeViewer|FirestormViewer
lumiya_decompiled_source/com/google/common/util/concurrent/FuturesGetChecked.java,java,OK,,not-checked,SecondLifeViewer|FirestormViewer
lumiya_decompiled_source/com/google/common/util/concurrent/GwtFuturesCatchingSpecialization.java,java,OK,,not-checked,SecondLifeViewer|FirestormViewer
lumiya_decompiled_source/com/google/common/util/concurrent/InterruptibleTask.java,java,OK,,not-checked,SecondLifeViewer|FirestormViewer
lumiya_decompiled_source/com/google/common/util/concurrent/JdkFutureAdapters.java,java,OK,,not-checked,SecondLifeViewer|FirestormViewer
lumiya_decompiled_source/com/google/common/util/concurrent/ListenableFuture.java,java,OK,,not-checked,SecondLifeViewer|FirestormViewer
lumiya_decompiled_source/com/google/common/util/concurrent/ListenableFutureTask.java,java,OK,,not-checked,SecondLifeViewer|FirestormViewer
lumiya_decompiled_source/com/google/common/util/concurrent/ListenableScheduledFuture.java,java,OK,,not-checked,SecondLifeViewer|FirestormViewer
lumiya_decompiled_source/com/google/common/util/concurrent/ListenerCallQueue.java,java,BROKEN,decompilation-stub|unsupported-operation,not-checked,SecondLifeViewer|FirestormViewer
lumiya_decompiled_source/com/google/common/util/concurrent/ListeningExecutorService.java,java,OK,,not-checked,SecondLifeViewer|FirestormViewer
lumiya_decompiled_source/com/google/common/util/concurrent/ListeningScheduledExecutorService.java,java,OK,,not-checked,SecondLifeViewer|FirestormViewer
lumiya_decompiled_source/com/google/common/util/concurrent/Monitor.java,java,BROKEN,decompilation-stub|unsupported-operation,not-checked,SecondLifeViewer|FirestormViewer
lumiya_decompiled_source/com/google/common/util/concurrent/MoreExecutors.java,java,OK,,not-checked,SecondLifeViewer|FirestormViewer
lumiya_decompiled_source/com/google/common/util/concurrent/Platform.java,java,OK,,not-checked,SecondLifeViewer|FirestormViewer
lumiya_decompiled_source/com/google/common/util/concurrent/RateLimiter.java,java,OK,,not-checked,SecondLifeViewer|FirestormViewer
lumiya_decompiled_source/com/google/common/util/concurrent/Runnables.java,java,OK,,not-checked,SecondLifeViewer|FirestormViewer
lumiya_decompiled_source/com/google/common/util/concurrent/SerializingExecutor.java,java,OK,,not-checked,SecondLifeViewer|FirestormViewer
lumiya_decompiled_source/com/google/common/util/concurrent/Service.java,java,OK,,not-checked,SecondLifeViewer|FirestormViewer
lumiya_decompiled_source/com/google/common/util/concurrent/ServiceManager.java,java,OK,,not-checked,SecondLifeViewer|FirestormViewer
lumiya_decompiled_source/com/google/common/util/concurrent/SettableFuture.java,java,OK,,not-checked,SecondLifeViewer|FirestormViewer
lumiya_decompiled_source/com/google/common/util/concurrent/SimpleTimeLimiter.java,java,OK,,not-checked,SecondLifeViewer|FirestormViewer
lumiya_decompiled_source/com/google/common/util/concurrent/SmoothRateLimiter.java,java,OK,,not-checked,SecondLifeViewer|FirestormViewer
lumiya_decompiled_source/com/google/common/util/concurrent/Striped.java,java,OK,,not-checked,SecondLifeViewer|FirestormViewer
lumiya_decompiled_source/com/google/common/util/concurrent/ThreadFactoryBuilder.java,java,OK,,not-checked,SecondLifeViewer|FirestormViewer
lumiya_decompiled_source/com/google/common/util/concurrent/TimeLimiter.java,java,OK,,not-checked,SecondLifeViewer|FirestormViewer
lumiya_decompiled_source/com/google/common/util/concurrent/TrustedListenableFutureTask.java,java,OK,,not-checked,SecondLifeViewer|FirestormViewer
lumiya_decompiled_source/com/google/common/util/concurrent/UncaughtExceptionHandlers.java,java,OK,,not-checked,SecondLifeViewer|FirestormViewer
lumiya_decompiled_source/com/google/common/util/concurrent/UncheckedExecutionException.java,java,OK,,not-checked,SecondLifeViewer|FirestormViewer
lumiya_decompiled_source/com/google/common/util/concurrent/UncheckedTimeoutException.java,java,OK,,not-checked,SecondLifeViewer|FirestormViewer
lumiya_decompiled_source/com/google/common/util/concurrent/Uninterruptibles.java,java,OK,,not-checked,SecondLifeViewer|FirestormViewer
lumiya_decompiled_source/com/google/common/util/concurrent/WrappingExecutorService.java,java,OK,,not-checked,SecondLifeViewer|FirestormViewer
lumiya_decompiled_source/com/google/common/util/concurrent/WrappingScheduledExecutorService.java,java,OK,,not-checked,SecondLifeViewer|FirestormViewer
lumiya_decompiled_source/com/google/common/xml/XmlEscapers.java,java,OK,,not-checked,SecondLifeViewer|FirestormViewer
lumiya_decompiled_source/com/google/gson/DefaultDateTypeAdapter.java,java,OK,,not-checked,SecondLifeViewer|FirestormViewer
lumiya_decompiled_source/com/google/gson/ExclusionStrategy.java,java,OK,,not-checked,SecondLifeViewer|FirestormViewer
lumiya_decompiled_source/com/google/gson/FieldAttributes.java,java,OK,,not-checked,SecondLifeViewer|FirestormViewer
lumiya_decompiled_source/com/google/gson/FieldNamingPolicy.java,java,OK,,not-checked,SecondLifeViewer|FirestormViewer
lumiya_decompiled_source/com/google/gson/FieldNamingStrategy.java,java,OK,,not-checked,SecondLifeViewer|FirestormViewer
lumiya_decompiled_source/com/google/gson/Gson.java,java,OK,,not-checked,SecondLifeViewer|FirestormViewer
lumiya_decompiled_source/com/google/gson/GsonBuilder.java,java,OK,,not-checked,SecondLifeViewer|FirestormViewer
lumiya_decompiled_source/com/google/gson/InstanceCreator.java,java,OK,,not-checked,SecondLifeViewer|FirestormViewer
lumiya_decompiled_source/com/google/gson/JsonArray.java,java,OK,,not-checked,SecondLifeViewer|FirestormViewer
lumiya_decompiled_source/com/google/gson/JsonDeserializationContext.java,java,OK,,not-checked,SecondLifeViewer|FirestormViewer
lumiya_decompiled_source/com/google/gson/JsonDeserializer.java,java,OK,,not-checked,SecondLifeViewer|FirestormViewer
lumiya_decompiled_source/com/google/gson/JsonElement.java,java,FIXED,unsupported-operation,not-checked,SecondLifeViewer|FirestormViewer
lumiya_decompiled_source/com/google/gson/JsonIOException.java,java,OK,,not-checked,SecondLifeViewer|FirestormViewer
lumiya_decompiled_source/com/google/gson/JsonNull.java,java,OK,,not-checked,SecondLifeViewer|FirestormViewer
lumiya_decompiled_source/com/google/gson/JsonObject.java,java,OK,,not-checked,SecondLifeViewer|FirestormViewer
lumiya_decompiled_source/com/google/gson/JsonParseException.java,java,OK,,not-checked,SecondLifeViewer|FirestormViewer
lumiya_decompiled_source/com/google/gson/JsonParser.java,java,OK,,not-checked,SecondLifeViewer|FirestormViewer
lumiya_decompiled_source/com/google/gson/JsonPrimitive.java,java,OK,,not-checked,SecondLifeViewer|FirestormViewer
lumiya_decompiled_source/com/google/gson/JsonSerializationContext.java,java,OK,,not-checked,SecondLifeViewer|FirestormViewer
lumiya_decompiled_source/com/google/gson/JsonSerializer.java,java,OK,,not-checked,SecondLifeViewer|FirestormViewer
lumiya_decompiled_source/com/google/gson/JsonStreamParser.java,java,FIXED,unsupported-operation,not-checked,SecondLifeViewer|FirestormViewer
lumiya_decompiled_source/com/google/gson/JsonSyntaxException.java,java,OK,,not-checked,SecondLifeViewer|FirestormViewer
lumiya_decompiled_source/com/google/gson/LongSerializationPolicy.java,java,OK,,not-checked,SecondLifeViewer|FirestormViewer
lumiya_decompiled_source/com/google/gson/TypeAdapter.java,java,OK,,not-checked,SecondLifeViewer|FirestormViewer
lumiya_decompiled_source/com/google/gson/TypeAdapterFactory.java,java,OK,,not-checked,SecondLifeViewer|FirestormViewer
lumiya_decompiled_source/com/google/gson/annotations/Expose.java,java,OK,,not-checked,SecondLifeViewer|FirestormViewer
lumiya_decompiled_source/com/google/gson/annotations/JsonAdapter.java,java,OK,,not-checked,SecondLifeViewer|FirestormViewer
lumiya_decompiled_source/com/google/gson/annotations/SerializedName.java,java,OK,,not-checked,SecondLifeViewer|FirestormViewer
lumiya_decompiled_source/com/google/gson/annotations/Since.java,java,OK,,not-checked,SecondLifeViewer|FirestormViewer
lumiya_decompiled_source/com/google/gson/annotations/Until.java,java,OK,,not-checked,SecondLifeViewer|FirestormViewer
lumiya_decompiled_source/com/google/gson/internal/C$Gson$Preconditions.java,java,FIXED,unsupported-operation,not-checked,SecondLifeViewer|FirestormViewer
lumiya_decompiled_source/com/google/gson/internal/C$Gson$Types.java,java,FIXED,unsupported-operation,not-checked,SecondLifeViewer|FirestormViewer
lumiya_decompiled_source/com/google/gson/internal/ConstructorConstructor.java,java,OK,,not-checked,SecondLifeViewer|FirestormViewer
lumiya_decompiled_source/com/google/gson/internal/Excluder.java,java,OK,,not-checked,SecondLifeViewer|FirestormViewer
lumiya_decompiled_source/com/google/gson/internal/JsonReaderInternalAccess.java,java,OK,,not-checked,SecondLifeViewer|FirestormViewer
lumiya_decompiled_source/com/google/gson/internal/LazilyParsedNumber.java,java,OK,,not-checked,SecondLifeViewer|FirestormViewer
lumiya_decompiled_source/com/google/gson/internal/LinkedHashTreeMap.java,java,OK,,not-checked,SecondLifeViewer|FirestormViewer
lumiya_decompiled_source/com/google/gson/internal/LinkedTreeMap.java,java,OK,,not-checked,SecondLifeViewer|FirestormViewer
lumiya_decompiled_source/com/google/gson/internal/ObjectConstructor.java,java,OK,,not-checked,SecondLifeViewer|FirestormViewer
lumiya_decompiled_source/com/google/gson/internal/Primitives.java,java,FIXED,unsupported-operation,not-checked,SecondLifeViewer|FirestormViewer
lumiya_decompiled_source/com/google/gson/internal/Streams.java,java,FIXED,unsupported-operation,not-checked,SecondLifeViewer|FirestormViewer
lumiya_decompiled_source/com/google/gson/internal/UnsafeAllocator.java,java,FIXED,unsupported-operation,not-checked,SecondLifeViewer|FirestormViewer
lumiya_decompiled_source/com/google/gson/internal/bind/ArrayTypeAdapter.java,java,OK,,not-checked,SecondLifeViewer|FirestormViewer
lumiya_decompiled_source/com/google/gson/internal/bind/CollectionTypeAdapterFactory.java,java,OK,,not-checked,SecondLifeViewer|FirestormViewer
lumiya_decompiled_source/com/google/gson/internal/bind/DateTypeAdapter.java,java,OK,,not-checked,SecondLifeViewer|FirestormViewer
lumiya_decompiled_source/com/google/gson/internal/bind/JsonAdapterAnnotationTypeAdapterFactory.java,java,OK,,not-checked,SecondLifeViewer|FirestormViewer
lumiya_decompiled_source/com/google/gson/internal/bind/JsonTreeReader.java,java,OK,,not-checked,SecondLifeViewer|FirestormViewer
lumiya_decompiled_source/com/google/gson/internal/bind/JsonTreeWriter.java,java,OK,,not-checked,SecondLifeViewer|FirestormViewer
lumiya_decompiled_source/com/google/gson/internal/bind/MapTypeAdapterFactory.java,java,OK,,not-checked,SecondLifeViewer|FirestormViewer
lumiya_decompiled_source/com/google/gson/internal/bind/ObjectTypeAdapter.java,java,OK,,not-checked,SecondLifeViewer|FirestormViewer
lumiya_decompiled_source/com/google/gson/internal/bind/ReflectiveTypeAdapterFactory.java,java,OK,,not-checked,SecondLifeViewer|FirestormViewer
lumiya_decompiled_source/com/google/gson/internal/bind/SqlDateTypeAdapter.java,java,OK,,not-checked,SecondLifeViewer|FirestormViewer
lumiya_decompiled_source/com/google/gson/internal/bind/TimeTypeAdapter.java,java,OK,,not-checked,SecondLifeViewer|FirestormViewer
lumiya_decompiled_source/com/google/gson/internal/bind/TreeTypeAdapter.java,java,OK,,not-checked,SecondLifeViewer|FirestormViewer
lumiya_decompiled_source/com/google/gson/internal/bind/TypeAdapterRuntimeTypeWrapper.java,java,OK,,not-checked,SecondLifeViewer|FirestormViewer
lumiya_decompiled_source/com/google/gson/internal/bind/TypeAdapters.java,java,FIXED,unsupported-operation,not-checked,SecondLifeViewer|FirestormViewer
lumiya_decompiled_source/com/google/gson/internal/bind/util/ISO8601Utils.java,java,BROKEN,decompilation-stub|unsupported-operation,not-checked,LibreMetaverse|SecondLifeViewer|FirestormViewer
lumiya_decompiled_source/com/google/gson/reflect/TypeToken.java,java,OK,,not-checked,SecondLifeViewer|FirestormViewer
lumiya_decompiled_source/com/google/gson/stream/JsonReader.java,java,BROKEN,decompilation-stub|unsupported-operation,not-checked,SecondLifeViewer|FirestormViewer
lumiya_decompiled_source/com/google/gson/stream/JsonScope.java,java,OK,,not-checked,SecondLifeViewer|FirestormViewer
lumiya_decompiled_source/com/google/gson/stream/JsonToken.java,java,OK,,not-checked,SecondLifeViewer|FirestormViewer
lumiya_decompiled_source/com/google/gson/stream/JsonWriter.java,java,BROKEN,decompilation-stub|unsupported-operation,not-checked,SecondLifeViewer|FirestormViewer
lumiya_decompiled_source/com/google/gson/stream/MalformedJsonException.java,java,OK,,not-checked,SecondLifeViewer|FirestormViewer
lumiya_decompiled_source/com/google/protobuf/nano/CodedInputByteBufferNano.java,java,OK,,not-checked,SecondLifeViewer|FirestormViewer
lumiya_decompiled_source/com/google/protobuf/nano/CodedOutputByteBufferNano.java,java,OK,,not-checked,LibreMetaverse|SecondLifeViewer|FirestormViewer
lumiya_decompiled_source/com/google/protobuf/nano/ExtendableMessageNano.java,java,OK,,not-checked,SecondLifeViewer|FirestormViewer
lumiya_decompiled_source/com/google/protobuf/nano/Extension.java,java,OK,,not-checked,SecondLifeViewer|FirestormViewer
lumiya_decompiled_source/com/google/protobuf/nano/FieldArray.java,java,OK,,not-checked,SecondLifeViewer|FirestormViewer
lumiya_decompiled_source/com/google/protobuf/nano/FieldData.java,java,OK,,not-checked,SecondLifeViewer|FirestormViewer
lumiya_decompiled_source/com/google/protobuf/nano/InternalNano.java,java,BROKEN,decompilation-stub|unsupported-operation,not-checked,LibreMetaverse|SecondLifeViewer|FirestormViewer
lumiya_decompiled_source/com/google/protobuf/nano/InvalidProtocolBufferNanoException.java,java,OK,,not-checked,SecondLifeViewer|FirestormViewer
lumiya_decompiled_source/com/google/protobuf/nano/MapFactories.java,java,OK,,not-checked,SecondLifeViewer|FirestormViewer
lumiya_decompiled_source/com/google/protobuf/nano/MessageNano.java,java,OK,,not-checked,SecondLifeViewer|FirestormViewer
lumiya_decompiled_source/com/google/protobuf/nano/MessageNanoPrinter.java,java,OK,,not-checked,SecondLifeViewer|FirestormViewer
lumiya_decompiled_source/com/google/protobuf/nano/UnknownFieldData.java,java,OK,,not-checked,SecondLifeViewer|FirestormViewer
lumiya_decompiled_source/com/google/protobuf/nano/WireFormatNano.java,java,OK,,not-checked,SecondLifeViewer|FirestormViewer
lumiya_decompiled_source/com/google/thirdparty/publicsuffix/PublicSuffixPatterns.java,java,OK,,not-checked,SecondLifeViewer|FirestormViewer
lumiya_decompiled_source/com/google/thirdparty/publicsuffix/PublicSuffixType.java,java,OK,,not-checked,SecondLifeViewer|FirestormViewer
lumiya_decompiled_source/com/google/thirdparty/publicsuffix/TrieParser.java,java,BROKEN,decompilation-stub|unsupported-operation,not-checked,LibreMetaverse|SecondLifeViewer|FirestormViewer
lumiya_decompiled_source/com/google/vr/audio/DeviceInfo.java,java,OK,,not-checked,SecondLifeViewer|FirestormViewer
lumiya_decompiled_source/com/google/vr/cardboard/AndroidNCompat.java,java,FIXED,unsupported-operation,not-checked,SecondLifeViewer|FirestormViewer
lumiya_decompiled_source/com/google/vr/cardboard/CardboardGLSurfaceView.java,java,OK,,not-checked,SecondLifeViewer|FirestormViewer
lumiya_decompiled_source/com/google/vr/cardboard/ConfigUtils.java,java,OK,,not-checked,SecondLifeViewer|FirestormViewer
lumiya_decompiled_source/com/google/vr/cardboard/ContentProviderVrParamsProvider.java,java,BROKEN,decompilation-stub|unsupported-operation,not-checked,LibreMetaverse|SecondLifeViewer|FirestormViewer
lumiya_decompiled_source/com/google/vr/cardboard/ContextUtils.java,java,OK,,not-checked,SecondLifeViewer|FirestormViewer
lumiya_decompiled_source/com/google/vr/cardboard/DisplaySynchronizer.java,java,BROKEN,decompilation-stub|unsupported-operation,not-checked,SecondLifeViewer|FirestormViewer
lumiya_decompiled_source/com/google/vr/cardboard/DisplayUtils.java,java,OK,,not-checked,SecondLifeViewer|FirestormViewer
lumiya_decompiled_source/com/google/vr/cardboard/EglFactory.java,java,OK,,not-checked,SecondLifeViewer|FirestormViewer
lumiya_decompiled_source/com/google/vr/cardboard/ExternalSurfaceManager.java,java,OK,,not-checked,SecondLifeViewer|FirestormViewer
lumiya_decompiled_source/com/google/vr/cardboard/FrameMonitor.java,java,OK,,not-checked,SecondLifeViewer|FirestormViewer
lumiya_decompiled_source/com/google/vr/cardboard/FullscreenMode.java,java,OK,,not-checked,SecondLifeViewer|FirestormViewer
lumiya_decompiled_source/com/google/vr/cardboard/LegacyVrParamsProvider.java,java,OK,,not-checked,SecondLifeViewer|FirestormViewer
lumiya_decompiled_source/com/google/vr/cardboard/MutableEglConfigChooser.java,java,OK,,not-checked,SecondLifeViewer|FirestormViewer
lumiya_decompiled_source/com/google/vr/cardboard/NFCUtils.java,java,OK,,not-checked,SecondLifeViewer|FirestormViewer
lumiya_decompiled_source/com/google/vr/cardboard/PackageUtils.java,java,OK,,not-checked,SecondLifeViewer|FirestormViewer
lumiya_decompiled_source/com/google/vr/cardboard/PerfMonitor.java,java,FIXED,unsupported-operation,not-checked,SecondLifeViewer|FirestormViewer
lumiya_decompiled_source/com/google/vr/cardboard/PhoneParams.java,java,OK,,not-checked,SecondLifeViewer|FirestormViewer
lumiya_decompiled_source/com/google/vr/cardboard/R.java,java,OK,,not-checked,SecondLifeViewer|FirestormViewer
lumiya_decompiled_source/com/google/vr/cardboard/ScanlineRacingRenderer.java,java,OK,,not-checked,SecondLifeViewer|FirestormViewer
lumiya_decompiled_source/com/google/vr/cardboard/ScreenOrientationDetector.java,java,OK,,not-checked,SecondLifeViewer|FirestormViewer
lumiya_decompiled_source/com/google/vr/cardboard/StoragePermissionUtils.java,java,OK,,not-checked,SecondLifeViewer|FirestormViewer
lumiya_decompiled_source/com/google/vr/cardboard/ThreadUtils.java,java,OK,,not-checked,SecondLifeViewer|FirestormViewer
lumiya_decompiled_source/com/google/vr/cardboard/TransitionView.java,java,OK,,not-checked,SecondLifeViewer|FirestormViewer
lumiya_decompiled_source/com/google/vr/cardboard/UiLayer.java,java,OK,,not-checked,SecondLifeViewer|FirestormViewer
lumiya_decompiled_source/com/google/vr/cardboard/UiUtils.java,java,OK,,not-checked,SecondLifeViewer|FirestormViewer
lumiya_decompiled_source/com/google/vr/cardboard/UsedByNative.java,java,OK,,not-checked,SecondLifeViewer|FirestormViewer
lumiya_decompiled_source/com/google/vr/cardboard/VrCoreLibraryLoader.java,java,OK,,not-checked,SecondLifeViewer|FirestormViewer
lumiya_decompiled_source/com/google/vr/cardboard/VrParamsProvider.java,java,OK,,not-checked,SecondLifeViewer|FirestormViewer
lumiya_decompiled_source/com/google/vr/cardboard/VrParamsProviderFactory.java,java,OK,,not-checked,SecondLifeViewer|FirestormViewer
lumiya_decompiled_source/com/google/vr/cardboard/VrParamsProviderJni.java,java,OK,,not-checked,SecondLifeViewer|FirestormViewer
lumiya_decompiled_source/com/google/vr/cardboard/VrSettingsProviderContract.java,java,OK,,not-checked,SecondLifeViewer|FirestormViewer
lumiya_decompiled_source/com/google/vr/cardboard/annotations/UsedByNative.java,java,OK,,not-checked,SecondLifeViewer|FirestormViewer
lumiya_decompiled_source/com/google/vr/cardboard/annotations/UsedByReflection.java,java,OK,,not-checked,SecondLifeViewer|FirestormViewer
lumiya_decompiled_source/com/google/vr/internal/controller/NativeCallbacks.java,java,OK,,not-checked,LibreMetaverse|SecondLifeViewer|FirestormViewer
lumiya_decompiled_source/com/google/vr/internal/controller/ServiceBridge.java,java,OK,,not-checked,LibreMetaverse|SecondLifeViewer|FirestormViewer
lumiya_decompiled_source/com/google/vr/ndk/base/AndroidCompat.java,java,OK,,not-checked,SecondLifeViewer|FirestormViewer
lumiya_decompiled_source/com/google/vr/ndk/base/BufferSpec.java,java,OK,,not-checked,SecondLifeViewer|FirestormViewer
lumiya_decompiled_source/com/google/vr/ndk/base/BufferViewport.java,java,OK,,not-checked,SecondLifeViewer|FirestormViewer
lumiya_decompiled_source/com/google/vr/ndk/base/BufferViewportList.java,java,OK,,not-checked,SecondLifeViewer|FirestormViewer
lumiya_decompiled_source/com/google/vr/ndk/base/BuildConstants.java,java,OK,,not-checked,SecondLifeViewer|FirestormViewer
lumiya_decompiled_source/com/google/vr/ndk/base/BuildFlags.java,java,OK,,not-checked,SecondLifeViewer|FirestormViewer
lumiya_decompiled_source/com/google/vr/ndk/base/CardboardEmulator.java,java,OK,,not-checked,LibreMetaverse|SecondLifeViewer|FirestormViewer
lumiya_decompiled_source/com/google/vr/ndk/base/Constants.java,java,OK,,not-checked,SecondLifeViewer|FirestormViewer
lumiya_decompiled_source/com/google/vr/ndk/base/DaydreamAlignment.java,java,OK,,not-checked,SecondLifeViewer|FirestormViewer
lumiya_decompiled_source/com/google/vr/ndk/base/DaydreamApi.java,java,BROKEN,decompilation-stub|unsupported-operation,not-checked,SecondLifeViewer|FirestormViewer
lumiya_decompiled_source/com/google/vr/ndk/base/DaydreamUtils.java,java,OK,,not-checked,SecondLifeViewer|FirestormViewer
lumiya_decompiled_source/com/google/vr/ndk/base/DaydreamUtilsWrapper.java,java,OK,,not-checked,SecondLifeViewer|FirestormViewer
lumiya_decompiled_source/com/google/vr/ndk/base/FadeOverlayView.java,java,OK,,not-checked,SecondLifeViewer|FirestormViewer
lumiya_decompiled_source/com/google/vr/ndk/base/Frame.java,java,OK,,not-checked,SecondLifeViewer|FirestormViewer
lumiya_decompiled_source/com/google/vr/ndk/base/GvrApi.java,java,OK,,not-checked,SecondLifeViewer|FirestormViewer
lumiya_decompiled_source/com/google/vr/ndk/base/GvrLayout.java,java,BROKEN,decompilation-stub|unsupported-operation,not-checked,SecondLifeViewer|FirestormViewer
lumiya_decompiled_source/com/google/vr/ndk/base/GvrSurfaceView.java,java,OK,,not-checked,SecondLifeViewer|FirestormViewer
lumiya_decompiled_source/com/google/vr/ndk/base/GvrUiLayout.java,java,OK,,not-checked,SecondLifeViewer|FirestormViewer
lumiya_decompiled_source/com/google/vr/ndk/base/SdkConfigurationReader.java,java,OK,,not-checked,SecondLifeViewer|FirestormViewer
lumiya_decompiled_source/com/google/vr/ndk/base/SerializationConstants.java,java,OK,,not-checked,SecondLifeViewer|FirestormViewer
lumiya_decompiled_source/com/google/vr/ndk/base/SwapChain.java,java,OK,,not-checked,SecondLifeViewer|FirestormViewer
lumiya_decompiled_source/com/google/vr/ndk/base/TraceCompat.java,java,OK,,not-checked,SecondLifeViewer|FirestormViewer
lumiya_decompiled_source/com/google/vr/ndk/base/UserPrefs.java,java,OK,,not-checked,SecondLifeViewer|FirestormViewer
lumiya_decompiled_source/com/google/vr/ndk/base/Version.java,java,OK,,not-checked,SecondLifeViewer|FirestormViewer
lumiya_decompiled_source/com/google/vr/ndk/base/VrCoreSdkClient.java,java,OK,,not-checked,SecondLifeViewer|FirestormViewer
lumiya_decompiled_source/com/google/vr/sdk/base/AndroidCompat.java,java,OK,,not-checked,SecondLifeViewer|FirestormViewer
lumiya_decompiled_source/com/google/vr/sdk/base/CardboardViewApi.java,java,OK,,not-checked,SecondLifeViewer|FirestormViewer
lumiya_decompiled_source/com/google/vr/sdk/base/CardboardViewNativeImpl.java,java,OK,,not-checked,SecondLifeViewer|FirestormViewer
lumiya_decompiled_source/com/google/vr/sdk/base/Constants.java,java,OK,,not-checked,SecondLifeViewer|FirestormViewer
lumiya_decompiled_source/com/google/vr/sdk/base/Distortion.java,java,OK,,not-checked,SecondLifeViewer|FirestormViewer
lumiya_decompiled_source/com/google/vr/sdk/base/Eye.java,java,OK,,not-checked,SecondLifeViewer|FirestormViewer
lumiya_decompiled_source/com/google/vr/sdk/base/FieldOfView.java,java,OK,,not-checked,SecondLifeViewer|FirestormViewer
lumiya_decompiled_source/com/google/vr/sdk/base/GLStateBackup.java,java,OK,,not-checked,SecondLifeViewer|FirestormViewer
lumiya_decompiled_source/com/google/vr/sdk/base/GvrActivity.java,java,OK,,not-checked,SecondLifeViewer|FirestormViewer
lumiya_decompiled_source/com/google/vr/sdk/base/GvrView.java,java,OK,,not-checked,SecondLifeViewer|FirestormViewer
lumiya_decompiled_source/com/google/vr/sdk/base/GvrViewerParams.java,java,OK,,not-checked,SecondLifeViewer|FirestormViewer
lumiya_decompiled_source/com/google/vr/sdk/base/HeadMountedDisplay.java,java,OK,,not-checked,SecondLifeViewer|FirestormViewer
lumiya_decompiled_source/com/google/vr/sdk/base/HeadMountedDisplayManager.java,java,OK,,not-checked,SecondLifeViewer|FirestormViewer
lumiya_decompiled_source/com/google/vr/sdk/base/HeadTransform.java,java,OK,,not-checked,SecondLifeViewer|FirestormViewer
lumiya_decompiled_source/com/google/vr/sdk/base/ImplementationSelector.java,java,OK,,not-checked,SecondLifeViewer|FirestormViewer
lumiya_decompiled_source/com/google/vr/sdk/base/PermissionUtils.java,java,OK,,not-checked,SecondLifeViewer|FirestormViewer
lumiya_decompiled_source/com/google/vr/sdk/base/R.java,java,OK,,not-checked,SecondLifeViewer|FirestormViewer
lumiya_decompiled_source/com/google/vr/sdk/base/ScreenParams.java,java,OK,,not-checked,SecondLifeViewer|FirestormViewer
lumiya_decompiled_source/com/google/vr/sdk/base/Viewport.java,java,OK,,not-checked,SecondLifeViewer|FirestormViewer
lumiya_decompiled_source/com/google/vr/sdk/base/sensors/Clock.java,java,OK,,not-checked,SecondLifeViewer|FirestormViewer
lumiya_decompiled_source/com/google/vr/sdk/base/sensors/DeviceSensorLooper.java,java,OK,,not-checked,SecondLifeViewer|FirestormViewer
lumiya_decompiled_source/com/google/vr/sdk/base/sensors/HeadTracker.java,java,OK,,not-checked,SecondLifeViewer|FirestormViewer
lumiya_decompiled_source/com/google/vr/sdk/base/sensors/NfcSensor.java,java,OK,,not-checked,SecondLifeViewer|FirestormViewer
lumiya_decompiled_source/com/google/vr/sdk/base/sensors/SensorEventProvider.java,java,OK,,not-checked,SecondLifeViewer|FirestormViewer
lumiya_decompiled_source/com/google/vr/sdk/base/sensors/SystemClock.java,java,OK,,not-checked,SecondLifeViewer|FirestormViewer
lumiya_decompiled_source/com/google/vr/sdk/base/sensors/internal/GyroscopeBiasEstimator.java,java,OK,,not-checked,SecondLifeViewer|FirestormViewer
lumiya_decompiled_source/com/google/vr/sdk/base/sensors/internal/LowPassFilter.java,java,OK,,not-checked,SecondLifeViewer|FirestormViewer
lumiya_decompiled_source/com/google/vr/sdk/base/sensors/internal/Matrix3x3d.java,java,OK,,not-checked,SecondLifeViewer|FirestormViewer
lumiya_decompiled_source/com/google/vr/sdk/base/sensors/internal/OrientationEKF.java,java,OK,,not-checked,SecondLifeViewer|FirestormViewer
lumiya_decompiled_source/com/google/vr/sdk/base/sensors/internal/So3Util.java,java,OK,,not-checked,SecondLifeViewer|FirestormViewer
lumiya_decompiled_source/com/google/vr/sdk/base/sensors/internal/Vector3d.java,java,OK,,not-checked,SecondLifeViewer|FirestormViewer
lumiya_decompiled_source/com/google/vr/sdk/base/testing/MathUtil.java,java,OK,,not-checked,SecondLifeViewer|FirestormViewer
lumiya_decompiled_source/com/google/vr/sdk/base/testing/sensors/SensorEventAndTime.java,java,OK,,not-checked,SecondLifeViewer|FirestormViewer
lumiya_decompiled_source/com/google/vr/sdk/base/testing/sensors/SensorEventProviderFromRecordedData.java,java,OK,,not-checked,SecondLifeViewer|FirestormViewer
lumiya_decompiled_source/com/google/vr/sdk/controller/Controller.java,java,OK,,not-checked,SecondLifeViewer|FirestormViewer
lumiya_decompiled_source/com/google/vr/sdk/controller/ControllerManager.java,java,OK,,not-checked,LibreMetaverse|SecondLifeViewer|FirestormViewer
lumiya_decompiled_source/com/google/vr/sdk/controller/Orientation.java,java,OK,,not-checked,SecondLifeViewer|FirestormViewer
lumiya_decompiled_source/com/google/vr/sdk/controller/R.java,java,OK,,not-checked,SecondLifeViewer|FirestormViewer
lumiya_decompiled_source/com/google/vr/vrcore/base/api/BuildUtils.java,java,OK,,not-checked,SecondLifeViewer|FirestormViewer
lumiya_decompiled_source/com/google/vr/vrcore/base/api/SignatureUtils.java,java,OK,,not-checked,SecondLifeViewer|FirestormViewer
lumiya_decompiled_source/com/google/vr/vrcore/base/api/VrCoreConstants.java,java,OK,,not-checked,SecondLifeViewer|FirestormViewer
lumiya_decompiled_source/com/google/vr/vrcore/base/api/VrCoreNotAvailableException.java,java,OK,,not-checked,SecondLifeViewer|FirestormViewer
lumiya_decompiled_source/com/google/vr/vrcore/base/api/VrCoreUtils.java,java,OK,,not-checked,SecondLifeViewer|FirestormViewer
lumiya_decompiled_source/com/google/vr/vrcore/common/api/DaydreamPrepareVrResults.java,java,OK,,not-checked,SecondLifeViewer|FirestormViewer
lumiya_decompiled_source/com/google/vr/vrcore/common/api/HeadTrackingState.java,java,OK,,not-checked,SecondLifeViewer|FirestormViewer
lumiya_decompiled_source/com/google/vr/vrcore/common/api/IDaydreamListener.java,java,OK,,not-checked,SecondLifeViewer|FirestormViewer
lumiya_decompiled_source/com/google/vr/vrcore/common/api/IDaydreamManager.java,java,OK,,not-checked,SecondLifeViewer|FirestormViewer
lumiya_decompiled_source/com/google/vr/vrcore/common/api/ITransitionCallbacks.java,java,OK,,not-checked,SecondLifeViewer|FirestormViewer
lumiya_decompiled_source/com/google/vr/vrcore/common/api/IVrCoreSdkService.java,java,OK,,not-checked,SecondLifeViewer|FirestormViewer
lumiya_decompiled_source/com/google/vr/vrcore/common/api/SdkServiceConsts.java,java,OK,,not-checked,SecondLifeViewer|FirestormViewer
lumiya_decompiled_source/com/google/vr/vrcore/controller/api/AutomatedControllerConstants.java,java,OK,,not-checked,SecondLifeViewer|FirestormViewer
lumiya_decompiled_source/com/google/vr/vrcore/controller/api/ControllerAccelEvent.java,java,OK,,not-checked,SecondLifeViewer|FirestormViewer
lumiya_decompiled_source/com/google/vr/vrcore/controller/api/ControllerButtonEvent.java,java,OK,,not-checked,SecondLifeViewer|FirestormViewer
lumiya_decompiled_source/com/google/vr/vrcore/controller/api/ControllerEvent.java,java,OK,,not-checked,SecondLifeViewer|FirestormViewer
lumiya_decompiled_source/com/google/vr/vrcore/controller/api/ControllerEventPacket.java,java,OK,,not-checked,LibreMetaverse|SecondLifeViewer|FirestormViewer
lumiya_decompiled_source/com/google/vr/vrcore/controller/api/ControllerEventPacket2.java,java,OK,,not-checked,LibreMetaverse|SecondLifeViewer|FirestormViewer
lumiya_decompiled_source/com/google/vr/vrcore/controller/api/ControllerGyroEvent.java,java,OK,,not-checked,SecondLifeViewer|FirestormViewer
lumiya_decompiled_source/com/google/vr/vrcore/controller/api/ControllerInitResults.java,java,OK,,not-checked,SecondLifeViewer|FirestormViewer
lumiya_decompiled_source/com/google/vr/vrcore/controller/api/ControllerListenerOptions.java,java,OK,,not-checked,SecondLifeViewer|FirestormViewer
lumiya_decompiled_source/com/google/vr/vrcore/controller/api/ControllerOrientationEvent.java,java,OK,,not-checked,SecondLifeViewer|FirestormViewer
lumiya_decompiled_source/com/google/vr/vrcore/controller/api/ControllerPositionEvent.java,java,OK,,not-checked,SecondLifeViewer|FirestormViewer
lumiya_decompiled_source/com/google/vr/vrcore/controller/api/ControllerServiceConsts.java,java,OK,,not-checked,SecondLifeViewer|FirestormViewer
lumiya_decompiled_source/com/google/vr/vrcore/controller/api/ControllerStates.java,java,OK,,not-checked,SecondLifeViewer|FirestormViewer
lumiya_decompiled_source/com/google/vr/vrcore/controller/api/ControllerTouchEvent.java,java,OK,,not-checked,SecondLifeViewer|FirestormViewer
lumiya_decompiled_source/com/google/vr/vrcore/controller/api/IControllerListener.java,java,OK,,not-checked,LibreMetaverse|SecondLifeViewer|FirestormViewer
lumiya_decompiled_source/com/google/vr/vrcore/controller/api/IControllerService.java,java,OK,,not-checked,SecondLifeViewer|FirestormViewer
lumiya_decompiled_source/com/google/vr/vrcore/library/api/IObjectWrapper.java,java,OK,,not-checked,SecondLifeViewer|FirestormViewer
lumiya_decompiled_source/com/google/vr/vrcore/library/api/IVrCreator.java,java,OK,,not-checked,SecondLifeViewer|FirestormViewer
lumiya_decompiled_source/com/google/vr/vrcore/library/api/IVrNativeLibraryLoader.java,java,OK,,not-checked,SecondLifeViewer|FirestormViewer
lumiya_decompiled_source/com/google/vr/vrcore/library/api/ObjectWrapper.java,java,OK,,not-checked,SecondLifeViewer|FirestormViewer
lumiya_decompiled_source/com/google/vr/vrcore/library/api/VrCoreLoader.java,java,OK,,not-checked,SecondLifeViewer|FirestormViewer
lumiya_decompiled_source/com/google/vr/vrcore/logging/api/IVrCoreLoggingService.java,java,OK,,not-checked,SecondLifeViewer|FirestormViewer
lumiya_decompiled_source/com/google/vr/vrcore/logging/api/VREventParcelable.java,java,OK,,not-checked,SecondLifeViewer|FirestormViewer
lumiya_decompiled_source/com/google/vr/vrcore/nano/SdkConfiguration.java,java,OK,,not-checked,SecondLifeViewer|FirestormViewer
lumiya_decompiled_source/com/google/vr/vrcore/performance/api/IPerformanceService.java,java,OK,,not-checked,SecondLifeViewer|FirestormViewer
lumiya_decompiled_source/com/google/vr/vrcore/performance/api/PerformanceServiceConsts.java,java,OK,,not-checked,SecondLifeViewer|FirestormViewer
lumiya_decompiled_source/com/google/vr/vrcore/proto/nano/Nfc.java,java,OK,,not-checked,SecondLifeViewer|FirestormViewer
lumiya_decompiled_source/com/google/vrtoolkit/cardboard/ScreenOnFlagHelper.java,java,OK,,not-checked,SecondLifeViewer|FirestormViewer
lumiya_decompiled_source/com/google/vrtoolkit/cardboard/SensorReadingStats.java,java,OK,,not-checked,SecondLifeViewer|FirestormViewer
lumiya_decompiled_source/com/google/vrtoolkit/cardboard/proto/nano/CardboardDevice.java,java,OK,,not-checked,SecondLifeViewer|FirestormViewer
lumiya_decompiled_source/com/google/vrtoolkit/cardboard/proto/nano/Phone.java,java,OK,,not-checked,SecondLifeViewer|FirestormViewer
lumiya_decompiled_source/com/google/vrtoolkit/cardboard/proto/nano/Preferences.java,java,OK,,not-checked,SecondLifeViewer|FirestormViewer
lumiya_decompiled_source/com/google/vrtoolkit/cardboard/proto/nano/Session.java,java,OK,,not-checked,SecondLifeViewer|FirestormViewer
lumiya_decompiled_source/com/lumiyaviewer/lumiya/BuildConfig.java,java,OK,,not-checked,SecondLifeViewer|FirestormViewer
lumiya_decompiled_source/com/lumiyaviewer/lumiya/Debug.java,java,OK,,not-checked,SecondLifeViewer|FirestormViewer
lumiya_decompiled_source/com/lumiyaviewer/lumiya/GlobalOptions.java,java,OK,,not-checked,SecondLifeViewer|FirestormViewer
lumiya_decompiled_source/com/lumiyaviewer/lumiya/GridConnectionService.java,java,OK,,not-checked,LibreMetaverse|SecondLifeViewer|FirestormViewer
lumiya_decompiled_source/com/lumiyaviewer/lumiya/LumiyaApp.java,java,OK,,not-checked,SecondLifeViewer|FirestormViewer
lumiya_decompiled_source/com/lumiyaviewer/lumiya/R.kt,kt,OK,,not-checked,SecondLifeViewer|FirestormViewer
lumiya_decompiled_source/com/lumiyaviewer/lumiya/StreamingMediaService.java,java,OK,,not-checked,LibreMetaverse|SecondLifeViewer|FirestormViewer
lumiya_decompiled_source/com/lumiyaviewer/lumiya/base64/Base64.java,java,OK,,not-checked,SecondLifeViewer|FirestormViewer
lumiya_decompiled_source/com/lumiyaviewer/lumiya/cloud/common/BuildConfig.java,java,OK,,not-checked,SecondLifeViewer|FirestormViewer
lumiya_decompiled_source/com/lumiyaviewer/lumiya/cloud/common/Bundleable.java,java,OK,,not-checked,SecondLifeViewer|FirestormViewer
lumiya_decompiled_source/com/lumiyaviewer/lumiya/cloud/common/CloudSyncMessenger.java,java,OK,,not-checked,SecondLifeViewer|FirestormViewer
lumiya_decompiled_source/com/lumiyaviewer/lumiya/cloud/common/LogChatMessage.java,java,OK,,not-checked,SecondLifeViewer|FirestormViewer
lumiya_decompiled_source/com/lumiyaviewer/lumiya/cloud/common/LogFlushMessages.java,java,OK,,not-checked,SecondLifeViewer|FirestormViewer
lumiya_decompiled_source/com/lumiyaviewer/lumiya/cloud/common/LogMessageBatch.java,java,OK,,not-checked,SecondLifeViewer|FirestormViewer
lumiya_decompiled_source/com/lumiyaviewer/lumiya/cloud/common/LogMessagesCompleted.java,java,OK,,not-checked,SecondLifeViewer|FirestormViewer
lumiya_decompiled_source/com/lumiyaviewer/lumiya/cloud/common/LogMessagesFlushed.java,java,OK,,not-checked,SecondLifeViewer|FirestormViewer
lumiya_decompiled_source/com/lumiyaviewer/lumiya/cloud/common/LogSyncStart.java,java,OK,,not-checked,SecondLifeViewer|FirestormViewer
lumiya_decompiled_source/com/lumiyaviewer/lumiya/cloud/common/LogSyncStatus.java,java,OK,,not-checked,SecondLifeViewer|FirestormViewer
lumiya_decompiled_source/com/lumiyaviewer/lumiya/cloud/common/MessageType.java,java,OK,,not-checked,SecondLifeViewer|FirestormViewer
lumiya_decompiled_source/com/lumiyaviewer/lumiya/cloud/common/R.java,java,OK,,not-checked,SecondLifeViewer|FirestormViewer
lumiya_decompiled_source/com/lumiyaviewer/lumiya/dao/CachedAsset.java,java,OK,,not-checked,SecondLifeViewer|FirestormViewer
lumiya_decompiled_source/com/lumiyaviewer/lumiya/dao/CachedAssetDao.java,java,OK,,not-checked,SecondLifeViewer|FirestormViewer
lumiya_decompiled_source/com/lumiyaviewer/lumiya/dao/CachedResponse.java,java,OK,,not-checked,SecondLifeViewer|FirestormViewer
lumiya_decompiled_source/com/lumiyaviewer/lumiya/dao/CachedResponseDao.java,java,OK,,not-checked,SecondLifeViewer|FirestormViewer
lumiya_decompiled_source/com/lumiyaviewer/lumiya/dao/ChatMessage.java,java,OK,,not-checked,SecondLifeViewer|FirestormViewer
lumiya_decompiled_source/com/lumiyaviewer/lumiya/dao/ChatMessageDao.java,java,OK,,not-checked,SecondLifeViewer|FirestormViewer
lumiya_decompiled_source/com/lumiyaviewer/lumiya/dao/Chatter.java,java,OK,,not-checked,SecondLifeViewer|FirestormViewer
lumiya_decompiled_source/com/lumiyaviewer/lumiya/dao/ChatterDao.java,java,OK,,not-checked,SecondLifeViewer|FirestormViewer
lumiya_decompiled_source/com/lumiyaviewer/lumiya/dao/DBOpenHelper.java,java,OK,,not-checked,SecondLifeViewer|FirestormViewer
lumiya_decompiled_source/com/lumiyaviewer/lumiya/dao/DaoManager.java,java,OK,,not-checked,SecondLifeViewer|FirestormViewer
lumiya_decompiled_source/com/lumiyaviewer/lumiya/dao/DaoMaster.java,java,OK,,not-checked,SecondLifeViewer|FirestormViewer
lumiya_decompiled_source/com/lumiyaviewer/lumiya/dao/DaoSession.java,java,OK,,not-checked,SecondLifeViewer|FirestormViewer
lumiya_decompiled_source/com/lumiyaviewer/lumiya/dao/Friend.java,java,OK,,not-checked,SecondLifeViewer|FirestormViewer
lumiya_decompiled_source/com/lumiyaviewer/lumiya/dao/FriendDao.java,java,OK,,not-checked,SecondLifeViewer|FirestormViewer
lumiya_decompiled_source/com/lumiyaviewer/lumiya/dao/GroupMember.java,java,OK,,not-checked,SecondLifeViewer|FirestormViewer
lumiya_decompiled_source/com/lumiyaviewer/lumiya/dao/GroupMemberDao.java,java,OK,,not-checked,SecondLifeViewer|FirestormViewer
lumiya_decompiled_source/com/lumiyaviewer/lumiya/dao/GroupMemberList.java,java,OK,,not-checked,SecondLifeViewer|FirestormViewer
lumiya_decompiled_source/com/lumiyaviewer/lumiya/dao/GroupMemberListDao.java,java,OK,,not-checked,SecondLifeViewer|FirestormViewer
lumiya_decompiled_source/com/lumiyaviewer/lumiya/dao/GroupRoleMember.java,java,OK,,not-checked,SecondLifeViewer|FirestormViewer
lumiya_decompiled_source/com/lumiyaviewer/lumiya/dao/GroupRoleMemberDao.java,java,OK,,not-checked,SecondLifeViewer|FirestormViewer
lumiya_decompiled_source/com/lumiyaviewer/lumiya/dao/GroupRoleMemberList.java,java,OK,,not-checked,SecondLifeViewer|FirestormViewer
lumiya_decompiled_source/com/lumiyaviewer/lumiya/dao/GroupRoleMemberListDao.java,java,OK,,not-checked,SecondLifeViewer|FirestormViewer
lumiya_decompiled_source/com/lumiyaviewer/lumiya/dao/MoneyTransaction.java,java,OK,,not-checked,SecondLifeViewer|FirestormViewer
lumiya_decompiled_source/com/lumiyaviewer/lumiya/dao/MoneyTransactionDao.java,java,OK,,not-checked,SecondLifeViewer|FirestormViewer
lumiya_decompiled_source/com/lumiyaviewer/lumiya/dao/MuteListCachedData.java,java,OK,,not-checked,SecondLifeViewer|FirestormViewer
lumiya_decompiled_source/com/lumiyaviewer/lumiya/dao/MuteListCachedDataDao.java,java,OK,,not-checked,SecondLifeViewer|FirestormViewer
lumiya_decompiled_source/com/lumiyaviewer/lumiya/dao/SearchGridResult.java,java,OK,,not-checked,SecondLifeViewer|FirestormViewer
lumiya_decompiled_source/com/lumiyaviewer/lumiya/dao/SearchGridResultDao.java,java,OK,,not-checked,SecondLifeViewer|FirestormViewer
lumiya_decompiled_source/com/lumiyaviewer/lumiya/dao/User.java,java,OK,,not-checked,SecondLifeViewer|FirestormViewer
lumiya_decompiled_source/com/lumiyaviewer/lumiya/dao/UserDao.java,java,OK,,not-checked,SecondLifeViewer|FirestormViewer
lumiya_decompiled_source/com/lumiyaviewer/lumiya/dao/UserName.java,java,OK,,not-checked,SecondLifeViewer|FirestormViewer
lumiya_decompiled_source/com/lumiyaviewer/lumiya/dao/UserNameDao.java,java,OK,,not-checked,SecondLifeViewer|FirestormViewer
lumiya_decompiled_source/com/lumiyaviewer/lumiya/dao/UserPic.java,java,OK,,not-checked,SecondLifeViewer|FirestormViewer
lumiya_decompiled_source/com/lumiyaviewer/lumiya/dao/UserPicDao.java,java,OK,,not-checked,SecondLifeViewer|FirestormViewer
lumiya_decompiled_source/com/lumiyaviewer/lumiya/eventbus/EventBus.java,java,OK,,not-checked,SecondLifeViewer|FirestormViewer
lumiya_decompiled_source/com/lumiyaviewer/lumiya/eventbus/EventHandler.java,java,OK,,not-checked,SecondLifeViewer|FirestormViewer
lumiya_decompiled_source/com/lumiyaviewer/lumiya/eventbus/EventRateLimiter.java,java,OK,,not-checked,SecondLifeViewer|FirestormViewer
lumiya_decompiled_source/com/lumiyaviewer/lumiya/licensing/LicenseChecker.java,java,OK,,not-checked,SecondLifeViewer|FirestormViewer
lumiya_decompiled_source/com/lumiyaviewer/lumiya/media/AudioIntentReceiver.java,java,OK,,not-checked,SecondLifeViewer|FirestormViewer
lumiya_decompiled_source/com/lumiyaviewer/lumiya/media/AudioManagerWrapper.java,java,OK,,not-checked,SecondLifeViewer|FirestormViewer
lumiya_decompiled_source/com/lumiyaviewer/lumiya/media/MediaPlayerWrapper.java,java,OK,,not-checked,SecondLifeViewer|FirestormViewer
lumiya_decompiled_source/com/lumiyaviewer/lumiya/openjpeg/OpenJPEG.java,java,OK,,not-checked,SecondLifeViewer|FirestormViewer
lumiya_decompiled_source/com/lumiyaviewer/lumiya/orm/AutoValue_InventoryQuery.java,java,OK,,not-checked,LibreMetaverse|SecondLifeViewer|FirestormViewer
lumiya_decompiled_source/com/lumiyaviewer/lumiya/orm/DBHandle.java,java,OK,,not-checked,SecondLifeViewer|FirestormViewer
lumiya_decompiled_source/com/lumiyaviewer/lumiya/orm/DBHandleCache.java,java,OK,,not-checked,SecondLifeViewer|FirestormViewer
lumiya_decompiled_source/com/lumiyaviewer/lumiya/orm/DBObject.java,java,OK,,not-checked,SecondLifeViewer|FirestormViewer
lumiya_decompiled_source/com/lumiyaviewer/lumiya/orm/InventoryDB.java,java,OK,,not-checked,LibreMetaverse|SecondLifeViewer|FirestormViewer
lumiya_decompiled_source/com/lumiyaviewer/lumiya/orm/InventoryDBManager.java,java,OK,,not-checked,LibreMetaverse|SecondLifeViewer|FirestormViewer
lumiya_decompiled_source/com/lumiyaviewer/lumiya/orm/InventoryEntryDBObject.java,java,OK,,not-checked,LibreMetaverse|SecondLifeViewer|FirestormViewer
lumiya_decompiled_source/com/lumiyaviewer/lumiya/orm/InventoryEntryList.java,java,OK,,not-checked,LibreMetaverse|SecondLifeViewer|FirestormViewer
lumiya_decompiled_source/com/lumiyaviewer/lumiya/orm/InventoryQuery.java,java,OK,,not-checked,LibreMetaverse|SecondLifeViewer|FirestormViewer
lumiya_decompiled_source/com/lumiyaviewer/lumiya/react/AsyncCancellableRequestHandler.java,java,OK,,not-checked,SecondLifeViewer|FirestormViewer
lumiya_decompiled_source/com/lumiyaviewer/lumiya/react/AsyncLimitsRequestHandler.java,java,OK,,not-checked,SecondLifeViewer|FirestormViewer
lumiya_decompiled_source/com/lumiyaviewer/lumiya/react/AsyncRequestHandler.java,java,OK,,not-checked,SecondLifeViewer|FirestormViewer
lumiya_decompiled_source/com/lumiyaviewer/lumiya/react/DisposeHandler.java,java,OK,,not-checked,SecondLifeViewer|FirestormViewer
lumiya_decompiled_source/com/lumiyaviewer/lumiya/react/OpportunisticExecutor.java,java,OK,,not-checked,SecondLifeViewer|FirestormViewer
lumiya_decompiled_source/com/lumiyaviewer/lumiya/react/RateLimitRequestHandler.java,java,OK,,not-checked,SecondLifeViewer|FirestormViewer
lumiya_decompiled_source/com/lumiyaviewer/lumiya/react/Refreshable.java,java,OK,,not-checked,SecondLifeViewer|FirestormViewer
lumiya_decompiled_source/com/lumiyaviewer/lumiya/react/RefreshableOne.java,java,OK,,not-checked,SecondLifeViewer|FirestormViewer
lumiya_decompiled_source/com/lumiyaviewer/lumiya/react/RequestFinalProcessor.java,java,OK,,not-checked,SecondLifeViewer|FirestormViewer
lumiya_decompiled_source/com/lumiyaviewer/lumiya/react/RequestForwarder.java,java,OK,,not-checked,SecondLifeViewer|FirestormViewer
lumiya_decompiled_source/com/lumiyaviewer/lumiya/react/RequestHandler.java,java,OK,,not-checked,SecondLifeViewer|FirestormViewer
lumiya_decompiled_source/com/lumiyaviewer/lumiya/react/RequestHandlerLimits.java,java,OK,,not-checked,SecondLifeViewer|FirestormViewer
lumiya_decompiled_source/com/lumiyaviewer/lumiya/react/RequestOperator.java,java,OK,,not-checked,SecondLifeViewer|FirestormViewer
lumiya_decompiled_source/com/lumiyaviewer/lumiya/react/RequestProcessor.java,java,OK,,not-checked,SecondLifeViewer|FirestormViewer
lumiya_decompiled_source/com/lumiyaviewer/lumiya/react/RequestQueue.java,java,OK,,not-checked,SecondLifeViewer|FirestormViewer
lumiya_decompiled_source/com/lumiyaviewer/lumiya/react/RequestSource.java,java,OK,,not-checked,SecondLifeViewer|FirestormViewer
lumiya_decompiled_source/com/lumiyaviewer/lumiya/react/ResultHandler.java,java,OK,,not-checked,SecondLifeViewer|FirestormViewer
lumiya_decompiled_source/com/lumiyaviewer/lumiya/react/ResultOperator.java,java,OK,,not-checked,SecondLifeViewer|FirestormViewer
lumiya_decompiled_source/com/lumiyaviewer/lumiya/react/SimpleRequestHandler.java,java,OK,,not-checked,SecondLifeViewer|FirestormViewer
lumiya_decompiled_source/com/lumiyaviewer/lumiya/react/Subscribable.java,java,OK,,not-checked,SecondLifeViewer|FirestormViewer
lumiya_decompiled_source/com/lumiyaviewer/lumiya/react/Subscription.java,java,OK,,not-checked,SecondLifeViewer|FirestormViewer
lumiya_decompiled_source/com/lumiyaviewer/lumiya/react/SubscriptionData.java,java,OK,,not-checked,SecondLifeViewer|FirestormViewer
lumiya_decompiled_source/com/lumiyaviewer/lumiya/react/SubscriptionDataPool.java,java,OK,,not-checked,SecondLifeViewer|FirestormViewer
lumiya_decompiled_source/com/lumiyaviewer/lumiya/react/SubscriptionGenericDataPool.java,java,OK,,not-checked,SecondLifeViewer|FirestormViewer
lumiya_decompiled_source/com/lumiyaviewer/lumiya/react/SubscriptionList.java,java,OK,,not-checked,SecondLifeViewer|FirestormViewer
lumiya_decompiled_source/com/lumiyaviewer/lumiya/react/SubscriptionPool.java,java,OK,,not-checked,SecondLifeViewer|FirestormViewer
lumiya_decompiled_source/com/lumiyaviewer/lumiya/react/SubscriptionPoolUncached.java,java,OK,,not-checked,SecondLifeViewer|FirestormViewer
lumiya_decompiled_source/com/lumiyaviewer/lumiya/react/SubscriptionSingleDataPool.java,java,OK,,not-checked,SecondLifeViewer|FirestormViewer
lumiya_decompiled_source/com/lumiyaviewer/lumiya/react/SubscriptionSingleKey.java,java,OK,,not-checked,SecondLifeViewer|FirestormViewer
lumiya_decompiled_source/com/lumiyaviewer/lumiya/react/UIThreadExecutor.java,java,OK,,not-checked,SecondLifeViewer|FirestormViewer
lumiya_decompiled_source/com/lumiyaviewer/lumiya/react/Unsubscribable.java,java,OK,,not-checked,SecondLifeViewer|FirestormViewer
lumiya_decompiled_source/com/lumiyaviewer/lumiya/react/UnsubscribableOne.java,java,OK,,not-checked,SecondLifeViewer|FirestormViewer
lumiya_decompiled_source/com/lumiyaviewer/lumiya/render/BoundingBox.java,java,OK,,not-checked,SecondLifeViewer|FirestormViewer
lumiya_decompiled_source/com/lumiyaviewer/lumiya/render/DrawableObject.java,java,OK,,not-checked,LibreMetaverse|SecondLifeViewer|FirestormViewer
lumiya_decompiled_source/com/lumiyaviewer/lumiya/render/DrawableStore.java,java,OK,,not-checked,LibreMetaverse|SecondLifeViewer|FirestormViewer
lumiya_decompiled_source/com/lumiyaviewer/lumiya/render/GLTexture.java,java,OK,,not-checked,SecondLifeViewer|FirestormViewer
lumiya_decompiled_source/com/lumiyaviewer/lumiya/render/GPUDetection.java,java,OK,,not-checked,SecondLifeViewer|FirestormViewer
lumiya_decompiled_source/com/lumiyaviewer/lumiya/render/HeadTransformCompat.java,java,OK,,not-checked,SecondLifeViewer|FirestormViewer
lumiya_decompiled_source/com/lumiyaviewer/lumiya/render/MatrixStack.java,java,OK,,not-checked,SecondLifeViewer|FirestormViewer
lumiya_decompiled_source/com/lumiyaviewer/lumiya/render/Quad.java,java,OK,,not-checked,SecondLifeViewer|FirestormViewer
lumiya_decompiled_source/com/lumiyaviewer/lumiya/render/RenderContext.java,java,OK,,not-checked,LibreMetaverse|SecondLifeViewer|FirestormViewer
lumiya_decompiled_source/com/lumiyaviewer/lumiya/render/SynchronousExecutor.java,java,OK,,not-checked,SecondLifeViewer|FirestormViewer
lumiya_decompiled_source/com/lumiyaviewer/lumiya/render/TextureMemoryTracker.java,java,OK,,not-checked,LibreMetaverse|SecondLifeViewer|FirestormViewer
lumiya_decompiled_source/com/lumiyaviewer/lumiya/render/TouchHUDEvent.java,java,OK,,not-checked,SecondLifeViewer|FirestormViewer
lumiya_decompiled_source/com/lumiyaviewer/lumiya/render/WindlightSky.java,java,OK,,not-checked,SecondLifeViewer|FirestormViewer
lumiya_decompiled_source/com/lumiyaviewer/lumiya/render/WorldViewRenderer.java,java,OK,,not-checked,LLSD|LibreMetaverse|SecondLifeViewer|FirestormViewer
lumiya_decompiled_source/com/lumiyaviewer/lumiya/render/avatar/AnimationData.java,java,OK,,not-checked,LibreMetaverse|SecondLifeViewer|FirestormViewer
lumiya_decompiled_source/com/lumiyaviewer/lumiya/render/avatar/AnimationSequenceInfo.java,java,OK,,not-checked,LibreMetaverse|SecondLifeViewer|FirestormViewer
lumiya_decompiled_source/com/lumiyaviewer/lumiya/render/avatar/AnimationSkeletonData.java,java,OK,,not-checked,LibreMetaverse|SecondLifeViewer|FirestormViewer
lumiya_decompiled_source/com/lumiyaviewer/lumiya/render/avatar/AnimationTiming.java,java,OK,,not-checked,LibreMetaverse|SecondLifeViewer|FirestormViewer
lumiya_decompiled_source/com/lumiyaviewer/lumiya/render/avatar/AvatarAnimationList.java,java,OK,,not-checked,LibreMetaverse|SecondLifeViewer|FirestormViewer
lumiya_decompiled_source/com/lumiyaviewer/lumiya/render/avatar/AvatarAnimationState.java,java,OK,,not-checked,LibreMetaverse|SecondLifeViewer|FirestormViewer
lumiya_decompiled_source/com/lumiyaviewer/lumiya/render/avatar/AvatarRunningAnimation.java,java,OK,,not-checked,LibreMetaverse|SecondLifeViewer|FirestormViewer
lumiya_decompiled_source/com/lumiyaviewer/lumiya/render/avatar/AvatarRunningSequence.java,java,OK,,not-checked,LibreMetaverse|SecondLifeViewer|FirestormViewer
lumiya_decompiled_source/com/lumiyaviewer/lumiya/render/avatar/AvatarShapeParams.java,java,OK,,not-checked,LibreMetaverse|SecondLifeViewer|FirestormViewer
lumiya_decompiled_source/com/lumiyaviewer/lumiya/render/avatar/AvatarSkeleton.java,java,OK,,not-checked,LibreMetaverse|SecondLifeViewer|FirestormViewer
lumiya_decompiled_source/com/lumiyaviewer/lumiya/render/avatar/AvatarTextures.java,java,OK,,not-checked,LibreMetaverse|SecondLifeViewer|FirestormViewer
lumiya_decompiled_source/com/lumiyaviewer/lumiya/render/avatar/AvatarVisualState.java,java,OK,,not-checked,LibreMetaverse|SecondLifeViewer|FirestormViewer
lumiya_decompiled_source/com/lumiyaviewer/lumiya/render/avatar/DrawableAttachments.java,java,OK,,not-checked,LibreMetaverse|SecondLifeViewer|FirestormViewer
lumiya_decompiled_source/com/lumiyaviewer/lumiya/render/avatar/DrawableAvatar.java,java,OK,,not-checked,LibreMetaverse|SecondLifeViewer|FirestormViewer
lumiya_decompiled_source/com/lumiyaviewer/lumiya/render/avatar/DrawableAvatarPart.java,java,OK,,not-checked,LibreMetaverse|SecondLifeViewer|FirestormViewer
lumiya_decompiled_source/com/lumiyaviewer/lumiya/render/avatar/DrawableAvatarStub.java,java,OK,,not-checked,LibreMetaverse|SecondLifeViewer|FirestormViewer
lumiya_decompiled_source/com/lumiyaviewer/lumiya/render/avatar/DrawableHUD.java,java,OK,,not-checked,LibreMetaverse|SecondLifeViewer|FirestormViewer
lumiya_decompiled_source/com/lumiyaviewer/lumiya/render/avatar/DrawableHoverText.java,java,OK,,not-checked,LibreMetaverse|SecondLifeViewer|FirestormViewer
lumiya_decompiled_source/com/lumiyaviewer/lumiya/render/drawable/DrawableFaceTexture.java,java,OK,,not-checked,SecondLifeViewer|FirestormViewer
lumiya_decompiled_source/com/lumiyaviewer/lumiya/render/drawable/DrawableGeometry.java,java,OK,,not-checked,LibreMetaverse|SecondLifeViewer|FirestormViewer
lumiya_decompiled_source/com/lumiyaviewer/lumiya/render/drawable/DrawablePrim.java,java,OK,,not-checked,LibreMetaverse|SecondLifeViewer|FirestormViewer
lumiya_decompiled_source/com/lumiyaviewer/lumiya/render/glres/GLAsyncLoadQueue.java,java,OK,,not-checked,LibreMetaverse|SecondLifeViewer|FirestormViewer
lumiya_decompiled_source/com/lumiyaviewer/lumiya/render/glres/GLCleanable.java,java,OK,,not-checked,SecondLifeViewer|FirestormViewer
lumiya_decompiled_source/com/lumiyaviewer/lumiya/render/glres/GLGenericResource.java,java,OK,,not-checked,SecondLifeViewer|FirestormViewer
lumiya_decompiled_source/com/lumiyaviewer/lumiya/render/glres/GLLoadQueue.java,java,OK,,not-checked,SecondLifeViewer|FirestormViewer
lumiya_decompiled_source/com/lumiyaviewer/lumiya/render/glres/GLQuery.java,java,OK,,not-checked,SecondLifeViewer|FirestormViewer
lumiya_decompiled_source/com/lumiyaviewer/lumiya/render/glres/GLResource.java,java,OK,,not-checked,SecondLifeViewer|FirestormViewer
lumiya_decompiled_source/com/lumiyaviewer/lumiya/render/glres/GLResourceCache.java,java,OK,,not-checked,SecondLifeViewer|FirestormViewer
lumiya_decompiled_source/com/lumiyaviewer/lumiya/render/glres/GLResourceManager.java,java,OK,,not-checked,SecondLifeViewer|FirestormViewer
lumiya_decompiled_source/com/lumiyaviewer/lumiya/render/glres/GLSizedResource.java,java,OK,,not-checked,SecondLifeViewer|FirestormViewer
lumiya_decompiled_source/com/lumiyaviewer/lumiya/render/glres/GLSyncLoadQueue.java,java,BROKEN,decompilation-stub|unsupported-operation,not-checked,SecondLifeViewer|FirestormViewer
lumiya_decompiled_source/com/lumiyaviewer/lumiya/render/glres/buffers/GLBuffer.java,java,OK,,not-checked,SecondLifeViewer|FirestormViewer
lumiya_decompiled_source/com/lumiyaviewer/lumiya/render/glres/buffers/GLLoadableBuffer.java,java,OK,,not-checked,SecondLifeViewer|FirestormViewer
lumiya_decompiled_source/com/lumiyaviewer/lumiya/render/glres/buffers/GLVertexArrayObject.java,java,OK,,not-checked,SecondLifeViewer|FirestormViewer
lumiya_decompiled_source/com/lumiyaviewer/lumiya/render/glres/textures/GLExternalTexture.java,java,OK,,not-checked,SecondLifeViewer|FirestormViewer
lumiya_decompiled_source/com/lumiyaviewer/lumiya/render/glres/textures/GLLoadedTextTexture.java,java,OK,,not-checked,SecondLifeViewer|FirestormViewer
lumiya_decompiled_source/com/lumiyaviewer/lumiya/render/glres/textures/GLLoadedTexture.java,java,OK,,not-checked,SecondLifeViewer|FirestormViewer
lumiya_decompiled_source/com/lumiyaviewer/lumiya/render/glres/textures/GLResourceTexture.java,java,OK,,not-checked,SecondLifeViewer|FirestormViewer
lumiya_decompiled_source/com/lumiyaviewer/lumiya/render/glres/textures/GLTerrainTextureCache.java,java,OK,,not-checked,SecondLifeViewer|FirestormViewer
lumiya_decompiled_source/com/lumiyaviewer/lumiya/render/glres/textures/GLTextTextureCache.java,java,OK,,not-checked,SecondLifeViewer|FirestormViewer
lumiya_decompiled_source/com/lumiyaviewer/lumiya/render/glres/textures/GLTextureCache.java,java,OK,,not-checked,SecondLifeViewer|FirestormViewer
lumiya_decompiled_source/com/lumiyaviewer/lumiya/render/picking/CollisionBox.java,java,OK,,not-checked,SecondLifeViewer|FirestormViewer
lumiya_decompiled_source/com/lumiyaviewer/lumiya/render/picking/GLRayTrace.java,java,OK,,not-checked,SecondLifeViewer|FirestormViewer
lumiya_decompiled_source/com/lumiyaviewer/lumiya/render/picking/IntersectInfo.java,java,OK,,not-checked,SecondLifeViewer|FirestormViewer
lumiya_decompiled_source/com/lumiyaviewer/lumiya/render/picking/IntersectPickable.java,java,OK,,not-checked,SecondLifeViewer|FirestormViewer
lumiya_decompiled_source/com/lumiyaviewer/lumiya/render/picking/ObjectIntersectInfo.java,java,OK,,not-checked,SecondLifeViewer|FirestormViewer
lumiya_decompiled_source/com/lumiyaviewer/lumiya/render/shaders/AvatarProgram.java,java,OK,,not-checked,LibreMetaverse|SecondLifeViewer|FirestormViewer
lumiya_decompiled_source/com/lumiyaviewer/lumiya/render/shaders/BasicPrimProgram.java,java,OK,,not-checked,SecondLifeViewer|FirestormViewer
lumiya_decompiled_source/com/lumiyaviewer/lumiya/render/shaders/BoundingBoxProgram.java,java,OK,,not-checked,SecondLifeViewer|FirestormViewer
lumiya_decompiled_source/com/lumiyaviewer/lumiya/render/shaders/FXAAProgram.java,java,OK,,not-checked,SecondLifeViewer|FirestormViewer
lumiya_decompiled_source/com/lumiyaviewer/lumiya/render/shaders/FlexiPrimProgram.java,java,OK,,not-checked,SecondLifeViewer|FirestormViewer
lumiya_decompiled_source/com/lumiyaviewer/lumiya/render/shaders/PrimProgram.java,java,OK,,not-checked,SecondLifeViewer|FirestormViewer
lumiya_decompiled_source/com/lumiyaviewer/lumiya/render/shaders/QuadProgram.java,java,OK,,not-checked,SecondLifeViewer|FirestormViewer
lumiya_decompiled_source/com/lumiyaviewer/lumiya/render/shaders/RawShaderProgram.java,java,OK,,not-checked,SecondLifeViewer|FirestormViewer
lumiya_decompiled_source/com/lumiyaviewer/lumiya/render/shaders/RiggedMeshProgram.java,java,OK,,not-checked,SecondLifeViewer|FirestormViewer
lumiya_decompiled_source/com/lumiyaviewer/lumiya/render/shaders/RiggedMeshProgram30.java,java,OK,,not-checked,SecondLifeViewer|FirestormViewer
lumiya_decompiled_source/com/lumiyaviewer/lumiya/render/shaders/Shader.java,java,OK,,not-checked,LibreMetaverse|SecondLifeViewer|FirestormViewer
lumiya_decompiled_source/com/lumiyaviewer/lumiya/render/shaders/ShaderCompileException.java,java,OK,,not-checked,SecondLifeViewer|FirestormViewer
lumiya_decompiled_source/com/lumiyaviewer/lumiya/render/shaders/ShaderPreprocessor.java,java,OK,,not-checked,SecondLifeViewer|FirestormViewer
lumiya_decompiled_source/com/lumiyaviewer/lumiya/render/shaders/ShaderProgram.java,java,OK,,not-checked,SecondLifeViewer|FirestormViewer
lumiya_decompiled_source/com/lumiyaviewer/lumiya/render/shaders/SkyCloudsProgram.java,java,OK,,not-checked,SecondLifeViewer|FirestormViewer
lumiya_decompiled_source/com/lumiyaviewer/lumiya/render/shaders/SkyProgram.java,java,OK,,not-checked,SecondLifeViewer|FirestormViewer
lumiya_decompiled_source/com/lumiyaviewer/lumiya/render/shaders/StarsProgram.java,java,OK,,not-checked,SecondLifeViewer|FirestormViewer
lumiya_decompiled_source/com/lumiyaviewer/lumiya/render/shaders/WaterProgram.java,java,OK,,not-checked,SecondLifeViewer|FirestormViewer
lumiya_decompiled_source/com/lumiyaviewer/lumiya/render/spatial/DrawEntryList.java,java,OK,,not-checked,SecondLifeViewer|FirestormViewer
lumiya_decompiled_source/com/lumiyaviewer/lumiya/render/spatial/DrawList.java,java,OK,,not-checked,LibreMetaverse|SecondLifeViewer|FirestormViewer
lumiya_decompiled_source/com/lumiyaviewer/lumiya/render/spatial/DrawListAvatarEntry.java,java,OK,,not-checked,LibreMetaverse|SecondLifeViewer|FirestormViewer
lumiya_decompiled_source/com/lumiyaviewer/lumiya/render/spatial/DrawListEntry.java,java,OK,,not-checked,SecondLifeViewer|FirestormViewer
lumiya_decompiled_source/com/lumiyaviewer/lumiya/render/spatial/DrawListObjectEntry.java,java,OK,,not-checked,SecondLifeViewer|FirestormViewer
lumiya_decompiled_source/com/lumiyaviewer/lumiya/render/spatial/DrawListPrimEntry.java,java,OK,,not-checked,LibreMetaverse|SecondLifeViewer|FirestormViewer
lumiya_decompiled_source/com/lumiyaviewer/lumiya/render/spatial/DrawListTerrainEntry.java,java,OK,,not-checked,SecondLifeViewer|FirestormViewer
lumiya_decompiled_source/com/lumiyaviewer/lumiya/render/spatial/FrustrumInfo.java,java,OK,,not-checked,SecondLifeViewer|FirestormViewer
lumiya_decompiled_source/com/lumiyaviewer/lumiya/render/spatial/FrustrumPlanes.java,java,OK,,not-checked,SecondLifeViewer|FirestormViewer
lumiya_decompiled_source/com/lumiyaviewer/lumiya/render/spatial/MyAvatarTreeNode.java,java,OK,,not-checked,LibreMetaverse|SecondLifeViewer|FirestormViewer
lumiya_decompiled_source/com/lumiyaviewer/lumiya/render/spatial/SpatialBox.java,java,OK,,not-checked,SecondLifeViewer|FirestormViewer
lumiya_decompiled_source/com/lumiyaviewer/lumiya/render/spatial/SpatialIndex.java,java,OK,,not-checked,LibreMetaverse|SecondLifeViewer|FirestormViewer
lumiya_decompiled_source/com/lumiyaviewer/lumiya/render/spatial/SpatialListEntry.java,java,OK,,not-checked,SecondLifeViewer|FirestormViewer
lumiya_decompiled_source/com/lumiyaviewer/lumiya/render/spatial/SpatialObjectIndex.java,java,OK,,not-checked,LibreMetaverse|SecondLifeViewer|FirestormViewer
lumiya_decompiled_source/com/lumiyaviewer/lumiya/render/spatial/SpatialTree.java,java,OK,,not-checked,LibreMetaverse|SecondLifeViewer|FirestormViewer
lumiya_decompiled_source/com/lumiyaviewer/lumiya/render/spatial/SpatialTreeNode.java,java,OK,,not-checked,SecondLifeViewer|FirestormViewer
lumiya_decompiled_source/com/lumiyaviewer/lumiya/render/terrain/DrawableTerrainPatch.java,java,OK,,not-checked,SecondLifeViewer|FirestormViewer
lumiya_decompiled_source/com/lumiyaviewer/lumiya/render/terrain/TerrainPatchGeometry.java,java,OK,,not-checked,SecondLifeViewer|FirestormViewer
lumiya_decompiled_source/com/lumiyaviewer/lumiya/render/tex/AutoValue_DrawableTextureParams.java,java,OK,,not-checked,LibreMetaverse|SecondLifeViewer|FirestormViewer
lumiya_decompiled_source/com/lumiyaviewer/lumiya/render/tex/DrawableTextureParams.java,java,OK,,not-checked,LibreMetaverse|SecondLifeViewer|FirestormViewer
lumiya_decompiled_source/com/lumiyaviewer/lumiya/render/tex/TextureClass.java,java,OK,,not-checked,SecondLifeViewer|FirestormViewer
lumiya_decompiled_source/com/lumiyaviewer/lumiya/render/tex/TexturePriority.java,java,OK,,not-checked,SecondLifeViewer|FirestormViewer
lumiya_decompiled_source/com/lumiyaviewer/lumiya/res/ResourceConsumer.java,java,OK,,not-checked,SecondLifeViewer|FirestormViewer
lumiya_decompiled_source/com/lumiyaviewer/lumiya/res/ResourceFileCache.java,java,OK,,not-checked,SecondLifeViewer|FirestormViewer
lumiya_decompiled_source/com/lumiyaviewer/lumiya/res/ResourceManager.java,java,OK,,not-checked,SecondLifeViewer|FirestormViewer
lumiya_decompiled_source/com/lumiyaviewer/lumiya/res/ResourceMemoryCache.java,java,OK,,not-checked,SecondLifeViewer|FirestormViewer
lumiya_decompiled_source/com/lumiyaviewer/lumiya/res/ResourceRequest.java,java,OK,,not-checked,SecondLifeViewer|FirestormViewer
lumiya_decompiled_source/com/lumiyaviewer/lumiya/res/anim/AnimationCache.java,java,BROKEN,decompilation-stub|unsupported-operation,not-checked,LibreMetaverse|SecondLifeViewer|FirestormViewer
lumiya_decompiled_source/com/lumiyaviewer/lumiya/res/collections/PriorityBinQueue.java,java,FIXED,unsupported-operation,not-checked,SecondLifeViewer|FirestormViewer
lumiya_decompiled_source/com/lumiyaviewer/lumiya/res/collections/PriorityRunnable.java,java,OK,,not-checked,SecondLifeViewer|FirestormViewer
lumiya_decompiled_source/com/lumiyaviewer/lumiya/res/collections/WeakQueue.java,java,FIXED,unsupported-operation,not-checked,SecondLifeViewer|FirestormViewer
lumiya_decompiled_source/com/lumiyaviewer/lumiya/res/executors/HTTPFetchExecutor.java,java,OK,,not-checked,SecondLifeViewer|FirestormViewer
lumiya_decompiled_source/com/lumiyaviewer/lumiya/res/executors/LoaderExecutor.java,java,OK,,not-checked,SecondLifeViewer|FirestormViewer
lumiya_decompiled_source/com/lumiyaviewer/lumiya/res/executors/PrimComputeExecutor.java,java,OK,,not-checked,SecondLifeViewer|FirestormViewer
lumiya_decompiled_source/com/lumiyaviewer/lumiya/res/executors/ResourceCleanupExecutor.java,java,OK,,not-checked,SecondLifeViewer|FirestormViewer
lumiya_decompiled_source/com/lumiyaviewer/lumiya/res/executors/Startable.java,java,OK,,not-checked,SecondLifeViewer|FirestormViewer
lumiya_decompiled_source/com/lumiyaviewer/lumiya/res/executors/StartingExecutor.java,java,OK,,not-checked,SecondLifeViewer|FirestormViewer
lumiya_decompiled_source/com/lumiyaviewer/lumiya/res/executors/WeakExecutor.java,java,OK,,not-checked,SecondLifeViewer|FirestormViewer
lumiya_decompiled_source/com/lumiyaviewer/lumiya/res/geometry/GeometryCache.java,java,OK,,not-checked,SecondLifeViewer|FirestormViewer
lumiya_decompiled_source/com/lumiyaviewer/lumiya/res/geometry/PrimCache.java,java,OK,,not-checked,SecondLifeViewer|FirestormViewer
lumiya_decompiled_source/com/lumiyaviewer/lumiya/res/mesh/MeshCache.java,java,OK,,not-checked,SecondLifeViewer|FirestormViewer
lumiya_decompiled_source/com/lumiyaviewer/lumiya/res/terrain/TerrainGeometryCache.java,java,OK,,not-checked,SecondLifeViewer|FirestormViewer
lumiya_decompiled_source/com/lumiyaviewer/lumiya/res/terrain/TerrainTextureCache.java,java,OK,,not-checked,SecondLifeViewer|FirestormViewer
lumiya_decompiled_source/com/lumiyaviewer/lumiya/res/text/AutoValue_DrawableTextParams.java,java,OK,,not-checked,SecondLifeViewer|FirestormViewer
lumiya_decompiled_source/com/lumiyaviewer/lumiya/res/text/DrawableTextBitmap.java,java,OK,,not-checked,SecondLifeViewer|FirestormViewer
lumiya_decompiled_source/com/lumiyaviewer/lumiya/res/text/DrawableTextCache.java,java,OK,,not-checked,SecondLifeViewer|FirestormViewer
lumiya_decompiled_source/com/lumiyaviewer/lumiya/res/text/DrawableTextParams.java,java,OK,,not-checked,SecondLifeViewer|FirestormViewer
lumiya_decompiled_source/com/lumiyaviewer/lumiya/res/textures/MemoryLimitedStartingExecutor.java,java,OK,,not-checked,SecondLifeViewer|FirestormViewer
lumiya_decompiled_source/com/lumiyaviewer/lumiya/res/textures/TextureCache.java,java,OK,,not-checked,SecondLifeViewer|FirestormViewer
lumiya_decompiled_source/com/lumiyaviewer/lumiya/res/textures/TextureCompressedCache.java,java,BROKEN,decompilation-stub|unsupported-operation,not-checked,SecondLifeViewer|FirestormViewer
lumiya_decompiled_source/com/lumiyaviewer/lumiya/slproto/GridConnectionManager.java,java,OK,,not-checked,SecondLifeViewer|FirestormViewer
lumiya_decompiled_source/com/lumiyaviewer/lumiya/slproto/SLAgentCircuit.java,java,OK,,not-checked,LLSD|LibreMetaverse|SecondLifeViewer|FirestormViewer
lumiya_decompiled_source/com/lumiyaviewer/lumiya/slproto/SLCircuit.java,java,BROKEN,decompilation-stub|unsupported-operation,not-checked,LLSD|LibreMetaverse|SecondLifeViewer|FirestormViewer
lumiya_decompiled_source/com/lumiyaviewer/lumiya/slproto/SLCircuitInfo.java,java,OK,,not-checked,LibreMetaverse|SecondLifeViewer|FirestormViewer
lumiya_decompiled_source/com/lumiyaviewer/lumiya/slproto/SLConnection.java,java,OK,,not-checked,LibreMetaverse|SecondLifeViewer|FirestormViewer
lumiya_decompiled_source/com/lumiyaviewer/lumiya/slproto/SLDefaultMessage.java,java,OK,,not-checked,SecondLifeViewer|FirestormViewer
lumiya_decompiled_source/com/lumiyaviewer/lumiya/slproto/SLGridConnection.java,java,OK,,not-checked,LLSD|LibreMetaverse|SecondLifeViewer|FirestormViewer
lumiya_decompiled_source/com/lumiyaviewer/lumiya/slproto/SLMessage.java,java,OK,,not-checked,SecondLifeViewer|FirestormViewer
lumiya_decompiled_source/com/lumiyaviewer/lumiya/slproto/SLMessageEventListener.java,java,OK,,not-checked,SecondLifeViewer|FirestormViewer
lumiya_decompiled_source/com/lumiyaviewer/lumiya/slproto/SLParcelInfo.java,java,BROKEN,decompilation-stub|unsupported-operation,not-checked,LibreMetaverse|SecondLifeViewer|FirestormViewer
lumiya_decompiled_source/com/lumiyaviewer/lumiya/slproto/SLTempCircuit.java,java,OK,,not-checked,LibreMetaverse|SecondLifeViewer|FirestormViewer
lumiya_decompiled_source/com/lumiyaviewer/lumiya/slproto/SLThreadingCircuit.java,java,OK,,not-checked,LibreMetaverse|SecondLifeViewer|FirestormViewer
lumiya_decompiled_source/com/lumiyaviewer/lumiya/slproto/SLURL.kt,kt,OK,,not-checked,SecondLifeViewer|FirestormViewer
lumiya_decompiled_source/com/lumiyaviewer/lumiya/slproto/assets/AssetFormatException.java,java,OK,,not-checked,SecondLifeViewer|FirestormViewer
lumiya_decompiled_source/com/lumiyaviewer/lumiya/slproto/assets/SLLandmark.java,java,OK,,not-checked,LibreMetaverse|SecondLifeViewer|FirestormViewer
lumiya_decompiled_source/com/lumiyaviewer/lumiya/slproto/assets/SLNotecard.java,java,OK,,not-checked,LibreMetaverse|SecondLifeViewer|FirestormViewer
lumiya_decompiled_source/com/lumiyaviewer/lumiya/slproto/assets/SLWearable.java,java,OK,,not-checked,LibreMetaverse|SecondLifeViewer|FirestormViewer
lumiya_decompiled_source/com/lumiyaviewer/lumiya/slproto/assets/SLWearableData.java,java,OK,,not-checked,SecondLifeViewer|FirestormViewer
lumiya_decompiled_source/com/lumiyaviewer/lumiya/slproto/assets/SLWearableType.java,java,OK,,not-checked,LibreMetaverse|SecondLifeViewer|FirestormViewer
lumiya_decompiled_source/com/lumiyaviewer/lumiya/slproto/auth/SLAuth.java,java,BROKEN,decompilation-stub|unsupported-operation,not-checked,LibreMetaverse|SecondLifeViewer|FirestormViewer
lumiya_decompiled_source/com/lumiyaviewer/lumiya/slproto/auth/SLAuthParams.java,java,OK,,not-checked,SecondLifeViewer|FirestormViewer
lumiya_decompiled_source/com/lumiyaviewer/lumiya/slproto/auth/SLAuthReply.java,java,OK,,not-checked,LLSD|LibreMetaverse|SecondLifeViewer|FirestormViewer
lumiya_decompiled_source/com/lumiyaviewer/lumiya/slproto/avatar/AvatarTextureFaceIndex.java,java,OK,,not-checked,LibreMetaverse|SecondLifeViewer|FirestormViewer
lumiya_decompiled_source/com/lumiyaviewer/lumiya/slproto/avatar/BakedTextureIndex.java,java,OK,,not-checked,LibreMetaverse|SecondLifeViewer|FirestormViewer
lumiya_decompiled_source/com/lumiyaviewer/lumiya/slproto/avatar/MeshIndex.java,java,OK,,not-checked,LibreMetaverse|SecondLifeViewer|FirestormViewer
lumiya_decompiled_source/com/lumiyaviewer/lumiya/slproto/avatar/SLAnimatedMeshData.java,java,BROKEN,decompilation-stub|unsupported-operation,not-checked,LibreMetaverse|SecondLifeViewer|FirestormViewer
lumiya_decompiled_source/com/lumiyaviewer/lumiya/slproto/avatar/SLAttachmentPoint.java,java,OK,,not-checked,LibreMetaverse|SecondLifeViewer|FirestormViewer
lumiya_decompiled_source/com/lumiyaviewer/lumiya/slproto/avatar/SLAvatarParamAlpha.java,java,OK,,not-checked,LibreMetaverse|SecondLifeViewer|FirestormViewer
lumiya_decompiled_source/com/lumiyaviewer/lumiya/slproto/avatar/SLAvatarParamBuilder.java,java,OK,,not-checked,LLSD|LibreMetaverse|SecondLifeViewer|FirestormViewer
lumiya_decompiled_source/com/lumiyaviewer/lumiya/slproto/avatar/SLAvatarParamColor.java,java,OK,,not-checked,LibreMetaverse|SecondLifeViewer|FirestormViewer
lumiya_decompiled_source/com/lumiyaviewer/lumiya/slproto/avatar/SLAvatarParams.java,java,OK,,not-checked,LibreMetaverse|SecondLifeViewer|FirestormViewer
lumiya_decompiled_source/com/lumiyaviewer/lumiya/slproto/avatar/SLAvatarParamsDef.java,java,OK,,not-checked,LibreMetaverse|SecondLifeViewer|FirestormViewer
lumiya_decompiled_source/com/lumiyaviewer/lumiya/slproto/avatar/SLBaseAvatar.java,java,OK,,not-checked,LibreMetaverse|SecondLifeViewer|FirestormViewer
lumiya_decompiled_source/com/lumiyaviewer/lumiya/slproto/avatar/SLDefaultSkeleton.java,java,OK,,not-checked,LibreMetaverse|SecondLifeViewer|FirestormViewer
lumiya_decompiled_source/com/lumiyaviewer/lumiya/slproto/avatar/SLMeshData.java,java,OK,,not-checked,LibreMetaverse|SecondLifeViewer|FirestormViewer
lumiya_decompiled_source/com/lumiyaviewer/lumiya/slproto/avatar/SLMoveEvents.java,java,OK,,not-checked,LibreMetaverse|SecondLifeViewer|FirestormViewer
lumiya_decompiled_source/com/lumiyaviewer/lumiya/slproto/avatar/SLPolyMesh.java,java,OK,,not-checked,LibreMetaverse|SecondLifeViewer|FirestormViewer
lumiya_decompiled_source/com/lumiyaviewer/lumiya/slproto/avatar/SLPolyMorphData.java,java,OK,,not-checked,LibreMetaverse|SecondLifeViewer|FirestormViewer
lumiya_decompiled_source/com/lumiyaviewer/lumiya/slproto/avatar/SLScriptPermissions.java,java,OK,,not-checked,LibreMetaverse|SecondLifeViewer|FirestormViewer
lumiya_decompiled_source/com/lumiyaviewer/lumiya/slproto/avatar/SLSkeleton.java,java,OK,,not-checked,LibreMetaverse|SecondLifeViewer|FirestormViewer
lumiya_decompiled_source/com/lumiyaviewer/lumiya/slproto/avatar/SLSkeletonBone.java,java,OK,,not-checked,LibreMetaverse|SecondLifeViewer|FirestormViewer
lumiya_decompiled_source/com/lumiyaviewer/lumiya/slproto/avatar/SLSkeletonBoneID.java,java,OK,,not-checked,LibreMetaverse|SecondLifeViewer|FirestormViewer
lumiya_decompiled_source/com/lumiyaviewer/lumiya/slproto/avatar/SLVisualParamID.java,java,OK,,not-checked,LibreMetaverse|SecondLifeViewer|FirestormViewer
lumiya_decompiled_source/com/lumiyaviewer/lumiya/slproto/baker/BakeLayer.java,java,BROKEN,decompilation-stub|unsupported-operation,not-checked,LibreMetaverse|SecondLifeViewer|FirestormViewer
lumiya_decompiled_source/com/lumiyaviewer/lumiya/slproto/baker/BakeLayerSet.java,java,OK,,not-checked,LibreMetaverse|SecondLifeViewer|FirestormViewer
lumiya_decompiled_source/com/lumiyaviewer/lumiya/slproto/baker/BakeLayers.java,java,OK,,not-checked,LibreMetaverse|SecondLifeViewer|FirestormViewer
lumiya_decompiled_source/com/lumiyaviewer/lumiya/slproto/baker/BakeProcess.java,java,OK,,not-checked,LibreMetaverse|SecondLifeViewer|FirestormViewer
lumiya_decompiled_source/com/lumiyaviewer/lumiya/slproto/baker/BakedImage.java,java,OK,,not-checked,SecondLifeViewer|FirestormViewer
lumiya_decompiled_source/com/lumiyaviewer/lumiya/slproto/baker/SLAvatarGlobalColor.java,java,OK,,not-checked,LibreMetaverse|SecondLifeViewer|FirestormViewer
lumiya_decompiled_source/com/lumiyaviewer/lumiya/slproto/caps/SLCapEventQueue.java,java,OK,,not-checked,LLSD|LibreMetaverse|SecondLifeViewer|FirestormViewer
lumiya_decompiled_source/com/lumiyaviewer/lumiya/slproto/caps/SLCaps.java,java,OK,,not-checked,LLSD|LibreMetaverse|SecondLifeViewer|FirestormViewer
lumiya_decompiled_source/com/lumiyaviewer/lumiya/slproto/chat/SLChatBalanceChangedEvent.java,java,OK,,not-checked,SecondLifeViewer|FirestormViewer
lumiya_decompiled_source/com/lumiyaviewer/lumiya/slproto/chat/SLChatFriendshipOfferedEvent.java,java,OK,,not-checked,LibreMetaverse|SecondLifeViewer|FirestormViewer
lumiya_decompiled_source/com/lumiyaviewer/lumiya/slproto/chat/SLChatFriendshipResultEvent.java,java,OK,,not-checked,SecondLifeViewer|FirestormViewer
lumiya_decompiled_source/com/lumiyaviewer/lumiya/slproto/chat/SLChatGroupInvitationEvent.java,java,OK,,not-checked,LibreMetaverse|SecondLifeViewer|FirestormViewer
lumiya_decompiled_source/com/lumiyaviewer/lumiya/slproto/chat/SLChatGroupInvitationSentEvent.java,java,OK,,not-checked,SecondLifeViewer|FirestormViewer
lumiya_decompiled_source/com/lumiyaviewer/lumiya/slproto/chat/SLChatInventoryItemOfferedByGroupNoticeEvent.java,java,OK,,not-checked,LibreMetaverse|SecondLifeViewer|FirestormViewer
lumiya_decompiled_source/com/lumiyaviewer/lumiya/slproto/chat/SLChatInventoryItemOfferedByYouEvent.java,java,OK,,not-checked,LibreMetaverse|SecondLifeViewer|FirestormViewer
lumiya_decompiled_source/com/lumiyaviewer/lumiya/slproto/chat/SLChatInventoryItemOfferedEvent.java,java,OK,,not-checked,LibreMetaverse|SecondLifeViewer|FirestormViewer
lumiya_decompiled_source/com/lumiyaviewer/lumiya/slproto/chat/SLChatLureEvent.java,java,OK,,not-checked,LibreMetaverse|SecondLifeViewer|FirestormViewer
lumiya_decompiled_source/com/lumiyaviewer/lumiya/slproto/chat/SLChatLureRequestEvent.java,java,OK,,not-checked,LibreMetaverse|SecondLifeViewer|FirestormViewer
lumiya_decompiled_source/com/lumiyaviewer/lumiya/slproto/chat/SLChatLureRequestedEvent.java,java,OK,,not-checked,SecondLifeViewer|FirestormViewer
lumiya_decompiled_source/com/lumiyaviewer/lumiya/slproto/chat/SLChatOnlineOfflineEvent.java,java,OK,,not-checked,SecondLifeViewer|FirestormViewer
lumiya_decompiled_source/com/lumiyaviewer/lumiya/slproto/chat/SLChatPermissionRequestEvent.java,java,OK,,not-checked,LibreMetaverse|SecondLifeViewer|FirestormViewer
lumiya_decompiled_source/com/lumiyaviewer/lumiya/slproto/chat/SLChatScriptDialog.java,java,OK,,not-checked,LibreMetaverse|SecondLifeViewer|FirestormViewer
lumiya_decompiled_source/com/lumiyaviewer/lumiya/slproto/chat/SLChatSessionMarkEvent.java,java,OK,,not-checked,SecondLifeViewer|FirestormViewer
lumiya_decompiled_source/com/lumiyaviewer/lumiya/slproto/chat/SLChatSystemMessageEvent.java,java,OK,,not-checked,SecondLifeViewer|FirestormViewer
lumiya_decompiled_source/com/lumiyaviewer/lumiya/slproto/chat/SLChatTextBoxDialog.java,java,OK,,not-checked,LibreMetaverse|SecondLifeViewer|FirestormViewer
lumiya_decompiled_source/com/lumiyaviewer/lumiya/slproto/chat/SLChatTextEvent.java,java,OK,,not-checked,SecondLifeViewer|FirestormViewer
lumiya_decompiled_source/com/lumiyaviewer/lumiya/slproto/chat/SLEnableRLVOfferEvent.java,java,OK,,not-checked,LibreMetaverse|SecondLifeViewer|FirestormViewer
lumiya_decompiled_source/com/lumiyaviewer/lumiya/slproto/chat/SLMissedVoiceCallEvent.java,java,OK,,not-checked,LibreMetaverse|SecondLifeViewer|FirestormViewer
lumiya_decompiled_source/com/lumiyaviewer/lumiya/slproto/chat/SLVoiceUpgradeEvent.java,java,OK,,not-checked,SecondLifeViewer|FirestormViewer
lumiya_decompiled_source/com/lumiyaviewer/lumiya/slproto/chat/generic/ChatEventViewHolder.java,java,OK,,not-checked,LibreMetaverse|SecondLifeViewer|FirestormViewer
lumiya_decompiled_source/com/lumiyaviewer/lumiya/slproto/chat/generic/ChatScriptDialogViewHolder.java,java,OK,,not-checked,SecondLifeViewer|FirestormViewer
lumiya_decompiled_source/com/lumiyaviewer/lumiya/slproto/chat/generic/ChatTextBoxViewHolder.java,java,OK,,not-checked,SecondLifeViewer|FirestormViewer
lumiya_decompiled_source/com/lumiyaviewer/lumiya/slproto/chat/generic/ChatYesNoEventViewHolder.java,java,OK,,not-checked,SecondLifeViewer|FirestormViewer
lumiya_decompiled_source/com/lumiyaviewer/lumiya/slproto/chat/generic/OnChatEventListener.java,java,OK,,not-checked,SecondLifeViewer|FirestormViewer
lumiya_decompiled_source/com/lumiyaviewer/lumiya/slproto/chat/generic/SLChatDialogEvent.java,java,OK,,not-checked,SecondLifeViewer|FirestormViewer
lumiya_decompiled_source/com/lumiyaviewer/lumiya/slproto/chat/generic/SLChatEvent.java,java,OK,,not-checked,LibreMetaverse|SecondLifeViewer|FirestormViewer
lumiya_decompiled_source/com/lumiyaviewer/lumiya/slproto/chat/generic/SLChatYesNoEvent.java,java,OK,,not-checked,SecondLifeViewer|FirestormViewer
lumiya_decompiled_source/com/lumiyaviewer/lumiya/slproto/dispnames/SLDisplayNameFetcher.java,java,OK,,not-checked,LLSD|LibreMetaverse|SecondLifeViewer|FirestormViewer
lumiya_decompiled_source/com/lumiyaviewer/lumiya/slproto/events/SLBakingProgressEvent.java,java,OK,,not-checked,SecondLifeViewer|FirestormViewer
lumiya_decompiled_source/com/lumiyaviewer/lumiya/slproto/events/SLBalanceChangedEvent.java,java,OK,,not-checked,SecondLifeViewer|FirestormViewer
lumiya_decompiled_source/com/lumiyaviewer/lumiya/slproto/events/SLChatEventUpdatedEvent.java,java,OK,,not-checked,SecondLifeViewer|FirestormViewer
lumiya_decompiled_source/com/lumiyaviewer/lumiya/slproto/events/SLConnectionStateChangedEvent.java,java,OK,,not-checked,SecondLifeViewer|FirestormViewer
lumiya_decompiled_source/com/lumiyaviewer/lumiya/slproto/events/SLDisconnectEvent.java,java,OK,,not-checked,SecondLifeViewer|FirestormViewer
lumiya_decompiled_source/com/lumiyaviewer/lumiya/slproto/events/SLInventoryBackgroundUpdateEvent.java,java,OK,,not-checked,LibreMetaverse|SecondLifeViewer|FirestormViewer
lumiya_decompiled_source/com/lumiyaviewer/lumiya/slproto/events/SLInventoryNewContentsEvent.java,java,OK,,not-checked,LibreMetaverse|SecondLifeViewer|FirestormViewer
lumiya_decompiled_source/com/lumiyaviewer/lumiya/slproto/events/SLInventoryUpdatedEvent.java,java,OK,,not-checked,LibreMetaverse|SecondLifeViewer|FirestormViewer
lumiya_decompiled_source/com/lumiyaviewer/lumiya/slproto/events/SLJoinLeaveGroupEvent.java,java,OK,,not-checked,SecondLifeViewer|FirestormViewer
lumiya_decompiled_source/com/lumiyaviewer/lumiya/slproto/events/SLLoginResultEvent.java,java,OK,,not-checked,SecondLifeViewer|FirestormViewer
lumiya_decompiled_source/com/lumiyaviewer/lumiya/slproto/events/SLObjectPayInfoEvent.java,java,OK,,not-checked,SecondLifeViewer|FirestormViewer
lumiya_decompiled_source/com/lumiyaviewer/lumiya/slproto/events/SLReconnectingEvent.java,java,OK,,not-checked,SecondLifeViewer|FirestormViewer
lumiya_decompiled_source/com/lumiyaviewer/lumiya/slproto/events/SLRegionInfoChangedEvent.java,java,OK,,not-checked,LibreMetaverse|SecondLifeViewer|FirestormViewer
lumiya_decompiled_source/com/lumiyaviewer/lumiya/slproto/events/SLTaskInventoryReceivedEvent.java,java,OK,,not-checked,LibreMetaverse|SecondLifeViewer|FirestormViewer
lumiya_decompiled_source/com/lumiyaviewer/lumiya/slproto/events/SLTeleportResultEvent.java,java,OK,,not-checked,SecondLifeViewer|FirestormViewer
lumiya_decompiled_source/com/lumiyaviewer/lumiya/slproto/handler/SLEventQueueMessageHandler.java,java,OK,,not-checked,LLSD|LibreMetaverse|SecondLifeViewer|FirestormViewer
lumiya_decompiled_source/com/lumiyaviewer/lumiya/slproto/handler/SLMessageHandler.java,java,OK,,not-checked,SecondLifeViewer|FirestormViewer
lumiya_decompiled_source/com/lumiyaviewer/lumiya/slproto/handler/SLMessageRouter.java,java,OK,,not-checked,LLSD|LibreMetaverse|SecondLifeViewer|FirestormViewer
lumiya_decompiled_source/com/lumiyaviewer/lumiya/slproto/https/GenericHTTPExecutor.kt,kt,OK,,not-checked,SecondLifeViewer|FirestormViewer
lumiya_decompiled_source/com/lumiyaviewer/lumiya/slproto/https/LLSDContentTypeDetector.kt,kt,OK,,not-checked,LLSD|LibreMetaverse|SecondLifeViewer|FirestormViewer
lumiya_decompiled_source/com/lumiyaviewer/lumiya/slproto/https/LLSDStreamingXMLRequest.kt,kt,OK,,not-checked,LLSD|LibreMetaverse|SecondLifeViewer|FirestormViewer
lumiya_decompiled_source/com/lumiyaviewer/lumiya/slproto/https/LLSDXMLAsyncRequest.kt,kt,OK,,not-checked,LLSD|LibreMetaverse|SecondLifeViewer|FirestormViewer
lumiya_decompiled_source/com/lumiyaviewer/lumiya/slproto/https/LLSDXMLRequest.kt,kt,OK,,not-checked,LLSD|LibreMetaverse|SecondLifeViewer|FirestormViewer
lumiya_decompiled_source/com/lumiyaviewer/lumiya/slproto/https/SLHTTPSConnection.kt,kt,OK,,not-checked,SecondLifeViewer|FirestormViewer
lumiya_decompiled_source/com/lumiyaviewer/lumiya/slproto/inventory/SLAssetType.java,java,OK,,not-checked,LibreMetaverse|SecondLifeViewer|FirestormViewer
lumiya_decompiled_source/com/lumiyaviewer/lumiya/slproto/inventory/SLInventory.java,java,OK,,not-checked,LLSD|LibreMetaverse|SecondLifeViewer|FirestormViewer
lumiya_decompiled_source/com/lumiyaviewer/lumiya/slproto/inventory/SLInventoryEntry.java,java,OK,,not-checked,LibreMetaverse|SecondLifeViewer|FirestormViewer
lumiya_decompiled_source/com/lumiyaviewer/lumiya/slproto/inventory/SLInventoryFetchRequest.java,java,OK,,not-checked,LibreMetaverse|SecondLifeViewer|FirestormViewer
lumiya_decompiled_source/com/lumiyaviewer/lumiya/slproto/inventory/SLInventoryHTTPFetchRequest.java,java,BROKEN,decompilation-stub|unsupported-operation,not-checked,LLSD|LibreMetaverse|SecondLifeViewer|FirestormViewer
lumiya_decompiled_source/com/lumiyaviewer/lumiya/slproto/inventory/SLInventoryOpenHelper.java,java,OK,,not-checked,LibreMetaverse|SecondLifeViewer|FirestormViewer
lumiya_decompiled_source/com/lumiyaviewer/lumiya/slproto/inventory/SLInventoryType.java,java,OK,,not-checked,LibreMetaverse|SecondLifeViewer|FirestormViewer
lumiya_decompiled_source/com/lumiyaviewer/lumiya/slproto/inventory/SLInventoryUDPFetchRequest.java,java,OK,,not-checked,LibreMetaverse|SecondLifeViewer|FirestormViewer
lumiya_decompiled_source/com/lumiyaviewer/lumiya/slproto/inventory/SLSaleType.java,java,OK,,not-checked,LibreMetaverse|SecondLifeViewer|FirestormViewer
lumiya_decompiled_source/com/lumiyaviewer/lumiya/slproto/inventory/SLTaskInventory.java,java,OK,,not-checked,LibreMetaverse|SecondLifeViewer|FirestormViewer
lumiya_decompiled_source/com/lumiyaviewer/lumiya/slproto/llsd/EnhancedLLSDUtils.java,java,FIXED,unsupported-operation,not-checked,LLSD|LibreMetaverse|SecondLifeViewer|FirestormViewer
lumiya_decompiled_source/com/lumiyaviewer/lumiya/slproto/llsd/LLSDException.kt,kt,OK,,not-checked,LLSD|LibreMetaverse|SecondLifeViewer|FirestormViewer
lumiya_decompiled_source/com/lumiyaviewer/lumiya/slproto/llsd/LLSDInvalidKeyException.kt,kt,OK,,not-checked,LLSD|LibreMetaverse|SecondLifeViewer|FirestormViewer
lumiya_decompiled_source/com/lumiyaviewer/lumiya/slproto/llsd/LLSDNode.kt,kt,OK,,not-checked,LLSD|LibreMetaverse|SecondLifeViewer|FirestormViewer
lumiya_decompiled_source/com/lumiyaviewer/lumiya/slproto/llsd/LLSDNodeFactory.kt,kt,OK,,not-checked,LLSD|LibreMetaverse|SecondLifeViewer|FirestormViewer
lumiya_decompiled_source/com/lumiyaviewer/lumiya/slproto/llsd/LLSDNodeType.kt,kt,OK,,not-checked,LLSD|LibreMetaverse|SecondLifeViewer|FirestormViewer
lumiya_decompiled_source/com/lumiyaviewer/lumiya/slproto/llsd/LLSDSerialized.kt,kt,OK,,not-checked,LLSD|LibreMetaverse|SecondLifeViewer|FirestormViewer
lumiya_decompiled_source/com/lumiyaviewer/lumiya/slproto/llsd/LLSDStreamingParser.kt,kt,OK,,not-checked,LLSD|LibreMetaverse|SecondLifeViewer|FirestormViewer
lumiya_decompiled_source/com/lumiyaviewer/lumiya/slproto/llsd/LLSDValueTypeException.kt,kt,OK,,not-checked,LLSD|LibreMetaverse|SecondLifeViewer|FirestormViewer
lumiya_decompiled_source/com/lumiyaviewer/lumiya/slproto/llsd/LLSDXMLException.kt,kt,OK,,not-checked,LLSD|LibreMetaverse|SecondLifeViewer|FirestormViewer
lumiya_decompiled_source/com/lumiyaviewer/lumiya/slproto/llsd/types/LLSDArray.kt,kt,OK,,not-checked,LLSD|LibreMetaverse|SecondLifeViewer|FirestormViewer
lumiya_decompiled_source/com/lumiyaviewer/lumiya/slproto/llsd/types/LLSDBinary.kt,kt,OK,,not-checked,LLSD|LibreMetaverse|SecondLifeViewer|FirestormViewer
lumiya_decompiled_source/com/lumiyaviewer/lumiya/slproto/llsd/types/LLSDBoolean.kt,kt,OK,,not-checked,LLSD|LibreMetaverse|SecondLifeViewer|FirestormViewer
lumiya_decompiled_source/com/lumiyaviewer/lumiya/slproto/llsd/types/LLSDDate.kt,kt,OK,,not-checked,LLSD|LibreMetaverse|SecondLifeViewer|FirestormViewer
lumiya_decompiled_source/com/lumiyaviewer/lumiya/slproto/llsd/types/LLSDDouble.kt,kt,OK,,not-checked,LLSD|LibreMetaverse|SecondLifeViewer|FirestormViewer
lumiya_decompiled_source/com/lumiyaviewer/lumiya/slproto/llsd/types/LLSDInt.kt,kt,OK,,not-checked,LLSD|LibreMetaverse|SecondLifeViewer|FirestormViewer
lumiya_decompiled_source/com/lumiyaviewer/lumiya/slproto/llsd/types/LLSDMap.kt,kt,OK,,not-checked,LLSD|LibreMetaverse|SecondLifeViewer|FirestormViewer
lumiya_decompiled_source/com/lumiyaviewer/lumiya/slproto/llsd/types/LLSDString.kt,kt,OK,,not-checked,LLSD|LibreMetaverse|SecondLifeViewer|FirestormViewer
lumiya_decompiled_source/com/lumiyaviewer/lumiya/slproto/llsd/types/LLSDURI.kt,kt,OK,,not-checked,LLSD|LibreMetaverse|SecondLifeViewer|FirestormViewer
lumiya_decompiled_source/com/lumiyaviewer/lumiya/slproto/llsd/types/LLSDUUID.kt,kt,OK,,not-checked,LLSD|LibreMetaverse|SecondLifeViewer|FirestormViewer
lumiya_decompiled_source/com/lumiyaviewer/lumiya/slproto/llsd/types/LLSDUndefined.kt,kt,OK,,not-checked,LLSD|LibreMetaverse|SecondLifeViewer|FirestormViewer
lumiya_decompiled_source/com/lumiyaviewer/lumiya/slproto/mesh/MeshData.java,java,OK,,not-checked,LLSD|LibreMetaverse|SecondLifeViewer|FirestormViewer
lumiya_decompiled_source/com/lumiyaviewer/lumiya/slproto/mesh/MeshFace.java,java,OK,,not-checked,LLSD|LibreMetaverse|SecondLifeViewer|FirestormViewer
lumiya_decompiled_source/com/lumiyaviewer/lumiya/slproto/mesh/MeshJointTranslations.java,java,OK,,not-checked,LibreMetaverse|SecondLifeViewer|FirestormViewer
lumiya_decompiled_source/com/lumiyaviewer/lumiya/slproto/mesh/MeshRiggingData.java,java,OK,,not-checked,LibreMetaverse|SecondLifeViewer|FirestormViewer
lumiya_decompiled_source/com/lumiyaviewer/lumiya/slproto/mesh/MeshWeightsBuffer.java,java,OK,,not-checked,SecondLifeViewer|FirestormViewer
lumiya_decompiled_source/com/lumiyaviewer/lumiya/slproto/messages/AbortXfer.java,java,OK,,not-checked,SecondLifeViewer|FirestormViewer
lumiya_decompiled_source/com/lumiyaviewer/lumiya/slproto/messages/AcceptCallingCard.java,java,OK,,not-checked,LibreMetaverse|SecondLifeViewer|FirestormViewer
lumiya_decompiled_source/com/lumiyaviewer/lumiya/slproto/messages/AcceptFriendship.java,java,OK,,not-checked,LibreMetaverse|SecondLifeViewer|FirestormViewer
lumiya_decompiled_source/com/lumiyaviewer/lumiya/slproto/messages/ActivateGestures.java,java,OK,,not-checked,LibreMetaverse|SecondLifeViewer|FirestormViewer
lumiya_decompiled_source/com/lumiyaviewer/lumiya/slproto/messages/ActivateGroup.java,java,OK,,not-checked,LibreMetaverse|SecondLifeViewer|FirestormViewer
lumiya_decompiled_source/com/lumiyaviewer/lumiya/slproto/messages/AddCircuitCode.java,java,OK,,not-checked,LibreMetaverse|SecondLifeViewer|FirestormViewer
lumiya_decompiled_source/com/lumiyaviewer/lumiya/slproto/messages/AgentAlertMessage.java,java,OK,,not-checked,LibreMetaverse|SecondLifeViewer|FirestormViewer
lumiya_decompiled_source/com/lumiyaviewer/lumiya/slproto/messages/AgentAnimation.java,java,OK,,not-checked,LibreMetaverse|SecondLifeViewer|FirestormViewer
lumiya_decompiled_source/com/lumiyaviewer/lumiya/slproto/messages/AgentCachedTexture.java,java,OK,,not-checked,LibreMetaverse|SecondLifeViewer|FirestormViewer
lumiya_decompiled_source/com/lumiyaviewer/lumiya/slproto/messages/AgentCachedTextureResponse.java,java,OK,,not-checked,LibreMetaverse|SecondLifeViewer|FirestormViewer
lumiya_decompiled_source/com/lumiyaviewer/lumiya/slproto/messages/AgentDataUpdate.java,java,OK,,not-checked,LLSD|LibreMetaverse|SecondLifeViewer|FirestormViewer
lumiya_decompiled_source/com/lumiyaviewer/lumiya/slproto/messages/AgentDataUpdateRequest.java,java,OK,,not-checked,LibreMetaverse|SecondLifeViewer|FirestormViewer
lumiya_decompiled_source/com/lumiyaviewer/lumiya/slproto/messages/AgentDropGroup.java,java,OK,,not-checked,LibreMetaverse|SecondLifeViewer|FirestormViewer
lumiya_decompiled_source/com/lumiyaviewer/lumiya/slproto/messages/AgentFOV.java,java,OK,,not-checked,LibreMetaverse|SecondLifeViewer|FirestormViewer
lumiya_decompiled_source/com/lumiyaviewer/lumiya/slproto/messages/AgentGroupDataUpdate.java,java,OK,,not-checked,LibreMetaverse|SecondLifeViewer|FirestormViewer
lumiya_decompiled_source/com/lumiyaviewer/lumiya/slproto/messages/AgentHeightWidth.java,java,OK,,not-checked,LibreMetaverse|SecondLifeViewer|FirestormViewer
lumiya_decompiled_source/com/lumiyaviewer/lumiya/slproto/messages/AgentIsNowWearing.java,java,OK,,not-checked,LibreMetaverse|SecondLifeViewer|FirestormViewer
lumiya_decompiled_source/com/lumiyaviewer/lumiya/slproto/messages/AgentMovementComplete.java,java,OK,,not-checked,LibreMetaverse|SecondLifeViewer|FirestormViewer
lumiya_decompiled_source/com/lumiyaviewer/lumiya/slproto/messages/AgentPause.java,java,OK,,not-checked,LibreMetaverse|SecondLifeViewer|FirestormViewer
lumiya_decompiled_source/com/lumiyaviewer/lumiya/slproto/messages/AgentQuitCopy.java,java,OK,,not-checked,LibreMetaverse|SecondLifeViewer|FirestormViewer
lumiya_decompiled_source/com/lumiyaviewer/lumiya/slproto/messages/AgentRequestSit.java,java,OK,,not-checked,LibreMetaverse|SecondLifeViewer|FirestormViewer
lumiya_decompiled_source/com/lumiyaviewer/lumiya/slproto/messages/AgentResume.java,java,OK,,not-checked,LibreMetaverse|SecondLifeViewer|FirestormViewer
lumiya_decompiled_source/com/lumiyaviewer/lumiya/slproto/messages/AgentSetAppearance.java,java,OK,,not-checked,LibreMetaverse|SecondLifeViewer|FirestormViewer
lumiya_decompiled_source/com/lumiyaviewer/lumiya/slproto/messages/AgentSit.java,java,OK,,not-checked,LibreMetaverse|SecondLifeViewer|FirestormViewer
lumiya_decompiled_source/com/lumiyaviewer/lumiya/slproto/messages/AgentThrottle.java,java,OK,,not-checked,LibreMetaverse|SecondLifeViewer|FirestormViewer
lumiya_decompiled_source/com/lumiyaviewer/lumiya/slproto/messages/AgentUpdate.java,java,OK,,not-checked,LibreMetaverse|SecondLifeViewer|FirestormViewer
lumiya_decompiled_source/com/lumiyaviewer/lumiya/slproto/messages/AgentWearablesRequest.java,java,OK,,not-checked,LibreMetaverse|SecondLifeViewer|FirestormViewer
lumiya_decompiled_source/com/lumiyaviewer/lumiya/slproto/messages/AgentWearablesUpdate.java,java,OK,,not-checked,LibreMetaverse|SecondLifeViewer|FirestormViewer
lumiya_decompiled_source/com/lumiyaviewer/lumiya/slproto/messages/AlertMessage.java,java,OK,,not-checked,SecondLifeViewer|FirestormViewer
lumiya_decompiled_source/com/lumiyaviewer/lumiya/slproto/messages/AssetUploadComplete.java,java,OK,,not-checked,SecondLifeViewer|FirestormViewer
lumiya_decompiled_source/com/lumiyaviewer/lumiya/slproto/messages/AssetUploadRequest.java,java,OK,,not-checked,SecondLifeViewer|FirestormViewer
lumiya_decompiled_source/com/lumiyaviewer/lumiya/slproto/messages/AtomicPassObject.java,java,OK,,not-checked,SecondLifeViewer|FirestormViewer
lumiya_decompiled_source/com/lumiyaviewer/lumiya/slproto/messages/AttachedSound.java,java,OK,,not-checked,SecondLifeViewer|FirestormViewer
lumiya_decompiled_source/com/lumiyaviewer/lumiya/slproto/messages/AttachedSoundGainChange.java,java,OK,,not-checked,SecondLifeViewer|FirestormViewer
lumiya_decompiled_source/com/lumiyaviewer/lumiya/slproto/messages/AvatarAnimation.java,java,OK,,not-checked,LibreMetaverse|SecondLifeViewer|FirestormViewer
lumiya_decompiled_source/com/lumiyaviewer/lumiya/slproto/messages/AvatarAppearance.java,java,OK,,not-checked,LibreMetaverse|SecondLifeViewer|FirestormViewer
lumiya_decompiled_source/com/lumiyaviewer/lumiya/slproto/messages/AvatarClassifiedReply.java,java,OK,,not-checked,LibreMetaverse|SecondLifeViewer|FirestormViewer
lumiya_decompiled_source/com/lumiyaviewer/lumiya/slproto/messages/AvatarGroupsReply.java,java,OK,,not-checked,LibreMetaverse|SecondLifeViewer|FirestormViewer
lumiya_decompiled_source/com/lumiyaviewer/lumiya/slproto/messages/AvatarInterestsReply.java,java,OK,,not-checked,LibreMetaverse|SecondLifeViewer|FirestormViewer
lumiya_decompiled_source/com/lumiyaviewer/lumiya/slproto/messages/AvatarInterestsUpdate.java,java,OK,,not-checked,LibreMetaverse|SecondLifeViewer|FirestormViewer
lumiya_decompiled_source/com/lumiyaviewer/lumiya/slproto/messages/AvatarNotesReply.java,java,OK,,not-checked,LibreMetaverse|SecondLifeViewer|FirestormViewer
lumiya_decompiled_source/com/lumiyaviewer/lumiya/slproto/messages/AvatarNotesUpdate.java,java,OK,,not-checked,LibreMetaverse|SecondLifeViewer|FirestormViewer
lumiya_decompiled_source/com/lumiyaviewer/lumiya/slproto/messages/AvatarPickerReply.java,java,OK,,not-checked,LibreMetaverse|SecondLifeViewer|FirestormViewer
lumiya_decompiled_source/com/lumiyaviewer/lumiya/slproto/messages/AvatarPickerRequest.java,java,OK,,not-checked,LibreMetaverse|SecondLifeViewer|FirestormViewer
lumiya_decompiled_source/com/lumiyaviewer/lumiya/slproto/messages/AvatarPickerRequestBackend.java,java,OK,,not-checked,LibreMetaverse|SecondLifeViewer|FirestormViewer
lumiya_decompiled_source/com/lumiyaviewer/lumiya/slproto/messages/AvatarPicksReply.java,java,OK,,not-checked,LibreMetaverse|SecondLifeViewer|FirestormViewer
lumiya_decompiled_source/com/lumiyaviewer/lumiya/slproto/messages/AvatarPropertiesReply.java,java,OK,,not-checked,LibreMetaverse|SecondLifeViewer|FirestormViewer
lumiya_decompiled_source/com/lumiyaviewer/lumiya/slproto/messages/AvatarPropertiesRequest.java,java,OK,,not-checked,LibreMetaverse|SecondLifeViewer|FirestormViewer
lumiya_decompiled_source/com/lumiyaviewer/lumiya/slproto/messages/AvatarPropertiesRequestBackend.java,java,OK,,not-checked,LibreMetaverse|SecondLifeViewer|FirestormViewer
lumiya_decompiled_source/com/lumiyaviewer/lumiya/slproto/messages/AvatarPropertiesUpdate.java,java,OK,,not-checked,LibreMetaverse|SecondLifeViewer|FirestormViewer
lumiya_decompiled_source/com/lumiyaviewer/lumiya/slproto/messages/AvatarSitResponse.java,java,OK,,not-checked,LibreMetaverse|SecondLifeViewer|FirestormViewer
lumiya_decompiled_source/com/lumiyaviewer/lumiya/slproto/messages/AvatarTextureUpdate.java,java,OK,,not-checked,LibreMetaverse|SecondLifeViewer|FirestormViewer
lumiya_decompiled_source/com/lumiyaviewer/lumiya/slproto/messages/BulkUpdateInventory.java,java,OK,,not-checked,LibreMetaverse|SecondLifeViewer|FirestormViewer
lumiya_decompiled_source/com/lumiyaviewer/lumiya/slproto/messages/BuyObjectInventory.java,java,OK,,not-checked,LibreMetaverse|SecondLifeViewer|FirestormViewer
lumiya_decompiled_source/com/lumiyaviewer/lumiya/slproto/messages/CameraConstraint.java,java,OK,,not-checked,SecondLifeViewer|FirestormViewer
lumiya_decompiled_source/com/lumiyaviewer/lumiya/slproto/messages/CancelAuction.java,java,OK,,not-checked,SecondLifeViewer|FirestormViewer
lumiya_decompiled_source/com/lumiyaviewer/lumiya/slproto/messages/ChangeInventoryItemFlags.java,java,OK,,not-checked,LibreMetaverse|SecondLifeViewer|FirestormViewer
lumiya_decompiled_source/com/lumiyaviewer/lumiya/slproto/messages/ChangeUserRights.java,java,OK,,not-checked,LibreMetaverse|SecondLifeViewer|FirestormViewer
lumiya_decompiled_source/com/lumiyaviewer/lumiya/slproto/messages/ChatFromSimulator.java,java,OK,,not-checked,LibreMetaverse|SecondLifeViewer|FirestormViewer
lumiya_decompiled_source/com/lumiyaviewer/lumiya/slproto/messages/ChatFromViewer.java,java,OK,,not-checked,LibreMetaverse|SecondLifeViewer|FirestormViewer
lumiya_decompiled_source/com/lumiyaviewer/lumiya/slproto/messages/ChatPass.java,java,OK,,not-checked,SecondLifeViewer|FirestormViewer
lumiya_decompiled_source/com/lumiyaviewer/lumiya/slproto/messages/CheckParcelAuctions.java,java,OK,,not-checked,LibreMetaverse|SecondLifeViewer|FirestormViewer
lumiya_decompiled_source/com/lumiyaviewer/lumiya/slproto/messages/CheckParcelSales.java,java,OK,,not-checked,LibreMetaverse|SecondLifeViewer|FirestormViewer
lumiya_decompiled_source/com/lumiyaviewer/lumiya/slproto/messages/ChildAgentAlive.java,java,OK,,not-checked,LibreMetaverse|SecondLifeViewer|FirestormViewer
lumiya_decompiled_source/com/lumiyaviewer/lumiya/slproto/messages/ChildAgentDying.java,java,OK,,not-checked,LibreMetaverse|SecondLifeViewer|FirestormViewer
lumiya_decompiled_source/com/lumiyaviewer/lumiya/slproto/messages/ChildAgentPositionUpdate.java,java,OK,,not-checked,LibreMetaverse|SecondLifeViewer|FirestormViewer
lumiya_decompiled_source/com/lumiyaviewer/lumiya/slproto/messages/ChildAgentUnknown.java,java,OK,,not-checked,LibreMetaverse|SecondLifeViewer|FirestormViewer
lumiya_decompiled_source/com/lumiyaviewer/lumiya/slproto/messages/ChildAgentUpdate.java,java,OK,,not-checked,LibreMetaverse|SecondLifeViewer|FirestormViewer
lumiya_decompiled_source/com/lumiyaviewer/lumiya/slproto/messages/ClassifiedDelete.java,java,OK,,not-checked,LibreMetaverse|SecondLifeViewer|FirestormViewer
lumiya_decompiled_source/com/lumiyaviewer/lumiya/slproto/messages/ClassifiedGodDelete.java,java,OK,,not-checked,LibreMetaverse|SecondLifeViewer|FirestormViewer
lumiya_decompiled_source/com/lumiyaviewer/lumiya/slproto/messages/ClassifiedInfoReply.java,java,OK,,not-checked,LibreMetaverse|SecondLifeViewer|FirestormViewer
lumiya_decompiled_source/com/lumiyaviewer/lumiya/slproto/messages/ClassifiedInfoRequest.java,java,OK,,not-checked,LibreMetaverse|SecondLifeViewer|FirestormViewer
lumiya_decompiled_source/com/lumiyaviewer/lumiya/slproto/messages/ClassifiedInfoUpdate.java,java,OK,,not-checked,LibreMetaverse|SecondLifeViewer|FirestormViewer
lumiya_decompiled_source/com/lumiyaviewer/lumiya/slproto/messages/ClearFollowCamProperties.java,java,OK,,not-checked,SecondLifeViewer|FirestormViewer
lumiya_decompiled_source/com/lumiyaviewer/lumiya/slproto/messages/CloseCircuit.java,java,OK,,not-checked,LibreMetaverse|SecondLifeViewer|FirestormViewer
lumiya_decompiled_source/com/lumiyaviewer/lumiya/slproto/messages/CoarseLocationUpdate.java,java,OK,,not-checked,LibreMetaverse|SecondLifeViewer|FirestormViewer
lumiya_decompiled_source/com/lumiyaviewer/lumiya/slproto/messages/CompleteAgentMovement.java,java,OK,,not-checked,LibreMetaverse|SecondLifeViewer|FirestormViewer
lumiya_decompiled_source/com/lumiyaviewer/lumiya/slproto/messages/CompleteAuction.java,java,OK,,not-checked,SecondLifeViewer|FirestormViewer
lumiya_decompiled_source/com/lumiyaviewer/lumiya/slproto/messages/CompletePingCheck.java,java,OK,,not-checked,SecondLifeViewer|FirestormViewer
lumiya_decompiled_source/com/lumiyaviewer/lumiya/slproto/messages/ConfirmAuctionStart.java,java,OK,,not-checked,SecondLifeViewer|FirestormViewer
lumiya_decompiled_source/com/lumiyaviewer/lumiya/slproto/messages/ConfirmEnableSimulator.java,java,OK,,not-checked,LibreMetaverse|SecondLifeViewer|FirestormViewer
lumiya_decompiled_source/com/lumiyaviewer/lumiya/slproto/messages/ConfirmXferPacket.java,java,OK,,not-checked,LibreMetaverse|SecondLifeViewer|FirestormViewer
lumiya_decompiled_source/com/lumiyaviewer/lumiya/slproto/messages/CopyInventoryFromNotecard.java,java,OK,,not-checked,LibreMetaverse|SecondLifeViewer|FirestormViewer
lumiya_decompiled_source/com/lumiyaviewer/lumiya/slproto/messages/CopyInventoryItem.java,java,OK,,not-checked,LibreMetaverse|SecondLifeViewer|FirestormViewer
lumiya_decompiled_source/com/lumiyaviewer/lumiya/slproto/messages/CreateGroupReply.java,java,OK,,not-checked,LibreMetaverse|SecondLifeViewer|FirestormViewer
lumiya_decompiled_source/com/lumiyaviewer/lumiya/slproto/messages/CreateGroupRequest.java,java,OK,,not-checked,LibreMetaverse|SecondLifeViewer|FirestormViewer
lumiya_decompiled_source/com/lumiyaviewer/lumiya/slproto/messages/CreateInventoryFolder.java,java,OK,,not-checked,LibreMetaverse|SecondLifeViewer|FirestormViewer
lumiya_decompiled_source/com/lumiyaviewer/lumiya/slproto/messages/CreateInventoryItem.java,java,OK,,not-checked,LibreMetaverse|SecondLifeViewer|FirestormViewer
lumiya_decompiled_source/com/lumiyaviewer/lumiya/slproto/messages/CreateLandmarkForEvent.java,java,OK,,not-checked,LibreMetaverse|SecondLifeViewer|FirestormViewer
lumiya_decompiled_source/com/lumiyaviewer/lumiya/slproto/messages/CreateNewOutfitAttachments.java,java,OK,,not-checked,LibreMetaverse|SecondLifeViewer|FirestormViewer
lumiya_decompiled_source/com/lumiyaviewer/lumiya/slproto/messages/CreateTrustedCircuit.java,java,OK,,not-checked,LibreMetaverse|SecondLifeViewer|FirestormViewer
lumiya_decompiled_source/com/lumiyaviewer/lumiya/slproto/messages/CrossedRegion.java,java,OK,,not-checked,LLSD|LibreMetaverse|SecondLifeViewer|FirestormViewer
lumiya_decompiled_source/com/lumiyaviewer/lumiya/slproto/messages/DataHomeLocationReply.java,java,OK,,not-checked,LibreMetaverse|SecondLifeViewer|FirestormViewer
lumiya_decompiled_source/com/lumiyaviewer/lumiya/slproto/messages/DataHomeLocationRequest.java,java,OK,,not-checked,LibreMetaverse|SecondLifeViewer|FirestormViewer
lumiya_decompiled_source/com/lumiyaviewer/lumiya/slproto/messages/DataServerLogout.java,java,OK,,not-checked,LibreMetaverse|SecondLifeViewer|FirestormViewer
lumiya_decompiled_source/com/lumiyaviewer/lumiya/slproto/messages/DeRezAck.java,java,OK,,not-checked,SecondLifeViewer|FirestormViewer
lumiya_decompiled_source/com/lumiyaviewer/lumiya/slproto/messages/DeRezObject.java,java,OK,,not-checked,LibreMetaverse|SecondLifeViewer|FirestormViewer
lumiya_decompiled_source/com/lumiyaviewer/lumiya/slproto/messages/DeactivateGestures.java,java,OK,,not-checked,LibreMetaverse|SecondLifeViewer|FirestormViewer
lumiya_decompiled_source/com/lumiyaviewer/lumiya/slproto/messages/DeclineCallingCard.java,java,OK,,not-checked,LibreMetaverse|SecondLifeViewer|FirestormViewer
lumiya_decompiled_source/com/lumiyaviewer/lumiya/slproto/messages/DeclineFriendship.java,java,OK,,not-checked,LibreMetaverse|SecondLifeViewer|FirestormViewer
lumiya_decompiled_source/com/lumiyaviewer/lumiya/slproto/messages/DenyTrustedCircuit.java,java,OK,,not-checked,LibreMetaverse|SecondLifeViewer|FirestormViewer
lumiya_decompiled_source/com/lumiyaviewer/lumiya/slproto/messages/DerezContainer.java,java,OK,,not-checked,SecondLifeViewer|FirestormViewer
lumiya_decompiled_source/com/lumiyaviewer/lumiya/slproto/messages/DetachAttachmentIntoInv.java,java,OK,,not-checked,LibreMetaverse|SecondLifeViewer|FirestormViewer
lumiya_decompiled_source/com/lumiyaviewer/lumiya/slproto/messages/DirClassifiedQuery.java,java,OK,,not-checked,LibreMetaverse|SecondLifeViewer|FirestormViewer
lumiya_decompiled_source/com/lumiyaviewer/lumiya/slproto/messages/DirClassifiedQueryBackend.java,java,OK,,not-checked,LibreMetaverse|SecondLifeViewer|FirestormViewer
lumiya_decompiled_source/com/lumiyaviewer/lumiya/slproto/messages/DirClassifiedReply.java,java,OK,,not-checked,LibreMetaverse|SecondLifeViewer|FirestormViewer
lumiya_decompiled_source/com/lumiyaviewer/lumiya/slproto/messages/DirEventsReply.java,java,OK,,not-checked,LibreMetaverse|SecondLifeViewer|FirestormViewer
lumiya_decompiled_source/com/lumiyaviewer/lumiya/slproto/messages/DirFindQuery.java,java,OK,,not-checked,LibreMetaverse|SecondLifeViewer|FirestormViewer
lumiya_decompiled_source/com/lumiyaviewer/lumiya/slproto/messages/DirFindQueryBackend.java,java,OK,,not-checked,LibreMetaverse|SecondLifeViewer|FirestormViewer
lumiya_decompiled_source/com/lumiyaviewer/lumiya/slproto/messages/DirGroupsReply.java,java,OK,,not-checked,LibreMetaverse|SecondLifeViewer|FirestormViewer
lumiya_decompiled_source/com/lumiyaviewer/lumiya/slproto/messages/DirLandQuery.java,java,OK,,not-checked,LibreMetaverse|SecondLifeViewer|FirestormViewer
lumiya_decompiled_source/com/lumiyaviewer/lumiya/slproto/messages/DirLandQueryBackend.java,java,OK,,not-checked,LibreMetaverse|SecondLifeViewer|FirestormViewer
lumiya_decompiled_source/com/lumiyaviewer/lumiya/slproto/messages/DirLandReply.java,java,OK,,not-checked,LibreMetaverse|SecondLifeViewer|FirestormViewer
lumiya_decompiled_source/com/lumiyaviewer/lumiya/slproto/messages/DirPeopleReply.java,java,OK,,not-checked,LibreMetaverse|SecondLifeViewer|FirestormViewer
lumiya_decompiled_source/com/lumiyaviewer/lumiya/slproto/messages/DirPlacesQuery.java,java,OK,,not-checked,LibreMetaverse|SecondLifeViewer|FirestormViewer
lumiya_decompiled_source/com/lumiyaviewer/lumiya/slproto/messages/DirPlacesQueryBackend.java,java,OK,,not-checked,LibreMetaverse|SecondLifeViewer|FirestormViewer
lumiya_decompiled_source/com/lumiyaviewer/lumiya/slproto/messages/DirPlacesReply.java,java,OK,,not-checked,LibreMetaverse|SecondLifeViewer|FirestormViewer
lumiya_decompiled_source/com/lumiyaviewer/lumiya/slproto/messages/DirPopularQuery.java,java,OK,,not-checked,LibreMetaverse|SecondLifeViewer|FirestormViewer
lumiya_decompiled_source/com/lumiyaviewer/lumiya/slproto/messages/DirPopularQueryBackend.java,java,OK,,not-checked,LibreMetaverse|SecondLifeViewer|FirestormViewer
lumiya_decompiled_source/com/lumiyaviewer/lumiya/slproto/messages/DirPopularReply.java,java,OK,,not-checked,LibreMetaverse|SecondLifeViewer|FirestormViewer
lumiya_decompiled_source/com/lumiyaviewer/lumiya/slproto/messages/DisableSimulator.java,java,OK,,not-checked,LibreMetaverse|SecondLifeViewer|FirestormViewer
lumiya_decompiled_source/com/lumiyaviewer/lumiya/slproto/messages/EconomyData.java,java,OK,,not-checked,SecondLifeViewer|FirestormViewer
lumiya_decompiled_source/com/lumiyaviewer/lumiya/slproto/messages/EconomyDataRequest.java,java,OK,,not-checked,SecondLifeViewer|FirestormViewer
lumiya_decompiled_source/com/lumiyaviewer/lumiya/slproto/messages/EdgeDataPacket.java,java,OK,,not-checked,LibreMetaverse|SecondLifeViewer|FirestormViewer
lumiya_decompiled_source/com/lumiyaviewer/lumiya/slproto/messages/EjectGroupMemberReply.java,java,OK,,not-checked,LibreMetaverse|SecondLifeViewer|FirestormViewer
lumiya_decompiled_source/com/lumiyaviewer/lumiya/slproto/messages/EjectGroupMemberRequest.java,java,OK,,not-checked,LibreMetaverse|SecondLifeViewer|FirestormViewer
lumiya_decompiled_source/com/lumiyaviewer/lumiya/slproto/messages/EjectUser.java,java,OK,,not-checked,LibreMetaverse|SecondLifeViewer|FirestormViewer
lumiya_decompiled_source/com/lumiyaviewer/lumiya/slproto/messages/EmailMessageReply.java,java,OK,,not-checked,SecondLifeViewer|FirestormViewer
lumiya_decompiled_source/com/lumiyaviewer/lumiya/slproto/messages/EmailMessageRequest.java,java,OK,,not-checked,SecondLifeViewer|FirestormViewer
lumiya_decompiled_source/com/lumiyaviewer/lumiya/slproto/messages/EnableSimulator.java,java,OK,,not-checked,LibreMetaverse|SecondLifeViewer|FirestormViewer
lumiya_decompiled_source/com/lumiyaviewer/lumiya/slproto/messages/Error.java,java,OK,,not-checked,LibreMetaverse|SecondLifeViewer|FirestormViewer
lumiya_decompiled_source/com/lumiyaviewer/lumiya/slproto/messages/EstateCovenantReply.java,java,OK,,not-checked,SecondLifeViewer|FirestormViewer
lumiya_decompiled_source/com/lumiyaviewer/lumiya/slproto/messages/EstateCovenantRequest.java,java,OK,,not-checked,LibreMetaverse|SecondLifeViewer|FirestormViewer
lumiya_decompiled_source/com/lumiyaviewer/lumiya/slproto/messages/EstateOwnerMessage.java,java,OK,,not-checked,LibreMetaverse|SecondLifeViewer|FirestormViewer
lumiya_decompiled_source/com/lumiyaviewer/lumiya/slproto/messages/EventGodDelete.java,java,OK,,not-checked,LibreMetaverse|SecondLifeViewer|FirestormViewer
lumiya_decompiled_source/com/lumiyaviewer/lumiya/slproto/messages/EventInfoReply.java,java,OK,,not-checked,LibreMetaverse|SecondLifeViewer|FirestormViewer
lumiya_decompiled_source/com/lumiyaviewer/lumiya/slproto/messages/EventInfoRequest.java,java,OK,,not-checked,LibreMetaverse|SecondLifeViewer|FirestormViewer
lumiya_decompiled_source/com/lumiyaviewer/lumiya/slproto/messages/EventLocationReply.java,java,OK,,not-checked,LibreMetaverse|SecondLifeViewer|FirestormViewer
lumiya_decompiled_source/com/lumiyaviewer/lumiya/slproto/messages/EventLocationRequest.java,java,OK,,not-checked,SecondLifeViewer|FirestormViewer
lumiya_decompiled_source/com/lumiyaviewer/lumiya/slproto/messages/EventNotificationAddRequest.java,java,OK,,not-checked,LibreMetaverse|SecondLifeViewer|FirestormViewer
lumiya_decompiled_source/com/lumiyaviewer/lumiya/slproto/messages/EventNotificationRemoveRequest.java,java,OK,,not-checked,LibreMetaverse|SecondLifeViewer|FirestormViewer
lumiya_decompiled_source/com/lumiyaviewer/lumiya/slproto/messages/FeatureDisabled.java,java,OK,,not-checked,LibreMetaverse|SecondLifeViewer|FirestormViewer
lumiya_decompiled_source/com/lumiyaviewer/lumiya/slproto/messages/FetchInventory.java,java,OK,,not-checked,LibreMetaverse|SecondLifeViewer|FirestormViewer
lumiya_decompiled_source/com/lumiyaviewer/lumiya/slproto/messages/FetchInventoryDescendents.java,java,OK,,not-checked,LibreMetaverse|SecondLifeViewer|FirestormViewer
lumiya_decompiled_source/com/lumiyaviewer/lumiya/slproto/messages/FetchInventoryReply.java,java,OK,,not-checked,LibreMetaverse|SecondLifeViewer|FirestormViewer
lumiya_decompiled_source/com/lumiyaviewer/lumiya/slproto/messages/FindAgent.java,java,OK,,not-checked,SecondLifeViewer|FirestormViewer
lumiya_decompiled_source/com/lumiyaviewer/lumiya/slproto/messages/ForceObjectSelect.java,java,OK,,not-checked,SecondLifeViewer|FirestormViewer
lumiya_decompiled_source/com/lumiyaviewer/lumiya/slproto/messages/ForceScriptControlRelease.java,java,OK,,not-checked,LibreMetaverse|SecondLifeViewer|FirestormViewer
lumiya_decompiled_source/com/lumiyaviewer/lumiya/slproto/messages/FormFriendship.java,java,OK,,not-checked,SecondLifeViewer|FirestormViewer
lumiya_decompiled_source/com/lumiyaviewer/lumiya/slproto/messages/FreezeUser.java,java,OK,,not-checked,LibreMetaverse|SecondLifeViewer|FirestormViewer
lumiya_decompiled_source/com/lumiyaviewer/lumiya/slproto/messages/GenericMessage.java,java,OK,,not-checked,LibreMetaverse|SecondLifeViewer|FirestormViewer
lumiya_decompiled_source/com/lumiyaviewer/lumiya/slproto/messages/GetScriptRunning.java,java,OK,,not-checked,SecondLifeViewer|FirestormViewer
lumiya_decompiled_source/com/lumiyaviewer/lumiya/slproto/messages/GodKickUser.java,java,OK,,not-checked,LibreMetaverse|SecondLifeViewer|FirestormViewer
lumiya_decompiled_source/com/lumiyaviewer/lumiya/slproto/messages/GodUpdateRegionInfo.java,java,OK,,not-checked,LibreMetaverse|SecondLifeViewer|FirestormViewer
lumiya_decompiled_source/com/lumiyaviewer/lumiya/slproto/messages/GodlikeMessage.java,java,OK,,not-checked,LibreMetaverse|SecondLifeViewer|FirestormViewer
lumiya_decompiled_source/com/lumiyaviewer/lumiya/slproto/messages/GrantGodlikePowers.java,java,OK,,not-checked,LibreMetaverse|SecondLifeViewer|FirestormViewer
lumiya_decompiled_source/com/lumiyaviewer/lumiya/slproto/messages/GrantUserRights.java,java,OK,,not-checked,LibreMetaverse|SecondLifeViewer|FirestormViewer
lumiya_decompiled_source/com/lumiyaviewer/lumiya/slproto/messages/GroupAccountDetailsReply.java,java,OK,,not-checked,LibreMetaverse|SecondLifeViewer|FirestormViewer
lumiya_decompiled_source/com/lumiyaviewer/lumiya/slproto/messages/GroupAccountDetailsRequest.java,java,OK,,not-checked,LibreMetaverse|SecondLifeViewer|FirestormViewer
lumiya_decompiled_source/com/lumiyaviewer/lumiya/slproto/messages/GroupAccountSummaryReply.java,java,OK,,not-checked,LibreMetaverse|SecondLifeViewer|FirestormViewer
lumiya_decompiled_source/com/lumiyaviewer/lumiya/slproto/messages/GroupAccountSummaryRequest.java,java,OK,,not-checked,LibreMetaverse|SecondLifeViewer|FirestormViewer
lumiya_decompiled_source/com/lumiyaviewer/lumiya/slproto/messages/GroupAccountTransactionsReply.java,java,OK,,not-checked,LibreMetaverse|SecondLifeViewer|FirestormViewer
lumiya_decompiled_source/com/lumiyaviewer/lumiya/slproto/messages/GroupAccountTransactionsRequest.java,java,OK,,not-checked,LibreMetaverse|SecondLifeViewer|FirestormViewer
lumiya_decompiled_source/com/lumiyaviewer/lumiya/slproto/messages/GroupActiveProposalItemReply.java,java,OK,,not-checked,LibreMetaverse|SecondLifeViewer|FirestormViewer
lumiya_decompiled_source/com/lumiyaviewer/lumiya/slproto/messages/GroupActiveProposalsRequest.java,java,OK,,not-checked,LibreMetaverse|SecondLifeViewer|FirestormViewer
lumiya_decompiled_source/com/lumiyaviewer/lumiya/slproto/messages/GroupDataUpdate.java,java,OK,,not-checked,LibreMetaverse|SecondLifeViewer|FirestormViewer
lumiya_decompiled_source/com/lumiyaviewer/lumiya/slproto/messages/GroupMembersReply.java,java,OK,,not-checked,LibreMetaverse|SecondLifeViewer|FirestormViewer
lumiya_decompiled_source/com/lumiyaviewer/lumiya/slproto/messages/GroupMembersRequest.java,java,OK,,not-checked,LibreMetaverse|SecondLifeViewer|FirestormViewer
lumiya_decompiled_source/com/lumiyaviewer/lumiya/slproto/messages/GroupNoticeAdd.java,java,OK,,not-checked,LibreMetaverse|SecondLifeViewer|FirestormViewer
lumiya_decompiled_source/com/lumiyaviewer/lumiya/slproto/messages/GroupNoticeRequest.java,java,OK,,not-checked,LibreMetaverse|SecondLifeViewer|FirestormViewer
lumiya_decompiled_source/com/lumiyaviewer/lumiya/slproto/messages/GroupNoticesListReply.java,java,OK,,not-checked,LibreMetaverse|SecondLifeViewer|FirestormViewer
lumiya_decompiled_source/com/lumiyaviewer/lumiya/slproto/messages/GroupNoticesListRequest.java,java,OK,,not-checked,LibreMetaverse|SecondLifeViewer|FirestormViewer
lumiya_decompiled_source/com/lumiyaviewer/lumiya/slproto/messages/GroupProfileReply.java,java,OK,,not-checked,LibreMetaverse|SecondLifeViewer|FirestormViewer
lumiya_decompiled_source/com/lumiyaviewer/lumiya/slproto/messages/GroupProfileRequest.java,java,OK,,not-checked,LibreMetaverse|SecondLifeViewer|FirestormViewer
lumiya_decompiled_source/com/lumiyaviewer/lumiya/slproto/messages/GroupProposalBallot.java,java,OK,,not-checked,LibreMetaverse|SecondLifeViewer|FirestormViewer
lumiya_decompiled_source/com/lumiyaviewer/lumiya/slproto/messages/GroupRoleChanges.java,java,OK,,not-checked,LibreMetaverse|SecondLifeViewer|FirestormViewer
lumiya_decompiled_source/com/lumiyaviewer/lumiya/slproto/messages/GroupRoleDataReply.java,java,OK,,not-checked,LibreMetaverse|SecondLifeViewer|FirestormViewer
lumiya_decompiled_source/com/lumiyaviewer/lumiya/slproto/messages/GroupRoleDataRequest.java,java,OK,,not-checked,LibreMetaverse|SecondLifeViewer|FirestormViewer
lumiya_decompiled_source/com/lumiyaviewer/lumiya/slproto/messages/GroupRoleMembersReply.java,java,OK,,not-checked,LibreMetaverse|SecondLifeViewer|FirestormViewer
lumiya_decompiled_source/com/lumiyaviewer/lumiya/slproto/messages/GroupRoleMembersRequest.java,java,OK,,not-checked,LibreMetaverse|SecondLifeViewer|FirestormViewer
lumiya_decompiled_source/com/lumiyaviewer/lumiya/slproto/messages/GroupRoleUpdate.java,java,OK,,not-checked,LibreMetaverse|SecondLifeViewer|FirestormViewer
lumiya_decompiled_source/com/lumiyaviewer/lumiya/slproto/messages/GroupTitleUpdate.java,java,OK,,not-checked,LibreMetaverse|SecondLifeViewer|FirestormViewer
lumiya_decompiled_source/com/lumiyaviewer/lumiya/slproto/messages/GroupTitlesReply.java,java,OK,,not-checked,LibreMetaverse|SecondLifeViewer|FirestormViewer
lumiya_decompiled_source/com/lumiyaviewer/lumiya/slproto/messages/GroupTitlesRequest.java,java,OK,,not-checked,LibreMetaverse|SecondLifeViewer|FirestormViewer
lumiya_decompiled_source/com/lumiyaviewer/lumiya/slproto/messages/GroupVoteHistoryItemReply.java,java,OK,,not-checked,LibreMetaverse|SecondLifeViewer|FirestormViewer
lumiya_decompiled_source/com/lumiyaviewer/lumiya/slproto/messages/GroupVoteHistoryRequest.java,java,OK,,not-checked,LibreMetaverse|SecondLifeViewer|FirestormViewer
lumiya_decompiled_source/com/lumiyaviewer/lumiya/slproto/messages/HealthMessage.java,java,OK,,not-checked,SecondLifeViewer|FirestormViewer
lumiya_decompiled_source/com/lumiyaviewer/lumiya/slproto/messages/ImageData.java,java,OK,,not-checked,LibreMetaverse|SecondLifeViewer|FirestormViewer
lumiya_decompiled_source/com/lumiyaviewer/lumiya/slproto/messages/ImageNotInDatabase.java,java,OK,,not-checked,SecondLifeViewer|FirestormViewer
lumiya_decompiled_source/com/lumiyaviewer/lumiya/slproto/messages/ImagePacket.java,java,OK,,not-checked,LibreMetaverse|SecondLifeViewer|FirestormViewer
lumiya_decompiled_source/com/lumiyaviewer/lumiya/slproto/messages/ImprovedInstantMessage.java,java,OK,,not-checked,LibreMetaverse|SecondLifeViewer|FirestormViewer
lumiya_decompiled_source/com/lumiyaviewer/lumiya/slproto/messages/ImprovedTerseObjectUpdate.java,java,OK,,not-checked,LibreMetaverse|SecondLifeViewer|FirestormViewer
lumiya_decompiled_source/com/lumiyaviewer/lumiya/slproto/messages/InitiateDownload.java,java,OK,,not-checked,LibreMetaverse|SecondLifeViewer|FirestormViewer
lumiya_decompiled_source/com/lumiyaviewer/lumiya/slproto/messages/InternalScriptMail.java,java,OK,,not-checked,SecondLifeViewer|FirestormViewer
lumiya_decompiled_source/com/lumiyaviewer/lumiya/slproto/messages/InventoryAssetResponse.java,java,OK,,not-checked,LibreMetaverse|SecondLifeViewer|FirestormViewer
lumiya_decompiled_source/com/lumiyaviewer/lumiya/slproto/messages/InventoryDescendents.java,java,OK,,not-checked,LibreMetaverse|SecondLifeViewer|FirestormViewer
lumiya_decompiled_source/com/lumiyaviewer/lumiya/slproto/messages/InviteGroupRequest.java,java,OK,,not-checked,LibreMetaverse|SecondLifeViewer|FirestormViewer
lumiya_decompiled_source/com/lumiyaviewer/lumiya/slproto/messages/InviteGroupResponse.java,java,OK,,not-checked,LibreMetaverse|SecondLifeViewer|FirestormViewer
lumiya_decompiled_source/com/lumiyaviewer/lumiya/slproto/messages/JoinGroupReply.java,java,OK,,not-checked,LibreMetaverse|SecondLifeViewer|FirestormViewer
lumiya_decompiled_source/com/lumiyaviewer/lumiya/slproto/messages/JoinGroupRequest.java,java,OK,,not-checked,LibreMetaverse|SecondLifeViewer|FirestormViewer
lumiya_decompiled_source/com/lumiyaviewer/lumiya/slproto/messages/KickUser.java,java,OK,,not-checked,LibreMetaverse|SecondLifeViewer|FirestormViewer
lumiya_decompiled_source/com/lumiyaviewer/lumiya/slproto/messages/KickUserAck.java,java,OK,,not-checked,SecondLifeViewer|FirestormViewer
lumiya_decompiled_source/com/lumiyaviewer/lumiya/slproto/messages/KillChildAgents.java,java,OK,,not-checked,LibreMetaverse|SecondLifeViewer|FirestormViewer
lumiya_decompiled_source/com/lumiyaviewer/lumiya/slproto/messages/KillObject.java,java,OK,,not-checked,SecondLifeViewer|FirestormViewer
lumiya_decompiled_source/com/lumiyaviewer/lumiya/slproto/messages/LandStatReply.java,java,OK,,not-checked,SecondLifeViewer|FirestormViewer
lumiya_decompiled_source/com/lumiyaviewer/lumiya/slproto/messages/LandStatRequest.java,java,OK,,not-checked,LibreMetaverse|SecondLifeViewer|FirestormViewer
lumiya_decompiled_source/com/lumiyaviewer/lumiya/slproto/messages/LayerData.java,java,OK,,not-checked,SecondLifeViewer|FirestormViewer
lumiya_decompiled_source/com/lumiyaviewer/lumiya/slproto/messages/LeaveGroupReply.java,java,OK,,not-checked,LibreMetaverse|SecondLifeViewer|FirestormViewer
lumiya_decompiled_source/com/lumiyaviewer/lumiya/slproto/messages/LeaveGroupRequest.java,java,OK,,not-checked,LibreMetaverse|SecondLifeViewer|FirestormViewer
lumiya_decompiled_source/com/lumiyaviewer/lumiya/slproto/messages/LinkInventoryItem.java,java,OK,,not-checked,LibreMetaverse|SecondLifeViewer|FirestormViewer
lumiya_decompiled_source/com/lumiyaviewer/lumiya/slproto/messages/LiveHelpGroupReply.java,java,OK,,not-checked,SecondLifeViewer|FirestormViewer
lumiya_decompiled_source/com/lumiyaviewer/lumiya/slproto/messages/LiveHelpGroupRequest.java,java,OK,,not-checked,LibreMetaverse|SecondLifeViewer|FirestormViewer
lumiya_decompiled_source/com/lumiyaviewer/lumiya/slproto/messages/LoadURL.java,java,OK,,not-checked,SecondLifeViewer|FirestormViewer
lumiya_decompiled_source/com/lumiyaviewer/lumiya/slproto/messages/LogDwellTime.java,java,OK,,not-checked,LibreMetaverse|SecondLifeViewer|FirestormViewer
lumiya_decompiled_source/com/lumiyaviewer/lumiya/slproto/messages/LogFailedMoneyTransaction.java,java,OK,,not-checked,LibreMetaverse|SecondLifeViewer|FirestormViewer
lumiya_decompiled_source/com/lumiyaviewer/lumiya/slproto/messages/LogParcelChanges.java,java,OK,,not-checked,LibreMetaverse|SecondLifeViewer|FirestormViewer
lumiya_decompiled_source/com/lumiyaviewer/lumiya/slproto/messages/LogTextMessage.java,java,OK,,not-checked,LibreMetaverse|SecondLifeViewer|FirestormViewer
lumiya_decompiled_source/com/lumiyaviewer/lumiya/slproto/messages/LogoutReply.java,java,OK,,not-checked,LibreMetaverse|SecondLifeViewer|FirestormViewer
lumiya_decompiled_source/com/lumiyaviewer/lumiya/slproto/messages/LogoutRequest.java,java,OK,,not-checked,LibreMetaverse|SecondLifeViewer|FirestormViewer
lumiya_decompiled_source/com/lumiyaviewer/lumiya/slproto/messages/MapBlockReply.java,java,OK,,not-checked,LibreMetaverse|SecondLifeViewer|FirestormViewer
lumiya_decompiled_source/com/lumiyaviewer/lumiya/slproto/messages/MapBlockRequest.java,java,OK,,not-checked,LibreMetaverse|SecondLifeViewer|FirestormViewer
lumiya_decompiled_source/com/lumiyaviewer/lumiya/slproto/messages/MapItemReply.java,java,OK,,not-checked,LibreMetaverse|SecondLifeViewer|FirestormViewer
lumiya_decompiled_source/com/lumiyaviewer/lumiya/slproto/messages/MapItemRequest.java,java,OK,,not-checked,LibreMetaverse|SecondLifeViewer|FirestormViewer
lumiya_decompiled_source/com/lumiyaviewer/lumiya/slproto/messages/MapLayerReply.java,java,OK,,not-checked,LibreMetaverse|SecondLifeViewer|FirestormViewer
lumiya_decompiled_source/com/lumiyaviewer/lumiya/slproto/messages/MapLayerRequest.java,java,OK,,not-checked,LibreMetaverse|SecondLifeViewer|FirestormViewer
lumiya_decompiled_source/com/lumiyaviewer/lumiya/slproto/messages/MapNameRequest.java,java,OK,,not-checked,LibreMetaverse|SecondLifeViewer|FirestormViewer
lumiya_decompiled_source/com/lumiyaviewer/lumiya/slproto/messages/MeanCollisionAlert.java,java,OK,,not-checked,SecondLifeViewer|FirestormViewer
lumiya_decompiled_source/com/lumiyaviewer/lumiya/slproto/messages/MergeParcel.java,java,OK,,not-checked,SecondLifeViewer|FirestormViewer
lumiya_decompiled_source/com/lumiyaviewer/lumiya/slproto/messages/ModifyLand.java,java,OK,,not-checked,LibreMetaverse|SecondLifeViewer|FirestormViewer
lumiya_decompiled_source/com/lumiyaviewer/lumiya/slproto/messages/MoneyBalanceReply.java,java,OK,,not-checked,LibreMetaverse|SecondLifeViewer|FirestormViewer
lumiya_decompiled_source/com/lumiyaviewer/lumiya/slproto/messages/MoneyBalanceRequest.java,java,OK,,not-checked,LibreMetaverse|SecondLifeViewer|FirestormViewer
lumiya_decompiled_source/com/lumiyaviewer/lumiya/slproto/messages/MoneyTransferBackend.java,java,OK,,not-checked,LibreMetaverse|SecondLifeViewer|FirestormViewer
lumiya_decompiled_source/com/lumiyaviewer/lumiya/slproto/messages/MoneyTransferRequest.java,java,OK,,not-checked,LibreMetaverse|SecondLifeViewer|FirestormViewer
lumiya_decompiled_source/com/lumiyaviewer/lumiya/slproto/messages/MoveInventoryFolder.java,java,OK,,not-checked,LibreMetaverse|SecondLifeViewer|FirestormViewer
lumiya_decompiled_source/com/lumiyaviewer/lumiya/slproto/messages/MoveInventoryItem.java,java,OK,,not-checked,LibreMetaverse|SecondLifeViewer|FirestormViewer
lumiya_decompiled_source/com/lumiyaviewer/lumiya/slproto/messages/MoveTaskInventory.java,java,OK,,not-checked,LibreMetaverse|SecondLifeViewer|FirestormViewer
lumiya_decompiled_source/com/lumiyaviewer/lumiya/slproto/messages/MultipleObjectUpdate.java,java,OK,,not-checked,LibreMetaverse|SecondLifeViewer|FirestormViewer
lumiya_decompiled_source/com/lumiyaviewer/lumiya/slproto/messages/MuteListRequest.java,java,OK,,not-checked,LibreMetaverse|SecondLifeViewer|FirestormViewer
lumiya_decompiled_source/com/lumiyaviewer/lumiya/slproto/messages/MuteListUpdate.java,java,OK,,not-checked,LibreMetaverse|SecondLifeViewer|FirestormViewer
lumiya_decompiled_source/com/lumiyaviewer/lumiya/slproto/messages/NameValuePair.java,java,OK,,not-checked,SecondLifeViewer|FirestormViewer
lumiya_decompiled_source/com/lumiyaviewer/lumiya/slproto/messages/NearestLandingRegionReply.java,java,OK,,not-checked,LibreMetaverse|SecondLifeViewer|FirestormViewer
lumiya_decompiled_source/com/lumiyaviewer/lumiya/slproto/messages/NearestLandingRegionRequest.java,java,OK,,not-checked,LibreMetaverse|SecondLifeViewer|FirestormViewer
lumiya_decompiled_source/com/lumiyaviewer/lumiya/slproto/messages/NearestLandingRegionUpdated.java,java,OK,,not-checked,LibreMetaverse|SecondLifeViewer|FirestormViewer
lumiya_decompiled_source/com/lumiyaviewer/lumiya/slproto/messages/NeighborList.java,java,OK,,not-checked,LibreMetaverse|SecondLifeViewer|FirestormViewer
lumiya_decompiled_source/com/lumiyaviewer/lumiya/slproto/messages/NetTest.java,java,OK,,not-checked,SecondLifeViewer|FirestormViewer
lumiya_decompiled_source/com/lumiyaviewer/lumiya/slproto/messages/ObjectAdd.java,java,OK,,not-checked,LibreMetaverse|SecondLifeViewer|FirestormViewer
lumiya_decompiled_source/com/lumiyaviewer/lumiya/slproto/messages/ObjectAttach.java,java,OK,,not-checked,LibreMetaverse|SecondLifeViewer|FirestormViewer
lumiya_decompiled_source/com/lumiyaviewer/lumiya/slproto/messages/ObjectBuy.java,java,OK,,not-checked,LibreMetaverse|SecondLifeViewer|FirestormViewer
lumiya_decompiled_source/com/lumiyaviewer/lumiya/slproto/messages/ObjectCategory.java,java,OK,,not-checked,LibreMetaverse|SecondLifeViewer|FirestormViewer
lumiya_decompiled_source/com/lumiyaviewer/lumiya/slproto/messages/ObjectClickAction.java,java,OK,,not-checked,LibreMetaverse|SecondLifeViewer|FirestormViewer
lumiya_decompiled_source/com/lumiyaviewer/lumiya/slproto/messages/ObjectDeGrab.java,java,OK,,not-checked,LibreMetaverse|SecondLifeViewer|FirestormViewer
lumiya_decompiled_source/com/lumiyaviewer/lumiya/slproto/messages/ObjectDelete.java,java,OK,,not-checked,LibreMetaverse|SecondLifeViewer|FirestormViewer
lumiya_decompiled_source/com/lumiyaviewer/lumiya/slproto/messages/ObjectDelink.java,java,OK,,not-checked,LibreMetaverse|SecondLifeViewer|FirestormViewer
lumiya_decompiled_source/com/lumiyaviewer/lumiya/slproto/messages/ObjectDescription.java,java,OK,,not-checked,LibreMetaverse|SecondLifeViewer|FirestormViewer
lumiya_decompiled_source/com/lumiyaviewer/lumiya/slproto/messages/ObjectDeselect.java,java,OK,,not-checked,LibreMetaverse|SecondLifeViewer|FirestormViewer
lumiya_decompiled_source/com/lumiyaviewer/lumiya/slproto/messages/ObjectDetach.java,java,OK,,not-checked,LibreMetaverse|SecondLifeViewer|FirestormViewer
lumiya_decompiled_source/com/lumiyaviewer/lumiya/slproto/messages/ObjectDrop.java,java,OK,,not-checked,LibreMetaverse|SecondLifeViewer|FirestormViewer
lumiya_decompiled_source/com/lumiyaviewer/lumiya/slproto/messages/ObjectDuplicate.java,java,OK,,not-checked,LibreMetaverse|SecondLifeViewer|FirestormViewer
lumiya_decompiled_source/com/lumiyaviewer/lumiya/slproto/messages/ObjectDuplicateOnRay.java,java,OK,,not-checked,LibreMetaverse|SecondLifeViewer|FirestormViewer
lumiya_decompiled_source/com/lumiyaviewer/lumiya/slproto/messages/ObjectExportSelected.java,java,OK,,not-checked,LibreMetaverse|SecondLifeViewer|FirestormViewer
lumiya_decompiled_source/com/lumiyaviewer/lumiya/slproto/messages/ObjectExtraParams.java,java,OK,,not-checked,LibreMetaverse|SecondLifeViewer|FirestormViewer
lumiya_decompiled_source/com/lumiyaviewer/lumiya/slproto/messages/ObjectFlagUpdate.java,java,OK,,not-checked,LibreMetaverse|SecondLifeViewer|FirestormViewer
lumiya_decompiled_source/com/lumiyaviewer/lumiya/slproto/messages/ObjectGrab.java,java,OK,,not-checked,LibreMetaverse|SecondLifeViewer|FirestormViewer
lumiya_decompiled_source/com/lumiyaviewer/lumiya/slproto/messages/ObjectGrabUpdate.java,java,OK,,not-checked,LibreMetaverse|SecondLifeViewer|FirestormViewer
lumiya_decompiled_source/com/lumiyaviewer/lumiya/slproto/messages/ObjectGroup.java,java,OK,,not-checked,LibreMetaverse|SecondLifeViewer|FirestormViewer
lumiya_decompiled_source/com/lumiyaviewer/lumiya/slproto/messages/ObjectImage.java,java,OK,,not-checked,LibreMetaverse|SecondLifeViewer|FirestormViewer
lumiya_decompiled_source/com/lumiyaviewer/lumiya/slproto/messages/ObjectIncludeInSearch.java,java,OK,,not-checked,LibreMetaverse|SecondLifeViewer|FirestormViewer
lumiya_decompiled_source/com/lumiyaviewer/lumiya/slproto/messages/ObjectLink.java,java,OK,,not-checked,LLSD|LibreMetaverse|SecondLifeViewer|FirestormViewer
lumiya_decompiled_source/com/lumiyaviewer/lumiya/slproto/messages/ObjectLinkKt.kt,kt,OK,,not-checked,LLSD|LibreMetaverse|SecondLifeViewer|FirestormViewer
lumiya_decompiled_source/com/lumiyaviewer/lumiya/slproto/messages/ObjectMaterial.java,java,OK,,not-checked,LibreMetaverse|SecondLifeViewer|FirestormViewer
lumiya_decompiled_source/com/lumiyaviewer/lumiya/slproto/messages/ObjectName.java,java,OK,,not-checked,LibreMetaverse|SecondLifeViewer|FirestormViewer
lumiya_decompiled_source/com/lumiyaviewer/lumiya/slproto/messages/ObjectOwner.java,java,OK,,not-checked,LibreMetaverse|SecondLifeViewer|FirestormViewer
lumiya_decompiled_source/com/lumiyaviewer/lumiya/slproto/messages/ObjectPermissions.java,java,OK,,not-checked,LibreMetaverse|SecondLifeViewer|FirestormViewer
lumiya_decompiled_source/com/lumiyaviewer/lumiya/slproto/messages/ObjectPosition.java,java,OK,,not-checked,LibreMetaverse|SecondLifeViewer|FirestormViewer
lumiya_decompiled_source/com/lumiyaviewer/lumiya/slproto/messages/ObjectProperties.java,java,OK,,not-checked,LibreMetaverse|SecondLifeViewer|FirestormViewer
lumiya_decompiled_source/com/lumiyaviewer/lumiya/slproto/messages/ObjectPropertiesFamily.java,java,OK,,not-checked,SecondLifeViewer|FirestormViewer
lumiya_decompiled_source/com/lumiyaviewer/lumiya/slproto/messages/ObjectRotation.java,java,OK,,not-checked,LibreMetaverse|SecondLifeViewer|FirestormViewer
lumiya_decompiled_source/com/lumiyaviewer/lumiya/slproto/messages/ObjectSaleInfo.java,java,OK,,not-checked,LibreMetaverse|SecondLifeViewer|FirestormViewer
lumiya_decompiled_source/com/lumiyaviewer/lumiya/slproto/messages/ObjectScale.java,java,OK,,not-checked,LibreMetaverse|SecondLifeViewer|FirestormViewer
lumiya_decompiled_source/com/lumiyaviewer/lumiya/slproto/messages/ObjectSelect.java,java,OK,,not-checked,LibreMetaverse|SecondLifeViewer|FirestormViewer
lumiya_decompiled_source/com/lumiyaviewer/lumiya/slproto/messages/ObjectShape.java,java,OK,,not-checked,LibreMetaverse|SecondLifeViewer|FirestormViewer
lumiya_decompiled_source/com/lumiyaviewer/lumiya/slproto/messages/ObjectSpinStart.java,java,OK,,not-checked,LibreMetaverse|SecondLifeViewer|FirestormViewer
lumiya_decompiled_source/com/lumiyaviewer/lumiya/slproto/messages/ObjectSpinStop.java,java,OK,,not-checked,LibreMetaverse|SecondLifeViewer|FirestormViewer
lumiya_decompiled_source/com/lumiyaviewer/lumiya/slproto/messages/ObjectSpinUpdate.java,java,OK,,not-checked,LibreMetaverse|SecondLifeViewer|FirestormViewer
lumiya_decompiled_source/com/lumiyaviewer/lumiya/slproto/messages/ObjectUpdate.java,java,OK,,not-checked,LibreMetaverse|SecondLifeViewer|FirestormViewer
lumiya_decompiled_source/com/lumiyaviewer/lumiya/slproto/messages/ObjectUpdateCached.java,java,OK,,not-checked,LibreMetaverse|SecondLifeViewer|FirestormViewer
lumiya_decompiled_source/com/lumiyaviewer/lumiya/slproto/messages/ObjectUpdateCompressed.java,java,OK,,not-checked,LibreMetaverse|SecondLifeViewer|FirestormViewer
lumiya_decompiled_source/com/lumiyaviewer/lumiya/slproto/messages/OfferCallingCard.java,java,OK,,not-checked,LibreMetaverse|SecondLifeViewer|FirestormViewer
lumiya_decompiled_source/com/lumiyaviewer/lumiya/slproto/messages/OfflineNotification.java,java,OK,,not-checked,LibreMetaverse|SecondLifeViewer|FirestormViewer
lumiya_decompiled_source/com/lumiyaviewer/lumiya/slproto/messages/OnlineNotification.java,java,OK,,not-checked,LibreMetaverse|SecondLifeViewer|FirestormViewer
lumiya_decompiled_source/com/lumiyaviewer/lumiya/slproto/messages/OpenCircuit.java,java,OK,,not-checked,LibreMetaverse|SecondLifeViewer|FirestormViewer
lumiya_decompiled_source/com/lumiyaviewer/lumiya/slproto/messages/PacketAck.java,java,OK,,not-checked,LibreMetaverse|SecondLifeViewer|FirestormViewer
lumiya_decompiled_source/com/lumiyaviewer/lumiya/slproto/messages/ParcelAccessListReply.java,java,OK,,not-checked,LibreMetaverse|SecondLifeViewer|FirestormViewer
lumiya_decompiled_source/com/lumiyaviewer/lumiya/slproto/messages/ParcelAccessListRequest.java,java,OK,,not-checked,LibreMetaverse|SecondLifeViewer|FirestormViewer
lumiya_decompiled_source/com/lumiyaviewer/lumiya/slproto/messages/ParcelAccessListUpdate.java,java,OK,,not-checked,LibreMetaverse|SecondLifeViewer|FirestormViewer
lumiya_decompiled_source/com/lumiyaviewer/lumiya/slproto/messages/ParcelAuctions.java,java,OK,,not-checked,SecondLifeViewer|FirestormViewer
lumiya_decompiled_source/com/lumiyaviewer/lumiya/slproto/messages/ParcelBuy.java,java,OK,,not-checked,LibreMetaverse|SecondLifeViewer|FirestormViewer
lumiya_decompiled_source/com/lumiyaviewer/lumiya/slproto/messages/ParcelBuyPass.java,java,OK,,not-checked,LibreMetaverse|SecondLifeViewer|FirestormViewer
lumiya_decompiled_source/com/lumiyaviewer/lumiya/slproto/messages/ParcelClaim.java,java,OK,,not-checked,LibreMetaverse|SecondLifeViewer|FirestormViewer
lumiya_decompiled_source/com/lumiyaviewer/lumiya/slproto/messages/ParcelDeedToGroup.java,java,OK,,not-checked,LibreMetaverse|SecondLifeViewer|FirestormViewer
lumiya_decompiled_source/com/lumiyaviewer/lumiya/slproto/messages/ParcelDisableObjects.java,java,OK,,not-checked,LibreMetaverse|SecondLifeViewer|FirestormViewer
lumiya_decompiled_source/com/lumiyaviewer/lumiya/slproto/messages/ParcelDivide.java,java,OK,,not-checked,LibreMetaverse|SecondLifeViewer|FirestormViewer
lumiya_decompiled_source/com/lumiyaviewer/lumiya/slproto/messages/ParcelDwellReply.java,java,OK,,not-checked,LibreMetaverse|SecondLifeViewer|FirestormViewer
lumiya_decompiled_source/com/lumiyaviewer/lumiya/slproto/messages/ParcelDwellRequest.java,java,OK,,not-checked,LibreMetaverse|SecondLifeViewer|FirestormViewer
lumiya_decompiled_source/com/lumiyaviewer/lumiya/slproto/messages/ParcelGodForceOwner.java,java,OK,,not-checked,LibreMetaverse|SecondLifeViewer|FirestormViewer
lumiya_decompiled_source/com/lumiyaviewer/lumiya/slproto/messages/ParcelGodMarkAsContent.java,java,OK,,not-checked,LibreMetaverse|SecondLifeViewer|FirestormViewer
lumiya_decompiled_source/com/lumiyaviewer/lumiya/slproto/messages/ParcelInfoReply.java,java,OK,,not-checked,LibreMetaverse|SecondLifeViewer|FirestormViewer
lumiya_decompiled_source/com/lumiyaviewer/lumiya/slproto/messages/ParcelInfoRequest.java,java,OK,,not-checked,LibreMetaverse|SecondLifeViewer|FirestormViewer
lumiya_decompiled_source/com/lumiyaviewer/lumiya/slproto/messages/ParcelJoin.java,java,OK,,not-checked,LibreMetaverse|SecondLifeViewer|FirestormViewer
lumiya_decompiled_source/com/lumiyaviewer/lumiya/slproto/messages/ParcelMediaCommandMessage.java,java,OK,,not-checked,SecondLifeViewer|FirestormViewer
lumiya_decompiled_source/com/lumiyaviewer/lumiya/slproto/messages/ParcelMediaUpdate.java,java,OK,,not-checked,SecondLifeViewer|FirestormViewer
lumiya_decompiled_source/com/lumiyaviewer/lumiya/slproto/messages/ParcelObjectOwnersReply.java,java,OK,,not-checked,SecondLifeViewer|FirestormViewer
lumiya_decompiled_source/com/lumiyaviewer/lumiya/slproto/messages/ParcelObjectOwnersRequest.java,java,OK,,not-checked,LibreMetaverse|SecondLifeViewer|FirestormViewer
lumiya_decompiled_source/com/lumiyaviewer/lumiya/slproto/messages/ParcelOverlay.java,java,OK,,not-checked,SecondLifeViewer|FirestormViewer
lumiya_decompiled_source/com/lumiyaviewer/lumiya/slproto/messages/ParcelProperties.java,java,OK,,not-checked,LibreMetaverse|SecondLifeViewer|FirestormViewer
lumiya_decompiled_source/com/lumiyaviewer/lumiya/slproto/messages/ParcelPropertiesRequest.java,java,OK,,not-checked,LibreMetaverse|SecondLifeViewer|FirestormViewer
lumiya_decompiled_source/com/lumiyaviewer/lumiya/slproto/messages/ParcelPropertiesRequestByID.java,java,OK,,not-checked,LibreMetaverse|SecondLifeViewer|FirestormViewer
lumiya_decompiled_source/com/lumiyaviewer/lumiya/slproto/messages/ParcelPropertiesUpdate.java,java,OK,,not-checked,LibreMetaverse|SecondLifeViewer|FirestormViewer
lumiya_decompiled_source/com/lumiyaviewer/lumiya/slproto/messages/ParcelReclaim.java,java,OK,,not-checked,LibreMetaverse|SecondLifeViewer|FirestormViewer
lumiya_decompiled_source/com/lumiyaviewer/lumiya/slproto/messages/ParcelRelease.java,java,OK,,not-checked,LibreMetaverse|SecondLifeViewer|FirestormViewer
lumiya_decompiled_source/com/lumiyaviewer/lumiya/slproto/messages/ParcelRename.java,java,OK,,not-checked,SecondLifeViewer|FirestormViewer
lumiya_decompiled_source/com/lumiyaviewer/lumiya/slproto/messages/ParcelReturnObjects.java,java,OK,,not-checked,LibreMetaverse|SecondLifeViewer|FirestormViewer
lumiya_decompiled_source/com/lumiyaviewer/lumiya/slproto/messages/ParcelSales.java,java,OK,,not-checked,SecondLifeViewer|FirestormViewer
lumiya_decompiled_source/com/lumiyaviewer/lumiya/slproto/messages/ParcelSelectObjects.java,java,OK,,not-checked,LibreMetaverse|SecondLifeViewer|FirestormViewer
lumiya_decompiled_source/com/lumiyaviewer/lumiya/slproto/messages/ParcelSetOtherCleanTime.java,java,OK,,not-checked,LibreMetaverse|SecondLifeViewer|FirestormViewer
lumiya_decompiled_source/com/lumiyaviewer/lumiya/slproto/messages/PayPriceReply.java,java,OK,,not-checked,SecondLifeViewer|FirestormViewer
lumiya_decompiled_source/com/lumiyaviewer/lumiya/slproto/messages/PickDelete.java,java,OK,,not-checked,LibreMetaverse|SecondLifeViewer|FirestormViewer
lumiya_decompiled_source/com/lumiyaviewer/lumiya/slproto/messages/PickGodDelete.java,java,OK,,not-checked,LibreMetaverse|SecondLifeViewer|FirestormViewer
lumiya_decompiled_source/com/lumiyaviewer/lumiya/slproto/messages/PickInfoReply.java,java,OK,,not-checked,LibreMetaverse|SecondLifeViewer|FirestormViewer
lumiya_decompiled_source/com/lumiyaviewer/lumiya/slproto/messages/PickInfoUpdate.java,java,OK,,not-checked,LibreMetaverse|SecondLifeViewer|FirestormViewer
lumiya_decompiled_source/com/lumiyaviewer/lumiya/slproto/messages/PlacesQuery.java,java,OK,,not-checked,LibreMetaverse|SecondLifeViewer|FirestormViewer
lumiya_decompiled_source/com/lumiyaviewer/lumiya/slproto/messages/PlacesReply.java,java,OK,,not-checked,LibreMetaverse|SecondLifeViewer|FirestormViewer
lumiya_decompiled_source/com/lumiyaviewer/lumiya/slproto/messages/PreloadSound.java,java,OK,,not-checked,SecondLifeViewer|FirestormViewer
lumiya_decompiled_source/com/lumiyaviewer/lumiya/slproto/messages/PurgeInventoryDescendents.java,java,OK,,not-checked,LibreMetaverse|SecondLifeViewer|FirestormViewer
lumiya_decompiled_source/com/lumiyaviewer/lumiya/slproto/messages/RebakeAvatarTextures.java,java,OK,,not-checked,LibreMetaverse|SecondLifeViewer|FirestormViewer
lumiya_decompiled_source/com/lumiyaviewer/lumiya/slproto/messages/Redo.java,java,OK,,not-checked,LibreMetaverse|SecondLifeViewer|FirestormViewer
lumiya_decompiled_source/com/lumiyaviewer/lumiya/slproto/messages/RegionHandleRequest.java,java,OK,,not-checked,LibreMetaverse|SecondLifeViewer|FirestormViewer
lumiya_decompiled_source/com/lumiyaviewer/lumiya/slproto/messages/RegionHandshake.java,java,OK,,not-checked,LibreMetaverse|SecondLifeViewer|FirestormViewer
lumiya_decompiled_source/com/lumiyaviewer/lumiya/slproto/messages/RegionHandshakeReply.java,java,OK,,not-checked,LibreMetaverse|SecondLifeViewer|FirestormViewer
lumiya_decompiled_source/com/lumiyaviewer/lumiya/slproto/messages/RegionIDAndHandleReply.java,java,OK,,not-checked,LibreMetaverse|SecondLifeViewer|FirestormViewer
lumiya_decompiled_source/com/lumiyaviewer/lumiya/slproto/messages/RegionInfo.java,java,OK,,not-checked,LibreMetaverse|SecondLifeViewer|FirestormViewer
lumiya_decompiled_source/com/lumiyaviewer/lumiya/slproto/messages/RegionPresenceRequestByHandle.java,java,OK,,not-checked,LibreMetaverse|SecondLifeViewer|FirestormViewer
lumiya_decompiled_source/com/lumiyaviewer/lumiya/slproto/messages/RegionPresenceRequestByRegionID.java,java,OK,,not-checked,LibreMetaverse|SecondLifeViewer|FirestormViewer
lumiya_decompiled_source/com/lumiyaviewer/lumiya/slproto/messages/RegionPresenceResponse.java,java,OK,,not-checked,LibreMetaverse|SecondLifeViewer|FirestormViewer
lumiya_decompiled_source/com/lumiyaviewer/lumiya/slproto/messages/RemoveAttachment.java,java,OK,,not-checked,LibreMetaverse|SecondLifeViewer|FirestormViewer
lumiya_decompiled_source/com/lumiyaviewer/lumiya/slproto/messages/RemoveInventoryFolder.java,java,OK,,not-checked,LibreMetaverse|SecondLifeViewer|FirestormViewer
lumiya_decompiled_source/com/lumiyaviewer/lumiya/slproto/messages/RemoveInventoryItem.java,java,OK,,not-checked,LibreMetaverse|SecondLifeViewer|FirestormViewer
lumiya_decompiled_source/com/lumiyaviewer/lumiya/slproto/messages/RemoveInventoryObjects.java,java,OK,,not-checked,LibreMetaverse|SecondLifeViewer|FirestormViewer
lumiya_decompiled_source/com/lumiyaviewer/lumiya/slproto/messages/RemoveMuteListEntry.java,java,OK,,not-checked,LibreMetaverse|SecondLifeViewer|FirestormViewer
lumiya_decompiled_source/com/lumiyaviewer/lumiya/slproto/messages/RemoveNameValuePair.java,java,OK,,not-checked,SecondLifeViewer|FirestormViewer
lumiya_decompiled_source/com/lumiyaviewer/lumiya/slproto/messages/RemoveParcel.java,java,OK,,not-checked,SecondLifeViewer|FirestormViewer
lumiya_decompiled_source/com/lumiyaviewer/lumiya/slproto/messages/RemoveTaskInventory.java,java,OK,,not-checked,LibreMetaverse|SecondLifeViewer|FirestormViewer
lumiya_decompiled_source/com/lumiyaviewer/lumiya/slproto/messages/ReplyTaskInventory.java,java,OK,,not-checked,LibreMetaverse|SecondLifeViewer|FirestormViewer
lumiya_decompiled_source/com/lumiyaviewer/lumiya/slproto/messages/ReportAutosaveCrash.java,java,OK,,not-checked,SecondLifeViewer|FirestormViewer
lumiya_decompiled_source/com/lumiyaviewer/lumiya/slproto/messages/RequestGodlikePowers.java,java,OK,,not-checked,LibreMetaverse|SecondLifeViewer|FirestormViewer
lumiya_decompiled_source/com/lumiyaviewer/lumiya/slproto/messages/RequestImage.java,java,OK,,not-checked,LibreMetaverse|SecondLifeViewer|FirestormViewer
lumiya_decompiled_source/com/lumiyaviewer/lumiya/slproto/messages/RequestInventoryAsset.java,java,OK,,not-checked,LibreMetaverse|SecondLifeViewer|FirestormViewer
lumiya_decompiled_source/com/lumiyaviewer/lumiya/slproto/messages/RequestMultipleObjects.java,java,OK,,not-checked,LibreMetaverse|SecondLifeViewer|FirestormViewer
lumiya_decompiled_source/com/lumiyaviewer/lumiya/slproto/messages/RequestObjectPropertiesFamily.java,java,OK,,not-checked,LibreMetaverse|SecondLifeViewer|FirestormViewer
lumiya_decompiled_source/com/lumiyaviewer/lumiya/slproto/messages/RequestParcelTransfer.java,java,OK,,not-checked,LibreMetaverse|SecondLifeViewer|FirestormViewer
lumiya_decompiled_source/com/lumiyaviewer/lumiya/slproto/messages/RequestPayPrice.java,java,OK,,not-checked,SecondLifeViewer|FirestormViewer
lumiya_decompiled_source/com/lumiyaviewer/lumiya/slproto/messages/RequestRegionInfo.java,java,OK,,not-checked,LibreMetaverse|SecondLifeViewer|FirestormViewer
lumiya_decompiled_source/com/lumiyaviewer/lumiya/slproto/messages/RequestTaskInventory.java,java,OK,,not-checked,LibreMetaverse|SecondLifeViewer|FirestormViewer
lumiya_decompiled_source/com/lumiyaviewer/lumiya/slproto/messages/RequestTrustedCircuit.java,java,OK,,not-checked,LibreMetaverse|SecondLifeViewer|FirestormViewer
lumiya_decompiled_source/com/lumiyaviewer/lumiya/slproto/messages/RequestXfer.java,java,OK,,not-checked,LibreMetaverse|SecondLifeViewer|FirestormViewer
lumiya_decompiled_source/com/lumiyaviewer/lumiya/slproto/messages/RetrieveInstantMessages.java,java,OK,,not-checked,LibreMetaverse|SecondLifeViewer|FirestormViewer
lumiya_decompiled_source/com/lumiyaviewer/lumiya/slproto/messages/RevokePermissions.java,java,OK,,not-checked,LibreMetaverse|SecondLifeViewer|FirestormViewer
lumiya_decompiled_source/com/lumiyaviewer/lumiya/slproto/messages/RezMultipleAttachmentsFromInv.java,java,OK,,not-checked,LibreMetaverse|SecondLifeViewer|FirestormViewer
lumiya_decompiled_source/com/lumiyaviewer/lumiya/slproto/messages/RezObject.java,java,OK,,not-checked,LibreMetaverse|SecondLifeViewer|FirestormViewer
lumiya_decompiled_source/com/lumiyaviewer/lumiya/slproto/messages/RezObjectFromNotecard.java,java,OK,,not-checked,LibreMetaverse|SecondLifeViewer|FirestormViewer
lumiya_decompiled_source/com/lumiyaviewer/lumiya/slproto/messages/RezRestoreToWorld.java,java,OK,,not-checked,LibreMetaverse|SecondLifeViewer|FirestormViewer
lumiya_decompiled_source/com/lumiyaviewer/lumiya/slproto/messages/RezScript.java,java,OK,,not-checked,LibreMetaverse|SecondLifeViewer|FirestormViewer
lumiya_decompiled_source/com/lumiyaviewer/lumiya/slproto/messages/RezSingleAttachmentFromInv.java,java,OK,,not-checked,LibreMetaverse|SecondLifeViewer|FirestormViewer
lumiya_decompiled_source/com/lumiyaviewer/lumiya/slproto/messages/RoutedMoneyBalanceReply.java,java,OK,,not-checked,LibreMetaverse|SecondLifeViewer|FirestormViewer
lumiya_decompiled_source/com/lumiyaviewer/lumiya/slproto/messages/RpcChannelReply.java,java,OK,,not-checked,SecondLifeViewer|FirestormViewer
lumiya_decompiled_source/com/lumiyaviewer/lumiya/slproto/messages/RpcChannelRequest.java,java,OK,,not-checked,SecondLifeViewer|FirestormViewer
lumiya_decompiled_source/com/lumiyaviewer/lumiya/slproto/messages/RpcScriptReplyInbound.java,java,OK,,not-checked,SecondLifeViewer|FirestormViewer
lumiya_decompiled_source/com/lumiyaviewer/lumiya/slproto/messages/RpcScriptRequestInbound.java,java,OK,,not-checked,SecondLifeViewer|FirestormViewer
lumiya_decompiled_source/com/lumiyaviewer/lumiya/slproto/messages/RpcScriptRequestInboundForward.java,java,OK,,not-checked,SecondLifeViewer|FirestormViewer
lumiya_decompiled_source/com/lumiyaviewer/lumiya/slproto/messages/SLMessageFactory.java,java,OK,,not-checked,LibreMetaverse|SecondLifeViewer|FirestormViewer
lumiya_decompiled_source/com/lumiyaviewer/lumiya/slproto/messages/SLMessageHandler.java,java,OK,,not-checked,LibreMetaverse|SecondLifeViewer|FirestormViewer
lumiya_decompiled_source/com/lumiyaviewer/lumiya/slproto/messages/SaveAssetIntoInventory.java,java,OK,,not-checked,LibreMetaverse|SecondLifeViewer|FirestormViewer
lumiya_decompiled_source/com/lumiyaviewer/lumiya/slproto/messages/ScriptAnswerYes.java,java,OK,,not-checked,LibreMetaverse|SecondLifeViewer|FirestormViewer
lumiya_decompiled_source/com/lumiyaviewer/lumiya/slproto/messages/ScriptControlChange.java,java,OK,,not-checked,SecondLifeViewer|FirestormViewer
lumiya_decompiled_source/com/lumiyaviewer/lumiya/slproto/messages/ScriptDataReply.java,java,OK,,not-checked,SecondLifeViewer|FirestormViewer
lumiya_decompiled_source/com/lumiyaviewer/lumiya/slproto/messages/ScriptDataRequest.java,java,OK,,not-checked,SecondLifeViewer|FirestormViewer
lumiya_decompiled_source/com/lumiyaviewer/lumiya/slproto/messages/ScriptDialog.java,java,OK,,not-checked,SecondLifeViewer|FirestormViewer
lumiya_decompiled_source/com/lumiyaviewer/lumiya/slproto/messages/ScriptDialogReply.java,java,OK,,not-checked,LibreMetaverse|SecondLifeViewer|FirestormViewer
lumiya_decompiled_source/com/lumiyaviewer/lumiya/slproto/messages/ScriptMailRegistration.java,java,OK,,not-checked,SecondLifeViewer|FirestormViewer
lumiya_decompiled_source/com/lumiyaviewer/lumiya/slproto/messages/ScriptQuestion.java,java,OK,,not-checked,SecondLifeViewer|FirestormViewer
lumiya_decompiled_source/com/lumiyaviewer/lumiya/slproto/messages/ScriptReset.java,java,OK,,not-checked,LibreMetaverse|SecondLifeViewer|FirestormViewer
lumiya_decompiled_source/com/lumiyaviewer/lumiya/slproto/messages/ScriptRunningReply.java,java,OK,,not-checked,SecondLifeViewer|FirestormViewer
lumiya_decompiled_source/com/lumiyaviewer/lumiya/slproto/messages/ScriptSensorReply.java,java,OK,,not-checked,SecondLifeViewer|FirestormViewer
lumiya_decompiled_source/com/lumiyaviewer/lumiya/slproto/messages/ScriptSensorRequest.java,java,OK,,not-checked,LibreMetaverse|SecondLifeViewer|FirestormViewer
lumiya_decompiled_source/com/lumiyaviewer/lumiya/slproto/messages/ScriptTeleportRequest.java,java,OK,,not-checked,SecondLifeViewer|FirestormViewer
lumiya_decompiled_source/com/lumiyaviewer/lumiya/slproto/messages/SendPostcard.java,java,OK,,not-checked,LibreMetaverse|SecondLifeViewer|FirestormViewer
lumiya_decompiled_source/com/lumiyaviewer/lumiya/slproto/messages/SendXferPacket.java,java,OK,,not-checked,LibreMetaverse|SecondLifeViewer|FirestormViewer
lumiya_decompiled_source/com/lumiyaviewer/lumiya/slproto/messages/SetAlwaysRun.java,java,OK,,not-checked,LibreMetaverse|SecondLifeViewer|FirestormViewer
lumiya_decompiled_source/com/lumiyaviewer/lumiya/slproto/messages/SetCPURatio.java,java,OK,,not-checked,SecondLifeViewer|FirestormViewer
lumiya_decompiled_source/com/lumiyaviewer/lumiya/slproto/messages/SetFollowCamProperties.java,java,OK,,not-checked,SecondLifeViewer|FirestormViewer
lumiya_decompiled_source/com/lumiyaviewer/lumiya/slproto/messages/SetGroupAcceptNotices.java,java,OK,,not-checked,LibreMetaverse|SecondLifeViewer|FirestormViewer
lumiya_decompiled_source/com/lumiyaviewer/lumiya/slproto/messages/SetGroupContribution.java,java,OK,,not-checked,LibreMetaverse|SecondLifeViewer|FirestormViewer
lumiya_decompiled_source/com/lumiyaviewer/lumiya/slproto/messages/SetScriptRunning.java,java,OK,,not-checked,LibreMetaverse|SecondLifeViewer|FirestormViewer
lumiya_decompiled_source/com/lumiyaviewer/lumiya/slproto/messages/SetSimPresenceInDatabase.java,java,OK,,not-checked,LibreMetaverse|SecondLifeViewer|FirestormViewer
lumiya_decompiled_source/com/lumiyaviewer/lumiya/slproto/messages/SetSimStatusInDatabase.java,java,OK,,not-checked,LibreMetaverse|SecondLifeViewer|FirestormViewer
lumiya_decompiled_source/com/lumiyaviewer/lumiya/slproto/messages/SetStartLocation.java,java,OK,,not-checked,LibreMetaverse|SecondLifeViewer|FirestormViewer
lumiya_decompiled_source/com/lumiyaviewer/lumiya/slproto/messages/SetStartLocationRequest.java,java,OK,,not-checked,LibreMetaverse|SecondLifeViewer|FirestormViewer
lumiya_decompiled_source/com/lumiyaviewer/lumiya/slproto/messages/SimCrashed.java,java,OK,,not-checked,LibreMetaverse|SecondLifeViewer|FirestormViewer
lumiya_decompiled_source/com/lumiyaviewer/lumiya/slproto/messages/SimStats.java,java,OK,,not-checked,LibreMetaverse|SecondLifeViewer|FirestormViewer
lumiya_decompiled_source/com/lumiyaviewer/lumiya/slproto/messages/SimStatus.java,java,OK,,not-checked,SecondLifeViewer|FirestormViewer
lumiya_decompiled_source/com/lumiyaviewer/lumiya/slproto/messages/SimWideDeletes.java,java,OK,,not-checked,LibreMetaverse|SecondLifeViewer|FirestormViewer
lumiya_decompiled_source/com/lumiyaviewer/lumiya/slproto/messages/SimulatorLoad.java,java,OK,,not-checked,LibreMetaverse|SecondLifeViewer|FirestormViewer
lumiya_decompiled_source/com/lumiyaviewer/lumiya/slproto/messages/SimulatorMapUpdate.java,java,OK,,not-checked,LibreMetaverse|SecondLifeViewer|FirestormViewer
lumiya_decompiled_source/com/lumiyaviewer/lumiya/slproto/messages/SimulatorPresentAtLocation.java,java,OK,,not-checked,LibreMetaverse|SecondLifeViewer|FirestormViewer
lumiya_decompiled_source/com/lumiyaviewer/lumiya/slproto/messages/SimulatorReady.java,java,OK,,not-checked,LibreMetaverse|SecondLifeViewer|FirestormViewer
lumiya_decompiled_source/com/lumiyaviewer/lumiya/slproto/messages/SimulatorSetMap.java,java,OK,,not-checked,LibreMetaverse|SecondLifeViewer|FirestormViewer
lumiya_decompiled_source/com/lumiyaviewer/lumiya/slproto/messages/SimulatorShutdownRequest.java,java,OK,,not-checked,LibreMetaverse|SecondLifeViewer|FirestormViewer
lumiya_decompiled_source/com/lumiyaviewer/lumiya/slproto/messages/SimulatorViewerTimeMessage.java,java,OK,,not-checked,LibreMetaverse|SecondLifeViewer|FirestormViewer
lumiya_decompiled_source/com/lumiyaviewer/lumiya/slproto/messages/SoundTrigger.java,java,OK,,not-checked,SecondLifeViewer|FirestormViewer
lumiya_decompiled_source/com/lumiyaviewer/lumiya/slproto/messages/StartAuction.java,java,OK,,not-checked,LibreMetaverse|SecondLifeViewer|FirestormViewer
lumiya_decompiled_source/com/lumiyaviewer/lumiya/slproto/messages/StartGroupProposal.java,java,OK,,not-checked,LibreMetaverse|SecondLifeViewer|FirestormViewer
lumiya_decompiled_source/com/lumiyaviewer/lumiya/slproto/messages/StartLure.java,java,OK,,not-checked,LibreMetaverse|SecondLifeViewer|FirestormViewer
lumiya_decompiled_source/com/lumiyaviewer/lumiya/slproto/messages/StartPingCheck.java,java,OK,,not-checked,SecondLifeViewer|FirestormViewer
lumiya_decompiled_source/com/lumiyaviewer/lumiya/slproto/messages/StateSave.java,java,OK,,not-checked,LibreMetaverse|SecondLifeViewer|FirestormViewer
lumiya_decompiled_source/com/lumiyaviewer/lumiya/slproto/messages/SubscribeLoad.java,java,OK,,not-checked,SecondLifeViewer|FirestormViewer
lumiya_decompiled_source/com/lumiyaviewer/lumiya/slproto/messages/SystemKickUser.java,java,OK,,not-checked,LibreMetaverse|SecondLifeViewer|FirestormViewer
lumiya_decompiled_source/com/lumiyaviewer/lumiya/slproto/messages/SystemMessage.java,java,OK,,not-checked,SecondLifeViewer|FirestormViewer
lumiya_decompiled_source/com/lumiyaviewer/lumiya/slproto/messages/TallyVotes.java,java,OK,,not-checked,SecondLifeViewer|FirestormViewer
lumiya_decompiled_source/com/lumiyaviewer/lumiya/slproto/messages/TelehubInfo.java,java,OK,,not-checked,SecondLifeViewer|FirestormViewer
lumiya_decompiled_source/com/lumiyaviewer/lumiya/slproto/messages/TeleportCancel.java,java,OK,,not-checked,LibreMetaverse|SecondLifeViewer|FirestormViewer
lumiya_decompiled_source/com/lumiyaviewer/lumiya/slproto/messages/TeleportFailed.java,java,OK,,not-checked,LibreMetaverse|SecondLifeViewer|FirestormViewer
lumiya_decompiled_source/com/lumiyaviewer/lumiya/slproto/messages/TeleportFinish.java,java,OK,,not-checked,LLSD|LibreMetaverse|SecondLifeViewer|FirestormViewer
lumiya_decompiled_source/com/lumiyaviewer/lumiya/slproto/messages/TeleportLandingStatusChanged.java,java,OK,,not-checked,LibreMetaverse|SecondLifeViewer|FirestormViewer
lumiya_decompiled_source/com/lumiyaviewer/lumiya/slproto/messages/TeleportLandmarkRequest.java,java,OK,,not-checked,LibreMetaverse|SecondLifeViewer|FirestormViewer
lumiya_decompiled_source/com/lumiyaviewer/lumiya/slproto/messages/TeleportLocal.java,java,OK,,not-checked,LibreMetaverse|SecondLifeViewer|FirestormViewer
lumiya_decompiled_source/com/lumiyaviewer/lumiya/slproto/messages/TeleportLocationRequest.java,java,OK,,not-checked,LibreMetaverse|SecondLifeViewer|FirestormViewer
lumiya_decompiled_source/com/lumiyaviewer/lumiya/slproto/messages/TeleportLureRequest.java,java,OK,,not-checked,LibreMetaverse|SecondLifeViewer|FirestormViewer
lumiya_decompiled_source/com/lumiyaviewer/lumiya/slproto/messages/TeleportProgress.java,java,OK,,not-checked,LibreMetaverse|SecondLifeViewer|FirestormViewer
lumiya_decompiled_source/com/lumiyaviewer/lumiya/slproto/messages/TeleportRequest.java,java,OK,,not-checked,LibreMetaverse|SecondLifeViewer|FirestormViewer
lumiya_decompiled_source/com/lumiyaviewer/lumiya/slproto/messages/TeleportStart.java,java,OK,,not-checked,SecondLifeViewer|FirestormViewer
lumiya_decompiled_source/com/lumiyaviewer/lumiya/slproto/messages/TerminateFriendship.java,java,OK,,not-checked,LibreMetaverse|SecondLifeViewer|FirestormViewer
lumiya_decompiled_source/com/lumiyaviewer/lumiya/slproto/messages/TestMessage.java,java,OK,,not-checked,SecondLifeViewer|FirestormViewer
lumiya_decompiled_source/com/lumiyaviewer/lumiya/slproto/messages/TrackAgent.java,java,OK,,not-checked,LibreMetaverse|SecondLifeViewer|FirestormViewer
lumiya_decompiled_source/com/lumiyaviewer/lumiya/slproto/messages/TransferAbort.java,java,OK,,not-checked,SecondLifeViewer|FirestormViewer
lumiya_decompiled_source/com/lumiyaviewer/lumiya/slproto/messages/TransferInfo.java,java,OK,,not-checked,SecondLifeViewer|FirestormViewer
lumiya_decompiled_source/com/lumiyaviewer/lumiya/slproto/messages/TransferInventory.java,java,OK,,not-checked,LibreMetaverse|SecondLifeViewer|FirestormViewer
lumiya_decompiled_source/com/lumiyaviewer/lumiya/slproto/messages/TransferInventoryAck.java,java,OK,,not-checked,LibreMetaverse|SecondLifeViewer|FirestormViewer
lumiya_decompiled_source/com/lumiyaviewer/lumiya/slproto/messages/TransferPacket.java,java,OK,,not-checked,LibreMetaverse|SecondLifeViewer|FirestormViewer
lumiya_decompiled_source/com/lumiyaviewer/lumiya/slproto/messages/TransferRequest.java,java,OK,,not-checked,SecondLifeViewer|FirestormViewer
lumiya_decompiled_source/com/lumiyaviewer/lumiya/slproto/messages/UUIDGroupNameReply.java,java,OK,,not-checked,SecondLifeViewer|FirestormViewer
lumiya_decompiled_source/com/lumiyaviewer/lumiya/slproto/messages/UUIDGroupNameRequest.java,java,OK,,not-checked,SecondLifeViewer|FirestormViewer
lumiya_decompiled_source/com/lumiyaviewer/lumiya/slproto/messages/UUIDNameReply.java,java,OK,,not-checked,SecondLifeViewer|FirestormViewer
lumiya_decompiled_source/com/lumiyaviewer/lumiya/slproto/messages/UUIDNameRequest.java,java,OK,,not-checked,SecondLifeViewer|FirestormViewer
lumiya_decompiled_source/com/lumiyaviewer/lumiya/slproto/messages/Undo.java,java,OK,,not-checked,LibreMetaverse|SecondLifeViewer|FirestormViewer
lumiya_decompiled_source/com/lumiyaviewer/lumiya/slproto/messages/UndoLand.java,java,OK,,not-checked,LibreMetaverse|SecondLifeViewer|FirestormViewer
lumiya_decompiled_source/com/lumiyaviewer/lumiya/slproto/messages/UnsubscribeLoad.java,java,OK,,not-checked,SecondLifeViewer|FirestormViewer
lumiya_decompiled_source/com/lumiyaviewer/lumiya/slproto/messages/UpdateAttachment.java,java,OK,,not-checked,LibreMetaverse|SecondLifeViewer|FirestormViewer
lumiya_decompiled_source/com/lumiyaviewer/lumiya/slproto/messages/UpdateCreateInventoryItem.java,java,OK,,not-checked,LibreMetaverse|SecondLifeViewer|FirestormViewer
lumiya_decompiled_source/com/lumiyaviewer/lumiya/slproto/messages/UpdateGroupInfo.java,java,OK,,not-checked,LibreMetaverse|SecondLifeViewer|FirestormViewer
lumiya_decompiled_source/com/lumiyaviewer/lumiya/slproto/messages/UpdateInventoryFolder.java,java,OK,,not-checked,LibreMetaverse|SecondLifeViewer|FirestormViewer
lumiya_decompiled_source/com/lumiyaviewer/lumiya/slproto/messages/UpdateInventoryItem.java,java,OK,,not-checked,LibreMetaverse|SecondLifeViewer|FirestormViewer
lumiya_decompiled_source/com/lumiyaviewer/lumiya/slproto/messages/UpdateMuteListEntry.java,java,OK,,not-checked,LibreMetaverse|SecondLifeViewer|FirestormViewer
lumiya_decompiled_source/com/lumiyaviewer/lumiya/slproto/messages/UpdateParcel.java,java,OK,,not-checked,LibreMetaverse|SecondLifeViewer|FirestormViewer
lumiya_decompiled_source/com/lumiyaviewer/lumiya/slproto/messages/UpdateSimulator.java,java,OK,,not-checked,LibreMetaverse|SecondLifeViewer|FirestormViewer
lumiya_decompiled_source/com/lumiyaviewer/lumiya/slproto/messages/UpdateTaskInventory.java,java,OK,,not-checked,LibreMetaverse|SecondLifeViewer|FirestormViewer
lumiya_decompiled_source/com/lumiyaviewer/lumiya/slproto/messages/UpdateUserInfo.java,java,OK,,not-checked,LibreMetaverse|SecondLifeViewer|FirestormViewer
lumiya_decompiled_source/com/lumiyaviewer/lumiya/slproto/messages/UseCachedMuteList.java,java,OK,,not-checked,LibreMetaverse|SecondLifeViewer|FirestormViewer
lumiya_decompiled_source/com/lumiyaviewer/lumiya/slproto/messages/UseCircuitCode.java,java,OK,,not-checked,LibreMetaverse|SecondLifeViewer|FirestormViewer
lumiya_decompiled_source/com/lumiyaviewer/lumiya/slproto/messages/UserInfoReply.java,java,OK,,not-checked,LibreMetaverse|SecondLifeViewer|FirestormViewer
lumiya_decompiled_source/com/lumiyaviewer/lumiya/slproto/messages/UserInfoRequest.java,java,OK,,not-checked,LibreMetaverse|SecondLifeViewer|FirestormViewer
lumiya_decompiled_source/com/lumiyaviewer/lumiya/slproto/messages/UserReport.java,java,OK,,not-checked,LibreMetaverse|SecondLifeViewer|FirestormViewer
lumiya_decompiled_source/com/lumiyaviewer/lumiya/slproto/messages/UserReportInternal.java,java,OK,,not-checked,LibreMetaverse|SecondLifeViewer|FirestormViewer
lumiya_decompiled_source/com/lumiyaviewer/lumiya/slproto/messages/VelocityInterpolateOff.java,java,OK,,not-checked,LibreMetaverse|SecondLifeViewer|FirestormViewer
lumiya_decompiled_source/com/lumiyaviewer/lumiya/slproto/messages/VelocityInterpolateOn.java,java,OK,,not-checked,LibreMetaverse|SecondLifeViewer|FirestormViewer
lumiya_decompiled_source/com/lumiyaviewer/lumiya/slproto/messages/ViewerEffect.java,java,OK,,not-checked,LibreMetaverse|SecondLifeViewer|FirestormViewer
lumiya_decompiled_source/com/lumiyaviewer/lumiya/slproto/messages/ViewerFrozenMessage.java,java,OK,,not-checked,SecondLifeViewer|FirestormViewer
lumiya_decompiled_source/com/lumiyaviewer/lumiya/slproto/messages/ViewerStartAuction.java,java,OK,,not-checked,LibreMetaverse|SecondLifeViewer|FirestormViewer
lumiya_decompiled_source/com/lumiyaviewer/lumiya/slproto/messages/ViewerStats.java,java,OK,,not-checked,LibreMetaverse|SecondLifeViewer|FirestormViewer
lumiya_decompiled_source/com/lumiyaviewer/lumiya/slproto/modules/SLAvatarAppearance.java,java,OK,,not-checked,LLSD|LibreMetaverse|SecondLifeViewer|FirestormViewer
lumiya_decompiled_source/com/lumiyaviewer/lumiya/slproto/modules/SLAvatarControl.java,java,OK,,not-checked,LibreMetaverse|SecondLifeViewer|FirestormViewer
lumiya_decompiled_source/com/lumiyaviewer/lumiya/slproto/modules/SLDrawDistance.java,java,OK,,not-checked,LibreMetaverse|SecondLifeViewer|FirestormViewer
lumiya_decompiled_source/com/lumiyaviewer/lumiya/slproto/modules/SLIdleHandler.java,java,OK,,not-checked,SecondLifeViewer|FirestormViewer
lumiya_decompiled_source/com/lumiyaviewer/lumiya/slproto/modules/SLMinimap.java,java,BROKEN,decompilation-stub|unsupported-operation,not-checked,LibreMetaverse|SecondLifeViewer|FirestormViewer
lumiya_decompiled_source/com/lumiyaviewer/lumiya/slproto/modules/SLModule.java,java,OK,,not-checked,LibreMetaverse|SecondLifeViewer|FirestormViewer
lumiya_decompiled_source/com/lumiyaviewer/lumiya/slproto/modules/SLModules.java,java,OK,,not-checked,LLSD|LibreMetaverse|SecondLifeViewer|FirestormViewer
lumiya_decompiled_source/com/lumiyaviewer/lumiya/slproto/modules/SLTaskInventories.java,java,OK,,not-checked,LibreMetaverse|SecondLifeViewer|FirestormViewer
lumiya_decompiled_source/com/lumiyaviewer/lumiya/slproto/modules/SLUserNameFetcher.java,java,OK,,not-checked,LLSD|LibreMetaverse|SecondLifeViewer|FirestormViewer
lumiya_decompiled_source/com/lumiyaviewer/lumiya/slproto/modules/SLUserProfiles.java,java,OK,,not-checked,LLSD|LibreMetaverse|SecondLifeViewer|FirestormViewer
lumiya_decompiled_source/com/lumiyaviewer/lumiya/slproto/modules/SLWorldMap.java,java,OK,,not-checked,LibreMetaverse|SecondLifeViewer|FirestormViewer
lumiya_decompiled_source/com/lumiyaviewer/lumiya/slproto/modules/finance/SLFinancialInfo.java,java,OK,,not-checked,LibreMetaverse|SecondLifeViewer|FirestormViewer
lumiya_decompiled_source/com/lumiyaviewer/lumiya/slproto/modules/groups/AgentGroupDataInfo.java,java,OK,,not-checked,LLSD|LibreMetaverse|SecondLifeViewer|FirestormViewer
lumiya_decompiled_source/com/lumiyaviewer/lumiya/slproto/modules/groups/AvatarGroupList.java,java,OK,,not-checked,LibreMetaverse|SecondLifeViewer|FirestormViewer
lumiya_decompiled_source/com/lumiyaviewer/lumiya/slproto/modules/groups/SLGroupManager.java,java,OK,,not-checked,LLSD|LibreMetaverse|SecondLifeViewer|FirestormViewer
lumiya_decompiled_source/com/lumiyaviewer/lumiya/slproto/modules/mutelist/MuteListData.java,java,OK,,not-checked,SecondLifeViewer|FirestormViewer
lumiya_decompiled_source/com/lumiyaviewer/lumiya/slproto/modules/mutelist/MuteListEntry.java,java,OK,,not-checked,SecondLifeViewer|FirestormViewer
lumiya_decompiled_source/com/lumiyaviewer/lumiya/slproto/modules/mutelist/MuteListKey.java,java,OK,,not-checked,SecondLifeViewer|FirestormViewer
lumiya_decompiled_source/com/lumiyaviewer/lumiya/slproto/modules/mutelist/MuteType.java,java,OK,,not-checked,SecondLifeViewer|FirestormViewer
lumiya_decompiled_source/com/lumiyaviewer/lumiya/slproto/modules/mutelist/SLMuteList.java,java,OK,,not-checked,LibreMetaverse|SecondLifeViewer|FirestormViewer
lumiya_decompiled_source/com/lumiyaviewer/lumiya/slproto/modules/rlv/RLVCommand.java,java,OK,,not-checked,SecondLifeViewer|FirestormViewer
lumiya_decompiled_source/com/lumiyaviewer/lumiya/slproto/modules/rlv/RLVCommands.java,java,OK,,not-checked,LibreMetaverse|SecondLifeViewer|FirestormViewer
lumiya_decompiled_source/com/lumiyaviewer/lumiya/slproto/modules/rlv/RLVController.java,java,OK,,not-checked,LibreMetaverse|SecondLifeViewer|FirestormViewer
lumiya_decompiled_source/com/lumiyaviewer/lumiya/slproto/modules/rlv/RLVRestrictionType.java,java,OK,,not-checked,SecondLifeViewer|FirestormViewer
lumiya_decompiled_source/com/lumiyaviewer/lumiya/slproto/modules/rlv/RLVRestrictions.java,java,BROKEN,decompilation-stub|unsupported-operation,not-checked,LibreMetaverse|SecondLifeViewer|FirestormViewer
lumiya_decompiled_source/com/lumiyaviewer/lumiya/slproto/modules/rlv/commands/RLVCmdAcceptTeleport.java,java,OK,,not-checked,SecondLifeViewer|FirestormViewer
lumiya_decompiled_source/com/lumiyaviewer/lumiya/slproto/modules/rlv/commands/RLVCmdAddOutfit.java,java,OK,,not-checked,SecondLifeViewer|FirestormViewer
lumiya_decompiled_source/com/lumiyaviewer/lumiya/slproto/modules/rlv/commands/RLVCmdClear.java,java,OK,,not-checked,SecondLifeViewer|FirestormViewer
lumiya_decompiled_source/com/lumiyaviewer/lumiya/slproto/modules/rlv/commands/RLVCmdDetach.java,java,OK,,not-checked,LibreMetaverse|SecondLifeViewer|FirestormViewer
lumiya_decompiled_source/com/lumiyaviewer/lumiya/slproto/modules/rlv/commands/RLVCmdEditObjects.java,java,OK,,not-checked,SecondLifeViewer|FirestormViewer
lumiya_decompiled_source/com/lumiyaviewer/lumiya/slproto/modules/rlv/commands/RLVCmdGenericRestriction.java,java,OK,,not-checked,SecondLifeViewer|FirestormViewer
lumiya_decompiled_source/com/lumiyaviewer/lumiya/slproto/modules/rlv/commands/RLVCmdGetAttach.java,java,OK,,not-checked,LibreMetaverse|SecondLifeViewer|FirestormViewer
lumiya_decompiled_source/com/lumiyaviewer/lumiya/slproto/modules/rlv/commands/RLVCmdGetOutfit.java,java,OK,,not-checked,LibreMetaverse|SecondLifeViewer|FirestormViewer
lumiya_decompiled_source/com/lumiyaviewer/lumiya/slproto/modules/rlv/commands/RLVCmdGetStatus.java,java,OK,,not-checked,SecondLifeViewer|FirestormViewer
lumiya_decompiled_source/com/lumiyaviewer/lumiya/slproto/modules/rlv/commands/RLVCmdRecvChat.java,java,OK,,not-checked,SecondLifeViewer|FirestormViewer
lumiya_decompiled_source/com/lumiyaviewer/lumiya/slproto/modules/rlv/commands/RLVCmdRecvIM.java,java,OK,,not-checked,SecondLifeViewer|FirestormViewer
lumiya_decompiled_source/com/lumiyaviewer/lumiya/slproto/modules/rlv/commands/RLVCmdRedirChat.java,java,OK,,not-checked,SecondLifeViewer|FirestormViewer
lumiya_decompiled_source/com/lumiyaviewer/lumiya/slproto/modules/rlv/commands/RLVCmdRemoveOutfit.java,java,OK,,not-checked,LibreMetaverse|SecondLifeViewer|FirestormViewer
lumiya_decompiled_source/com/lumiyaviewer/lumiya/slproto/modules/rlv/commands/RLVCmdRezObjects.java,java,OK,,not-checked,SecondLifeViewer|FirestormViewer
lumiya_decompiled_source/com/lumiyaviewer/lumiya/slproto/modules/rlv/commands/RLVCmdSendChannel.java,java,OK,,not-checked,SecondLifeViewer|FirestormViewer
lumiya_decompiled_source/com/lumiyaviewer/lumiya/slproto/modules/rlv/commands/RLVCmdSendChat.java,java,OK,,not-checked,SecondLifeViewer|FirestormViewer
lumiya_decompiled_source/com/lumiyaviewer/lumiya/slproto/modules/rlv/commands/RLVCmdSendIM.java,java,OK,,not-checked,SecondLifeViewer|FirestormViewer
lumiya_decompiled_source/com/lumiyaviewer/lumiya/slproto/modules/rlv/commands/RLVCmdShowInventory.java,java,OK,,not-checked,LibreMetaverse|SecondLifeViewer|FirestormViewer
lumiya_decompiled_source/com/lumiyaviewer/lumiya/slproto/modules/rlv/commands/RLVCmdSit.java,java,OK,,not-checked,LibreMetaverse|SecondLifeViewer|FirestormViewer
lumiya_decompiled_source/com/lumiyaviewer/lumiya/slproto/modules/rlv/commands/RLVCmdTeleportLandmark.java,java,OK,,not-checked,SecondLifeViewer|FirestormViewer
lumiya_decompiled_source/com/lumiyaviewer/lumiya/slproto/modules/rlv/commands/RLVCmdTeleportLocation.java,java,OK,,not-checked,SecondLifeViewer|FirestormViewer
lumiya_decompiled_source/com/lumiyaviewer/lumiya/slproto/modules/rlv/commands/RLVCmdTeleportLure.java,java,OK,,not-checked,SecondLifeViewer|FirestormViewer
lumiya_decompiled_source/com/lumiyaviewer/lumiya/slproto/modules/rlv/commands/RLVCmdTeleportSit.java,java,OK,,not-checked,SecondLifeViewer|FirestormViewer
lumiya_decompiled_source/com/lumiyaviewer/lumiya/slproto/modules/rlv/commands/RLVCmdTeleportTo.java,java,OK,,not-checked,SecondLifeViewer|FirestormViewer
lumiya_decompiled_source/com/lumiyaviewer/lumiya/slproto/modules/rlv/commands/RLVCmdUnsit.java,java,OK,,not-checked,LibreMetaverse|SecondLifeViewer|FirestormViewer
lumiya_decompiled_source/com/lumiyaviewer/lumiya/slproto/modules/rlv/commands/RLVCmdVersion.java,java,OK,,not-checked,SecondLifeViewer|FirestormViewer
lumiya_decompiled_source/com/lumiyaviewer/lumiya/slproto/modules/rlv/commands/RLVCmdViewNotecard.java,java,OK,,not-checked,SecondLifeViewer|FirestormViewer
lumiya_decompiled_source/com/lumiyaviewer/lumiya/slproto/modules/search/AutoValue_SearchGridQuery.java,java,OK,,not-checked,SecondLifeViewer|FirestormViewer
lumiya_decompiled_source/com/lumiyaviewer/lumiya/slproto/modules/search/SLSearch.java,java,OK,,not-checked,LibreMetaverse|SecondLifeViewer|FirestormViewer
lumiya_decompiled_source/com/lumiyaviewer/lumiya/slproto/modules/search/SearchGridQuery.java,java,OK,,not-checked,SecondLifeViewer|FirestormViewer
lumiya_decompiled_source/com/lumiyaviewer/lumiya/slproto/modules/texfetcher/SLTextureFetchRequest.java,java,OK,,not-checked,LibreMetaverse|SecondLifeViewer|FirestormViewer
lumiya_decompiled_source/com/lumiyaviewer/lumiya/slproto/modules/texfetcher/SLTextureFetcher.java,java,OK,,not-checked,LLSD|LibreMetaverse|SecondLifeViewer|FirestormViewer
lumiya_decompiled_source/com/lumiyaviewer/lumiya/slproto/modules/texfetcher/TextureUDPTransfer.java,java,OK,,not-checked,LibreMetaverse|SecondLifeViewer|FirestormViewer
lumiya_decompiled_source/com/lumiyaviewer/lumiya/slproto/modules/texuploader/SLTextureUploadRequest.java,java,OK,,not-checked,LLSD|LibreMetaverse|SecondLifeViewer|FirestormViewer
lumiya_decompiled_source/com/lumiyaviewer/lumiya/slproto/modules/texuploader/SLTextureUploader.java,java,OK,,not-checked,LLSD|LibreMetaverse|SecondLifeViewer|FirestormViewer
lumiya_decompiled_source/com/lumiyaviewer/lumiya/slproto/modules/transfer/SLTransfer.java,java,OK,,not-checked,LibreMetaverse|SecondLifeViewer|FirestormViewer
lumiya_decompiled_source/com/lumiyaviewer/lumiya/slproto/modules/transfer/SLTransferManager.java,java,OK,,not-checked,LibreMetaverse|SecondLifeViewer|FirestormViewer
lumiya_decompiled_source/com/lumiyaviewer/lumiya/slproto/modules/voice/SLVoice.java,java,OK,,not-checked,LLSD|LibreMetaverse|SecondLifeViewer|FirestormViewer
lumiya_decompiled_source/com/lumiyaviewer/lumiya/slproto/modules/xfer/ELLPath.java,java,OK,,not-checked,SecondLifeViewer|FirestormViewer
lumiya_decompiled_source/com/lumiyaviewer/lumiya/slproto/modules/xfer/SLXfer.java,java,OK,,not-checked,LibreMetaverse|SecondLifeViewer|FirestormViewer
lumiya_decompiled_source/com/lumiyaviewer/lumiya/slproto/modules/xfer/SLXferManager.java,java,OK,,not-checked,LibreMetaverse|SecondLifeViewer|FirestormViewer
lumiya_decompiled_source/com/lumiyaviewer/lumiya/slproto/objects/AutoValue_HoverText.java,java,OK,,not-checked,SecondLifeViewer|FirestormViewer
lumiya_decompiled_source/com/lumiyaviewer/lumiya/slproto/objects/AutoValue_PayInfo.java,java,OK,,not-checked,SecondLifeViewer|FirestormViewer
lumiya_decompiled_source/com/lumiyaviewer/lumiya/slproto/objects/AutoValue_SLObjectFilterInfo.java,java,OK,,not-checked,SecondLifeViewer|FirestormViewer
lumiya_decompiled_source/com/lumiyaviewer/lumiya/slproto/objects/AutoValue_SLObjectProfileData.java,java,OK,,not-checked,SecondLifeViewer|FirestormViewer
lumiya_decompiled_source/com/lumiyaviewer/lumiya/slproto/objects/HoverText.java,java,OK,,not-checked,SecondLifeViewer|FirestormViewer
lumiya_decompiled_source/com/lumiyaviewer/lumiya/slproto/objects/PayInfo.java,java,OK,,not-checked,SecondLifeViewer|FirestormViewer
lumiya_decompiled_source/com/lumiyaviewer/lumiya/slproto/objects/SLAvatarObjectDisplayInfo.java,java,OK,,not-checked,LibreMetaverse|SecondLifeViewer|FirestormViewer
lumiya_decompiled_source/com/lumiyaviewer/lumiya/slproto/objects/SLObjectAvatarInfo.java,java,OK,,not-checked,LibreMetaverse|SecondLifeViewer|FirestormViewer
lumiya_decompiled_source/com/lumiyaviewer/lumiya/slproto/objects/SLObjectDisplayInfo.java,java,OK,,not-checked,SecondLifeViewer|FirestormViewer
lumiya_decompiled_source/com/lumiyaviewer/lumiya/slproto/objects/SLObjectFilterInfo.java,java,OK,,not-checked,SecondLifeViewer|FirestormViewer
lumiya_decompiled_source/com/lumiyaviewer/lumiya/slproto/objects/SLObjectInfo.java,java,BROKEN,decompilation-stub|unsupported-operation,not-checked,LibreMetaverse|SecondLifeViewer|FirestormViewer
lumiya_decompiled_source/com/lumiyaviewer/lumiya/slproto/objects/SLObjectPrimInfo.java,java,OK,,not-checked,LibreMetaverse|SecondLifeViewer|FirestormViewer
lumiya_decompiled_source/com/lumiyaviewer/lumiya/slproto/objects/SLObjectProfileData.java,java,OK,,not-checked,SecondLifeViewer|FirestormViewer
lumiya_decompiled_source/com/lumiyaviewer/lumiya/slproto/objects/SLPrimObjectDisplayInfo.java,java,OK,,not-checked,SecondLifeViewer|FirestormViewer
lumiya_decompiled_source/com/lumiyaviewer/lumiya/slproto/objects/SLPrimObjectDisplayInfoWithChildren.java,java,OK,,not-checked,SecondLifeViewer|FirestormViewer
lumiya_decompiled_source/com/lumiyaviewer/lumiya/slproto/objects/UnsupportedObjectTypeException.kt,kt,OK,,not-checked,SecondLifeViewer|FirestormViewer
lumiya_decompiled_source/com/lumiyaviewer/lumiya/slproto/prims/PrimDrawParams.java,java,OK,,not-checked,SecondLifeViewer|FirestormViewer
lumiya_decompiled_source/com/lumiyaviewer/lumiya/slproto/prims/PrimFlexibleInfo.java,java,OK,,not-checked,SecondLifeViewer|FirestormViewer
lumiya_decompiled_source/com/lumiyaviewer/lumiya/slproto/prims/PrimFlexibleParams.java,java,OK,,not-checked,SecondLifeViewer|FirestormViewer
lumiya_decompiled_source/com/lumiyaviewer/lumiya/slproto/prims/PrimMath.java,java,OK,,not-checked,SecondLifeViewer|FirestormViewer
lumiya_decompiled_source/com/lumiyaviewer/lumiya/slproto/prims/PrimParamsPool.java,java,OK,,not-checked,SecondLifeViewer|FirestormViewer
lumiya_decompiled_source/com/lumiyaviewer/lumiya/slproto/prims/PrimPath.java,java,OK,,not-checked,SecondLifeViewer|FirestormViewer
lumiya_decompiled_source/com/lumiyaviewer/lumiya/slproto/prims/PrimPathParams.java,java,OK,,not-checked,SecondLifeViewer|FirestormViewer
lumiya_decompiled_source/com/lumiyaviewer/lumiya/slproto/prims/PrimProfile.java,java,OK,,not-checked,SecondLifeViewer|FirestormViewer
lumiya_decompiled_source/com/lumiyaviewer/lumiya/slproto/prims/PrimProfileParams.java,java,OK,,not-checked,SecondLifeViewer|FirestormViewer
lumiya_decompiled_source/com/lumiyaviewer/lumiya/slproto/prims/PrimVolume.java,java,OK,,not-checked,SecondLifeViewer|FirestormViewer
lumiya_decompiled_source/com/lumiyaviewer/lumiya/slproto/prims/PrimVolumeFace.java,java,OK,,not-checked,SecondLifeViewer|FirestormViewer
lumiya_decompiled_source/com/lumiyaviewer/lumiya/slproto/prims/PrimVolumeParams.java,java,OK,,not-checked,SecondLifeViewer|FirestormViewer
lumiya_decompiled_source/com/lumiyaviewer/lumiya/slproto/prims/VertexData.java,java,OK,,not-checked,SecondLifeViewer|FirestormViewer
lumiya_decompiled_source/com/lumiyaviewer/lumiya/slproto/terrain/TerrainData.java,java,OK,,not-checked,LibreMetaverse|SecondLifeViewer|FirestormViewer
lumiya_decompiled_source/com/lumiyaviewer/lumiya/slproto/terrain/TerrainPatch.java,java,OK,,not-checked,SecondLifeViewer|FirestormViewer
lumiya_decompiled_source/com/lumiyaviewer/lumiya/slproto/terrain/TerrainPatchHeightMap.java,java,OK,,not-checked,SecondLifeViewer|FirestormViewer
lumiya_decompiled_source/com/lumiyaviewer/lumiya/slproto/terrain/TerrainPatchInfo.java,java,OK,,not-checked,SecondLifeViewer|FirestormViewer
lumiya_decompiled_source/com/lumiyaviewer/lumiya/slproto/terrain/TerrainTextures.java,java,OK,,not-checked,LibreMetaverse|SecondLifeViewer|FirestormViewer
lumiya_decompiled_source/com/lumiyaviewer/lumiya/slproto/textures/AutoValue_SLTextureEntryFace.java,java,OK,,not-checked,SecondLifeViewer|FirestormViewer
lumiya_decompiled_source/com/lumiyaviewer/lumiya/slproto/textures/MutableSLTextureEntryFace.java,java,OK,,not-checked,SecondLifeViewer|FirestormViewer
lumiya_decompiled_source/com/lumiyaviewer/lumiya/slproto/textures/SLTextureEntry.java,java,OK,,not-checked,SecondLifeViewer|FirestormViewer
lumiya_decompiled_source/com/lumiyaviewer/lumiya/slproto/textures/SLTextureEntryFace.java,java,OK,,not-checked,SecondLifeViewer|FirestormViewer
lumiya_decompiled_source/com/lumiyaviewer/lumiya/slproto/types/AgentPosition.java,java,OK,,not-checked,SecondLifeViewer|FirestormViewer
lumiya_decompiled_source/com/lumiyaviewer/lumiya/slproto/types/CameraParams.java,java,OK,,not-checked,SecondLifeViewer|FirestormViewer
lumiya_decompiled_source/com/lumiyaviewer/lumiya/slproto/types/EDeRezDestination.java,java,OK,,not-checked,LibreMetaverse|SecondLifeViewer|FirestormViewer
lumiya_decompiled_source/com/lumiyaviewer/lumiya/slproto/types/ImmutableVector.java,java,OK,,not-checked,SecondLifeViewer|FirestormViewer
lumiya_decompiled_source/com/lumiyaviewer/lumiya/slproto/types/LLQuaternion.java,java,OK,,not-checked,SecondLifeViewer|FirestormViewer
lumiya_decompiled_source/com/lumiyaviewer/lumiya/slproto/types/LLTersePacking.java,java,OK,,not-checked,SecondLifeViewer|FirestormViewer
lumiya_decompiled_source/com/lumiyaviewer/lumiya/slproto/types/LLVector2.java,java,OK,,not-checked,SecondLifeViewer|FirestormViewer
lumiya_decompiled_source/com/lumiyaviewer/lumiya/slproto/types/LLVector3.java,java,OK,,not-checked,LLSD|LibreMetaverse|SecondLifeViewer|FirestormViewer
lumiya_decompiled_source/com/lumiyaviewer/lumiya/slproto/types/LLVector3d.java,java,OK,,not-checked,SecondLifeViewer|FirestormViewer
lumiya_decompiled_source/com/lumiyaviewer/lumiya/slproto/types/LLVector4.java,java,OK,,not-checked,SecondLifeViewer|FirestormViewer
lumiya_decompiled_source/com/lumiyaviewer/lumiya/slproto/types/Vector2Array.java,java,OK,,not-checked,SecondLifeViewer|FirestormViewer
lumiya_decompiled_source/com/lumiyaviewer/lumiya/slproto/types/Vector3Array.java,java,OK,,not-checked,SecondLifeViewer|FirestormViewer
lumiya_decompiled_source/com/lumiyaviewer/lumiya/slproto/types/VectorArray.java,java,OK,,not-checked,SecondLifeViewer|FirestormViewer
lumiya_decompiled_source/com/lumiyaviewer/lumiya/slproto/types/VertexArray.java,java,OK,,not-checked,SecondLifeViewer|FirestormViewer
lumiya_decompiled_source/com/lumiyaviewer/lumiya/slproto/users/ChatterID.java,java,OK,,not-checked,LibreMetaverse|SecondLifeViewer|FirestormViewer
lumiya_decompiled_source/com/lumiyaviewer/lumiya/slproto/users/ChatterNameRetriever.java,java,OK,,not-checked,SecondLifeViewer|FirestormViewer
lumiya_decompiled_source/com/lumiyaviewer/lumiya/slproto/users/LLSDResponseCacher.java,java,OK,,not-checked,LLSD|LibreMetaverse|SecondLifeViewer|FirestormViewer
lumiya_decompiled_source/com/lumiyaviewer/lumiya/slproto/users/MultipleChatterNameRetriever.java,java,OK,,not-checked,SecondLifeViewer|FirestormViewer
lumiya_decompiled_source/com/lumiyaviewer/lumiya/slproto/users/ParcelData.java,java,OK,,not-checked,LLSD|LibreMetaverse|SecondLifeViewer|FirestormViewer
lumiya_decompiled_source/com/lumiyaviewer/lumiya/slproto/users/ResponseCacher.java,java,OK,,not-checked,SecondLifeViewer|FirestormViewer
lumiya_decompiled_source/com/lumiyaviewer/lumiya/slproto/users/SLGroupInfo.java,java,OK,,not-checked,SecondLifeViewer|FirestormViewer
lumiya_decompiled_source/com/lumiyaviewer/lumiya/slproto/users/SLMessageResponseCacher.java,java,OK,,not-checked,SecondLifeViewer|FirestormViewer
lumiya_decompiled_source/com/lumiyaviewer/lumiya/slproto/users/SerializableResponseCacher.java,java,OK,,not-checked,SecondLifeViewer|FirestormViewer
lumiya_decompiled_source/com/lumiyaviewer/lumiya/slproto/users/chatsrc/ChatMessageSource.java,java,OK,,not-checked,SecondLifeViewer|FirestormViewer
lumiya_decompiled_source/com/lumiyaviewer/lumiya/slproto/users/chatsrc/ChatMessageSourceGroup.java,java,OK,,not-checked,SecondLifeViewer|FirestormViewer
lumiya_decompiled_source/com/lumiyaviewer/lumiya/slproto/users/chatsrc/ChatMessageSourceObject.java,java,OK,,not-checked,SecondLifeViewer|FirestormViewer
lumiya_decompiled_source/com/lumiyaviewer/lumiya/slproto/users/chatsrc/ChatMessageSourceSystem.java,java,OK,,not-checked,SecondLifeViewer|FirestormViewer
lumiya_decompiled_source/com/lumiyaviewer/lumiya/slproto/users/chatsrc/ChatMessageSourceUnknown.java,java,OK,,not-checked,SecondLifeViewer|FirestormViewer
lumiya_decompiled_source/com/lumiyaviewer/lumiya/slproto/users/chatsrc/ChatMessageSourceUser.java,java,OK,,not-checked,SecondLifeViewer|FirestormViewer
lumiya_decompiled_source/com/lumiyaviewer/lumiya/slproto/users/events/EventActiveChattersChanged.java,java,OK,,not-checked,SecondLifeViewer|FirestormViewer
lumiya_decompiled_source/com/lumiyaviewer/lumiya/slproto/users/events/EventUserInfoChanged.java,java,OK,,not-checked,SecondLifeViewer|FirestormViewer
lumiya_decompiled_source/com/lumiyaviewer/lumiya/slproto/users/events/EventUserOnlineStatusChanged.java,java,OK,,not-checked,SecondLifeViewer|FirestormViewer
lumiya_decompiled_source/com/lumiyaviewer/lumiya/slproto/users/manager/ActiveChattersDisplayDataList.java,java,OK,,not-checked,SecondLifeViewer|FirestormViewer
lumiya_decompiled_source/com/lumiyaviewer/lumiya/slproto/users/manager/ActiveChattersManager.java,java,BROKEN,decompilation-stub|unsupported-operation,not-checked,LibreMetaverse|SecondLifeViewer|FirestormViewer
lumiya_decompiled_source/com/lumiyaviewer/lumiya/slproto/users/manager/AutoValue_CurrentLocationInfo.java,java,OK,,not-checked,SecondLifeViewer|FirestormViewer
lumiya_decompiled_source/com/lumiyaviewer/lumiya/slproto/users/manager/AutoValue_GroupManager_GroupMemberRolesQuery.java,java,OK,,not-checked,SecondLifeViewer|FirestormViewer
lumiya_decompiled_source/com/lumiyaviewer/lumiya/slproto/users/manager/AutoValue_GroupManager_GroupMembersQuery.java,java,OK,,not-checked,SecondLifeViewer|FirestormViewer
lumiya_decompiled_source/com/lumiyaviewer/lumiya/slproto/users/manager/AutoValue_GroupManager_GroupRoleMembersQuery.java,java,OK,,not-checked,SecondLifeViewer|FirestormViewer
lumiya_decompiled_source/com/lumiyaviewer/lumiya/slproto/users/manager/AutoValue_MyAvatarState.java,java,OK,,not-checked,LibreMetaverse|SecondLifeViewer|FirestormViewer
lumiya_decompiled_source/com/lumiyaviewer/lumiya/slproto/users/manager/AutoValue_UnreadMessageInfo.java,java,OK,,not-checked,SecondLifeViewer|FirestormViewer
lumiya_decompiled_source/com/lumiyaviewer/lumiya/slproto/users/manager/AutoValue_UnreadNotificationInfo.java,java,OK,,not-checked,SecondLifeViewer|FirestormViewer
lumiya_decompiled_source/com/lumiyaviewer/lumiya/slproto/users/manager/AutoValue_UnreadNotificationInfo_ObjectPopupMessage.java,java,OK,,not-checked,SecondLifeViewer|FirestormViewer
lumiya_decompiled_source/com/lumiyaviewer/lumiya/slproto/users/manager/AutoValue_UnreadNotificationInfo_ObjectPopupNotification.java,java,OK,,not-checked,SecondLifeViewer|FirestormViewer
lumiya_decompiled_source/com/lumiyaviewer/lumiya/slproto/users/manager/AutoValue_UnreadNotificationInfo_UnreadMessageSource.java,java,OK,,not-checked,SecondLifeViewer|FirestormViewer
lumiya_decompiled_source/com/lumiyaviewer/lumiya/slproto/users/manager/AutoValue_UnreadNotifications.java,java,OK,,not-checked,SecondLifeViewer|FirestormViewer
lumiya_decompiled_source/com/lumiyaviewer/lumiya/slproto/users/manager/AvatarPickKey.java,java,OK,,not-checked,LibreMetaverse|SecondLifeViewer|FirestormViewer
lumiya_decompiled_source/com/lumiyaviewer/lumiya/slproto/users/manager/BalanceManager.java,java,OK,,not-checked,LibreMetaverse|SecondLifeViewer|FirestormViewer
lumiya_decompiled_source/com/lumiyaviewer/lumiya/slproto/users/manager/ChatMessageLoader.java,java,OK,,not-checked,SecondLifeViewer|FirestormViewer
lumiya_decompiled_source/com/lumiyaviewer/lumiya/slproto/users/manager/ChatterDisplayData.java,java,OK,,not-checked,SecondLifeViewer|FirestormViewer
lumiya_decompiled_source/com/lumiyaviewer/lumiya/slproto/users/manager/ChatterDisplayDataList.java,java,OK,,not-checked,SecondLifeViewer|FirestormViewer
lumiya_decompiled_source/com/lumiyaviewer/lumiya/slproto/users/manager/ChatterGroupSubscription.java,java,OK,,not-checked,SecondLifeViewer|FirestormViewer
lumiya_decompiled_source/com/lumiyaviewer/lumiya/slproto/users/manager/ChatterList.java,java,OK,,not-checked,LibreMetaverse|SecondLifeViewer|FirestormViewer
lumiya_decompiled_source/com/lumiyaviewer/lumiya/slproto/users/manager/ChatterListType.java,java,OK,,not-checked,SecondLifeViewer|FirestormViewer
lumiya_decompiled_source/com/lumiyaviewer/lumiya/slproto/users/manager/ChatterSubscription.java,java,OK,,not-checked,SecondLifeViewer|FirestormViewer
lumiya_decompiled_source/com/lumiyaviewer/lumiya/slproto/users/manager/ChatterUserSubscription.java,java,OK,,not-checked,SecondLifeViewer|FirestormViewer
lumiya_decompiled_source/com/lumiyaviewer/lumiya/slproto/users/manager/CurrentLocationInfo.java,java,OK,,not-checked,SecondLifeViewer|FirestormViewer
lumiya_decompiled_source/com/lumiyaviewer/lumiya/slproto/users/manager/FriendDisplayDataList.java,java,OK,,not-checked,SecondLifeViewer|FirestormViewer
lumiya_decompiled_source/com/lumiyaviewer/lumiya/slproto/users/manager/FriendManager.java,java,OK,,not-checked,SecondLifeViewer|FirestormViewer
lumiya_decompiled_source/com/lumiyaviewer/lumiya/slproto/users/manager/GroupDisplayDataList.java,java,OK,,not-checked,LibreMetaverse|SecondLifeViewer|FirestormViewer
lumiya_decompiled_source/com/lumiyaviewer/lumiya/slproto/users/manager/GroupManager.java,java,OK,,not-checked,LibreMetaverse|SecondLifeViewer|FirestormViewer
lumiya_decompiled_source/com/lumiyaviewer/lumiya/slproto/users/manager/InventoryManager.java,java,OK,,not-checked,LibreMetaverse|SecondLifeViewer|FirestormViewer
lumiya_decompiled_source/com/lumiyaviewer/lumiya/slproto/users/manager/MessageSourceNameResolver.java,java,OK,,not-checked,SecondLifeViewer|FirestormViewer
lumiya_decompiled_source/com/lumiyaviewer/lumiya/slproto/users/manager/MyAvatarState.java,java,OK,,not-checked,LibreMetaverse|SecondLifeViewer|FirestormViewer
lumiya_decompiled_source/com/lumiyaviewer/lumiya/slproto/users/manager/NearbyChattersDisplayDataList.java,java,OK,,not-checked,LibreMetaverse|SecondLifeViewer|FirestormViewer
lumiya_decompiled_source/com/lumiyaviewer/lumiya/slproto/users/manager/ObjectPopupsManager.java,java,BROKEN,decompilation-stub|unsupported-operation,not-checked,SecondLifeViewer|FirestormViewer
lumiya_decompiled_source/com/lumiyaviewer/lumiya/slproto/users/manager/ObjectsManager.java,java,OK,,not-checked,LibreMetaverse|SecondLifeViewer|FirestormViewer
lumiya_decompiled_source/com/lumiyaviewer/lumiya/slproto/users/manager/OnListUpdated.java,java,OK,,not-checked,SecondLifeViewer|FirestormViewer
lumiya_decompiled_source/com/lumiyaviewer/lumiya/slproto/users/manager/SearchManager.java,java,OK,,not-checked,SecondLifeViewer|FirestormViewer
lumiya_decompiled_source/com/lumiyaviewer/lumiya/slproto/users/manager/SortedChatterList.java,java,OK,,not-checked,SecondLifeViewer|FirestormViewer
lumiya_decompiled_source/com/lumiyaviewer/lumiya/slproto/users/manager/SubscribableList.java,java,OK,,not-checked,SecondLifeViewer|FirestormViewer
lumiya_decompiled_source/com/lumiyaviewer/lumiya/slproto/users/manager/SyncManager.java,java,OK,,not-checked,SecondLifeViewer|FirestormViewer
lumiya_decompiled_source/com/lumiyaviewer/lumiya/slproto/users/manager/UnreadMessageInfo.java,java,OK,,not-checked,SecondLifeViewer|FirestormViewer
lumiya_decompiled_source/com/lumiyaviewer/lumiya/slproto/users/manager/UnreadNotificationInfo.java,java,OK,,not-checked,SecondLifeViewer|FirestormViewer
lumiya_decompiled_source/com/lumiyaviewer/lumiya/slproto/users/manager/UnreadNotificationManager.java,java,OK,,not-checked,SecondLifeViewer|FirestormViewer
lumiya_decompiled_source/com/lumiyaviewer/lumiya/slproto/users/manager/UnreadNotifications.java,java,OK,,not-checked,SecondLifeViewer|FirestormViewer
lumiya_decompiled_source/com/lumiyaviewer/lumiya/slproto/users/manager/UserManager.java,java,OK,,not-checked,LibreMetaverse|SecondLifeViewer|FirestormViewer
lumiya_decompiled_source/com/lumiyaviewer/lumiya/slproto/users/manager/UserPicBitmapCache.java,java,OK,,not-checked,SecondLifeViewer|FirestormViewer
lumiya_decompiled_source/com/lumiyaviewer/lumiya/slproto/users/manager/assets/AssetData.java,java,OK,,not-checked,SecondLifeViewer|FirestormViewer
lumiya_decompiled_source/com/lumiyaviewer/lumiya/slproto/users/manager/assets/AssetKey.java,java,OK,,not-checked,LibreMetaverse|SecondLifeViewer|FirestormViewer
lumiya_decompiled_source/com/lumiyaviewer/lumiya/slproto/users/manager/assets/AssetResponseCacher.java,java,OK,,not-checked,SecondLifeViewer|FirestormViewer
lumiya_decompiled_source/com/lumiyaviewer/lumiya/slproto/users/manager/assets/AutoValue_AssetKey.java,java,OK,,not-checked,SecondLifeViewer|FirestormViewer
lumiya_decompiled_source/com/lumiyaviewer/lumiya/slproto/windlight/WindlightDay.java,java,OK,,not-checked,SecondLifeViewer|FirestormViewer
lumiya_decompiled_source/com/lumiyaviewer/lumiya/slproto/windlight/WindlightPreset.java,java,OK,,not-checked,LLSD|LibreMetaverse|SecondLifeViewer|FirestormViewer
lumiya_decompiled_source/com/lumiyaviewer/lumiya/sync/CloudSyncServiceConnection.java,java,OK,,not-checked,LibreMetaverse|SecondLifeViewer|FirestormViewer
lumiya_decompiled_source/com/lumiyaviewer/lumiya/test/LLSDTest.java,java,OK,,not-checked,LLSD|LibreMetaverse|SecondLifeViewer|FirestormViewer
lumiya_decompiled_source/com/lumiyaviewer/lumiya/ui/RequestCodes.java,java,OK,,not-checked,SecondLifeViewer|FirestormViewer
lumiya_decompiled_source/com/lumiyaviewer/lumiya/ui/ThemeMapper.java,java,OK,,not-checked,SecondLifeViewer|FirestormViewer
lumiya_decompiled_source/com/lumiyaviewer/lumiya/ui/accounts/AccountEditDialog.java,java,OK,,not-checked,SecondLifeViewer|FirestormViewer
lumiya_decompiled_source/com/lumiyaviewer/lumiya/ui/accounts/AccountList.java,java,OK,,not-checked,SecondLifeViewer|FirestormViewer
lumiya_decompiled_source/com/lumiyaviewer/lumiya/ui/accounts/ManageAccountsActivity.java,java,OK,,not-checked,SecondLifeViewer|FirestormViewer
lumiya_decompiled_source/com/lumiyaviewer/lumiya/ui/avapicker/AvatarPickerForShare.java,java,OK,,not-checked,LibreMetaverse|SecondLifeViewer|FirestormViewer
lumiya_decompiled_source/com/lumiyaviewer/lumiya/ui/avapicker/AvatarPickerFragment.java,java,OK,,not-checked,LibreMetaverse|SecondLifeViewer|FirestormViewer
lumiya_decompiled_source/com/lumiyaviewer/lumiya/ui/chat/AvatarPickerForInvite.java,java,OK,,not-checked,LibreMetaverse|SecondLifeViewer|FirestormViewer
lumiya_decompiled_source/com/lumiyaviewer/lumiya/ui/chat/ChatEventTimestampUpdater.java,java,OK,,not-checked,SecondLifeViewer|FirestormViewer
lumiya_decompiled_source/com/lumiyaviewer/lumiya/ui/chat/ChatFragment.java,java,OK,,not-checked,LibreMetaverse|SecondLifeViewer|FirestormViewer
lumiya_decompiled_source/com/lumiyaviewer/lumiya/ui/chat/ChatLayoutManager.java,java,OK,,not-checked,SecondLifeViewer|FirestormViewer
lumiya_decompiled_source/com/lumiyaviewer/lumiya/ui/chat/ChatNewActivity.java,java,OK,,not-checked,LibreMetaverse|SecondLifeViewer|FirestormViewer
lumiya_decompiled_source/com/lumiyaviewer/lumiya/ui/chat/ChatRecyclerAdapter.java,java,OK,,not-checked,SecondLifeViewer|FirestormViewer
lumiya_decompiled_source/com/lumiyaviewer/lumiya/ui/chat/ChatterDisplayInfo.java,java,OK,,not-checked,SecondLifeViewer|FirestormViewer
lumiya_decompiled_source/com/lumiyaviewer/lumiya/ui/chat/ChatterPicView.java,java,OK,,not-checked,SecondLifeViewer|FirestormViewer
lumiya_decompiled_source/com/lumiyaviewer/lumiya/ui/chat/ChatterThumbnailData.java,java,OK,,not-checked,SecondLifeViewer|FirestormViewer
lumiya_decompiled_source/com/lumiyaviewer/lumiya/ui/chat/ContactsFragment.java,java,BROKEN,decompilation-stub|unsupported-operation,not-checked,SecondLifeViewer|FirestormViewer
lumiya_decompiled_source/com/lumiyaviewer/lumiya/ui/chat/DashedSeparatorView.java,java,OK,,not-checked,SecondLifeViewer|FirestormViewer
lumiya_decompiled_source/com/lumiyaviewer/lumiya/ui/chat/ExportChatHistoryTask.java,java,OK,,not-checked,SecondLifeViewer|FirestormViewer
lumiya_decompiled_source/com/lumiyaviewer/lumiya/ui/chat/ExportResult.java,java,OK,,not-checked,SecondLifeViewer|FirestormViewer
lumiya_decompiled_source/com/lumiyaviewer/lumiya/ui/chat/GroupNoticeFragment.java,java,OK,,not-checked,LibreMetaverse|SecondLifeViewer|FirestormViewer
lumiya_decompiled_source/com/lumiyaviewer/lumiya/ui/chat/GroupNoticeFragment_ViewBinding.java,java,OK,,not-checked,SecondLifeViewer|FirestormViewer
lumiya_decompiled_source/com/lumiyaviewer/lumiya/ui/chat/HasUserPicClickHandler.java,java,OK,,not-checked,SecondLifeViewer|FirestormViewer
lumiya_decompiled_source/com/lumiyaviewer/lumiya/ui/chat/OnlineIndicatorView.java,java,OK,,not-checked,SecondLifeViewer|FirestormViewer
lumiya_decompiled_source/com/lumiyaviewer/lumiya/ui/chat/PayUserFragment.java,java,OK,,not-checked,LibreMetaverse|SecondLifeViewer|FirestormViewer
lumiya_decompiled_source/com/lumiyaviewer/lumiya/ui/chat/PayUserFragment_ViewBinding.java,java,OK,,not-checked,SecondLifeViewer|FirestormViewer
lumiya_decompiled_source/com/lumiyaviewer/lumiya/ui/chat/TypingIndicatorView.java,java,OK,,not-checked,SecondLifeViewer|FirestormViewer
lumiya_decompiled_source/com/lumiyaviewer/lumiya/ui/chat/contacts/ActiveChatsListAdapter.java,java,OK,,not-checked,SecondLifeViewer|FirestormViewer
lumiya_decompiled_source/com/lumiyaviewer/lumiya/ui/chat/contacts/ActiveChattersFragment.java,java,OK,,not-checked,SecondLifeViewer|FirestormViewer
lumiya_decompiled_source/com/lumiyaviewer/lumiya/ui/chat/contacts/ChatFragmentActivityFactory.java,java,OK,,not-checked,LibreMetaverse|SecondLifeViewer|FirestormViewer
lumiya_decompiled_source/com/lumiyaviewer/lumiya/ui/chat/contacts/ChatterItemViewBuilder.java,java,OK,,not-checked,SecondLifeViewer|FirestormViewer
lumiya_decompiled_source/com/lumiyaviewer/lumiya/ui/chat/contacts/ChatterListAdapter.java,java,OK,,not-checked,SecondLifeViewer|FirestormViewer
lumiya_decompiled_source/com/lumiyaviewer/lumiya/ui/chat/contacts/ChatterListSimpleAdapter.java,java,OK,,not-checked,SecondLifeViewer|FirestormViewer
lumiya_decompiled_source/com/lumiyaviewer/lumiya/ui/chat/contacts/ChatterListSubscriptionAdapter.java,java,OK,,not-checked,SecondLifeViewer|FirestormViewer
lumiya_decompiled_source/com/lumiyaviewer/lumiya/ui/chat/contacts/FriendListFragment.java,java,OK,,not-checked,SecondLifeViewer|FirestormViewer
lumiya_decompiled_source/com/lumiyaviewer/lumiya/ui/chat/contacts/GroupListFragment.java,java,OK,,not-checked,SecondLifeViewer|FirestormViewer
lumiya_decompiled_source/com/lumiyaviewer/lumiya/ui/chat/contacts/NearbyUsersFragment.java,java,OK,,not-checked,SecondLifeViewer|FirestormViewer
lumiya_decompiled_source/com/lumiyaviewer/lumiya/ui/chat/profiles/GroupMainProfileTab.java,java,OK,,not-checked,LibreMetaverse|SecondLifeViewer|FirestormViewer
lumiya_decompiled_source/com/lumiyaviewer/lumiya/ui/chat/profiles/GroupMemberRolesFragment.java,java,OK,,not-checked,LibreMetaverse|SecondLifeViewer|FirestormViewer
lumiya_decompiled_source/com/lumiyaviewer/lumiya/ui/chat/profiles/GroupMembersProfileTab.java,java,OK,,not-checked,LibreMetaverse|SecondLifeViewer|FirestormViewer
lumiya_decompiled_source/com/lumiyaviewer/lumiya/ui/chat/profiles/GroupProfileFragment.java,java,OK,,not-checked,LibreMetaverse|SecondLifeViewer|FirestormViewer
lumiya_decompiled_source/com/lumiyaviewer/lumiya/ui/chat/profiles/GroupRoleDetailsFragment.java,java,OK,,not-checked,LibreMetaverse|SecondLifeViewer|FirestormViewer
lumiya_decompiled_source/com/lumiyaviewer/lumiya/ui/chat/profiles/GroupRoleMembersFragment.java,java,OK,,not-checked,LibreMetaverse|SecondLifeViewer|FirestormViewer
lumiya_decompiled_source/com/lumiyaviewer/lumiya/ui/chat/profiles/GroupRolesProfileTab.java,java,OK,,not-checked,LibreMetaverse|SecondLifeViewer|FirestormViewer
lumiya_decompiled_source/com/lumiyaviewer/lumiya/ui/chat/profiles/ParcelPropertiesFragment.java,java,OK,,not-checked,LibreMetaverse|SecondLifeViewer|FirestormViewer
lumiya_decompiled_source/com/lumiyaviewer/lumiya/ui/chat/profiles/ParcelPropertiesFragment_ViewBinding.java,java,OK,,not-checked,SecondLifeViewer|FirestormViewer
lumiya_decompiled_source/com/lumiyaviewer/lumiya/ui/chat/profiles/PickDescriptionEditFragment.java,java,OK,,not-checked,LibreMetaverse|SecondLifeViewer|FirestormViewer
lumiya_decompiled_source/com/lumiyaviewer/lumiya/ui/chat/profiles/ProfileTextFieldEditFragment.java,java,OK,,not-checked,LibreMetaverse|SecondLifeViewer|FirestormViewer
lumiya_decompiled_source/com/lumiyaviewer/lumiya/ui/chat/profiles/UserAboutTextEditFragment.java,java,OK,,not-checked,LibreMetaverse|SecondLifeViewer|FirestormViewer
lumiya_decompiled_source/com/lumiyaviewer/lumiya/ui/chat/profiles/UserFirstLifeProfileTab.java,java,OK,,not-checked,LibreMetaverse|SecondLifeViewer|FirestormViewer
lumiya_decompiled_source/com/lumiyaviewer/lumiya/ui/chat/profiles/UserFirstLifeProfileTab_ViewBinding.java,java,OK,,not-checked,SecondLifeViewer|FirestormViewer
lumiya_decompiled_source/com/lumiyaviewer/lumiya/ui/chat/profiles/UserGroupsProfileTab.java,java,OK,,not-checked,LibreMetaverse|SecondLifeViewer|FirestormViewer
lumiya_decompiled_source/com/lumiyaviewer/lumiya/ui/chat/profiles/UserMainProfileTab.java,java,OK,,not-checked,LibreMetaverse|SecondLifeViewer|FirestormViewer
lumiya_decompiled_source/com/lumiyaviewer/lumiya/ui/chat/profiles/UserMainProfileTab_ViewBinding.java,java,OK,,not-checked,SecondLifeViewer|FirestormViewer
lumiya_decompiled_source/com/lumiyaviewer/lumiya/ui/chat/profiles/UserNotesEditFragment.java,java,OK,,not-checked,LibreMetaverse|SecondLifeViewer|FirestormViewer
lumiya_decompiled_source/com/lumiyaviewer/lumiya/ui/chat/profiles/UserPickFragment.java,java,OK,,not-checked,LibreMetaverse|SecondLifeViewer|FirestormViewer
lumiya_decompiled_source/com/lumiyaviewer/lumiya/ui/chat/profiles/UserPickFragment_ViewBinding.java,java,OK,,not-checked,SecondLifeViewer|FirestormViewer
lumiya_decompiled_source/com/lumiyaviewer/lumiya/ui/chat/profiles/UserPicksProfileTab.java,java,OK,,not-checked,LibreMetaverse|SecondLifeViewer|FirestormViewer
lumiya_decompiled_source/com/lumiyaviewer/lumiya/ui/chat/profiles/UserProfileFragment.java,java,OK,,not-checked,SecondLifeViewer|FirestormViewer
lumiya_decompiled_source/com/lumiyaviewer/lumiya/ui/common/ActivityUtils.java,java,OK,,not-checked,LibreMetaverse|SecondLifeViewer|FirestormViewer
lumiya_decompiled_source/com/lumiyaviewer/lumiya/ui/common/AgentRelated.java,java,OK,,not-checked,LibreMetaverse|SecondLifeViewer|FirestormViewer
lumiya_decompiled_source/com/lumiyaviewer/lumiya/ui/common/BackButtonHandler.java,java,OK,,not-checked,SecondLifeViewer|FirestormViewer
lumiya_decompiled_source/com/lumiyaviewer/lumiya/ui/common/ButteryProgressBar.java,java,OK,,not-checked,SecondLifeViewer|FirestormViewer
lumiya_decompiled_source/com/lumiyaviewer/lumiya/ui/common/ChatterFragment.java,java,OK,,not-checked,SecondLifeViewer|FirestormViewer
lumiya_decompiled_source/com/lumiyaviewer/lumiya/ui/common/ChatterNameDisplayer.java,java,OK,,not-checked,SecondLifeViewer|FirestormViewer
lumiya_decompiled_source/com/lumiyaviewer/lumiya/ui/common/ChatterReloadableFragment.java,java,OK,,not-checked,LibreMetaverse|SecondLifeViewer|FirestormViewer
lumiya_decompiled_source/com/lumiyaviewer/lumiya/ui/common/ConnectedActivity.java,java,OK,,not-checked,LibreMetaverse|SecondLifeViewer|FirestormViewer
lumiya_decompiled_source/com/lumiyaviewer/lumiya/ui/common/ConnectionFragment.java,java,OK,,not-checked,LibreMetaverse|SecondLifeViewer|FirestormViewer
lumiya_decompiled_source/com/lumiyaviewer/lumiya/ui/common/DetailsActivity.java,java,BROKEN,decompilation-stub|unsupported-operation,not-checked,SecondLifeViewer|FirestormViewer
lumiya_decompiled_source/com/lumiyaviewer/lumiya/ui/common/DismissableAdapter.java,java,OK,,not-checked,SecondLifeViewer|FirestormViewer
lumiya_decompiled_source/com/lumiyaviewer/lumiya/ui/common/FragmentActivityFactory.java,java,OK,,not-checked,SecondLifeViewer|FirestormViewer
lumiya_decompiled_source/com/lumiyaviewer/lumiya/ui/common/FragmentHasTitle.java,java,OK,,not-checked,SecondLifeViewer|FirestormViewer
lumiya_decompiled_source/com/lumiyaviewer/lumiya/ui/common/FragmentWithTitle.java,java,OK,,not-checked,SecondLifeViewer|FirestormViewer
lumiya_decompiled_source/com/lumiyaviewer/lumiya/ui/common/ImageAssetView.java,java,OK,,not-checked,SecondLifeViewer|FirestormViewer
lumiya_decompiled_source/com/lumiyaviewer/lumiya/ui/common/LinkMovementMethodSafe.java,java,OK,,not-checked,SecondLifeViewer|FirestormViewer
lumiya_decompiled_source/com/lumiyaviewer/lumiya/ui/common/LoadingLayout.java,java,OK,,not-checked,SecondLifeViewer|FirestormViewer
lumiya_decompiled_source/com/lumiyaviewer/lumiya/ui/common/MasterDetailsActivity.java,java,BROKEN,decompilation-stub|unsupported-operation,not-checked,LibreMetaverse|SecondLifeViewer|FirestormViewer
lumiya_decompiled_source/com/lumiyaviewer/lumiya/ui/common/NavDrawerActivityHelper.java,java,OK,,not-checked,SecondLifeViewer|FirestormViewer
lumiya_decompiled_source/com/lumiyaviewer/lumiya/ui/common/NavDrawerAdapter.java,java,OK,,not-checked,LibreMetaverse|SecondLifeViewer|FirestormViewer
lumiya_decompiled_source/com/lumiyaviewer/lumiya/ui/common/OnInterceptTouchEventListener.java,java,OK,,not-checked,SecondLifeViewer|FirestormViewer
lumiya_decompiled_source/com/lumiyaviewer/lumiya/ui/common/RecyclerSubscribableListAdapter.java,java,OK,,not-checked,SecondLifeViewer|FirestormViewer
lumiya_decompiled_source/com/lumiyaviewer/lumiya/ui/common/ReloadableFragment.java,java,OK,,not-checked,SecondLifeViewer|FirestormViewer
lumiya_decompiled_source/com/lumiyaviewer/lumiya/ui/common/SafeDrawerLayout.java,java,OK,,not-checked,SecondLifeViewer|FirestormViewer
lumiya_decompiled_source/com/lumiyaviewer/lumiya/ui/common/ScriptDialogHandler.java,java,OK,,not-checked,SecondLifeViewer|FirestormViewer
lumiya_decompiled_source/com/lumiyaviewer/lumiya/ui/common/StateAwareFragment.java,java,OK,,not-checked,SecondLifeViewer|FirestormViewer
lumiya_decompiled_source/com/lumiyaviewer/lumiya/ui/common/SwipeDismissAdvancedBehavior.java,java,OK,,not-checked,SecondLifeViewer|FirestormViewer
lumiya_decompiled_source/com/lumiyaviewer/lumiya/ui/common/SwipeDismissListViewTouchListener.java,java,OK,,not-checked,SecondLifeViewer|FirestormViewer
lumiya_decompiled_source/com/lumiyaviewer/lumiya/ui/common/SwipeDismissTouchListener.java,java,OK,,not-checked,SecondLifeViewer|FirestormViewer
lumiya_decompiled_source/com/lumiyaviewer/lumiya/ui/common/TeleportHomeDialog.java,java,OK,,not-checked,LibreMetaverse|SecondLifeViewer|FirestormViewer
lumiya_decompiled_source/com/lumiyaviewer/lumiya/ui/common/TeleportProgressDialog.java,java,OK,,not-checked,LibreMetaverse|SecondLifeViewer|FirestormViewer
lumiya_decompiled_source/com/lumiyaviewer/lumiya/ui/common/TextFieldDialogBuilder.java,java,OK,,not-checked,SecondLifeViewer|FirestormViewer
lumiya_decompiled_source/com/lumiyaviewer/lumiya/ui/common/TextFieldEditFragment.java,java,OK,,not-checked,LibreMetaverse|SecondLifeViewer|FirestormViewer
lumiya_decompiled_source/com/lumiyaviewer/lumiya/ui/common/ThemedActivity.java,java,OK,,not-checked,SecondLifeViewer|FirestormViewer
lumiya_decompiled_source/com/lumiyaviewer/lumiya/ui/common/UserFunctions.java,java,OK,,not-checked,SecondLifeViewer|FirestormViewer
lumiya_decompiled_source/com/lumiyaviewer/lumiya/ui/common/UserFunctionsFragment.java,java,OK,,not-checked,LibreMetaverse|SecondLifeViewer|FirestormViewer
lumiya_decompiled_source/com/lumiyaviewer/lumiya/ui/common/UserListFragment.java,java,OK,,not-checked,SecondLifeViewer|FirestormViewer
lumiya_decompiled_source/com/lumiyaviewer/lumiya/ui/common/loadmon/Loadable.java,java,OK,,not-checked,SecondLifeViewer|FirestormViewer
lumiya_decompiled_source/com/lumiyaviewer/lumiya/ui/common/loadmon/LoadableMonitor.java,java,OK,,not-checked,SecondLifeViewer|FirestormViewer
lumiya_decompiled_source/com/lumiyaviewer/lumiya/ui/grids/GridEditDialog.java,java,OK,,not-checked,SecondLifeViewer|FirestormViewer
lumiya_decompiled_source/com/lumiyaviewer/lumiya/ui/grids/GridList.java,java,OK,,not-checked,SecondLifeViewer|FirestormViewer
lumiya_decompiled_source/com/lumiyaviewer/lumiya/ui/grids/ManageGridsActivity.java,java,OK,,not-checked,SecondLifeViewer|FirestormViewer
lumiya_decompiled_source/com/lumiyaviewer/lumiya/ui/grids/ManageGridsActivity_ViewBinding.java,java,OK,,not-checked,SecondLifeViewer|FirestormViewer
lumiya_decompiled_source/com/lumiyaviewer/lumiya/ui/inventory/AssetInfoFragment.java,java,OK,,not-checked,LibreMetaverse|SecondLifeViewer|FirestormViewer
lumiya_decompiled_source/com/lumiyaviewer/lumiya/ui/inventory/InventoryActivity.java,java,OK,,not-checked,LibreMetaverse|SecondLifeViewer|FirestormViewer
lumiya_decompiled_source/com/lumiyaviewer/lumiya/ui/inventory/InventoryFolderAdapter.java,java,OK,,not-checked,LibreMetaverse|SecondLifeViewer|FirestormViewer
lumiya_decompiled_source/com/lumiyaviewer/lumiya/ui/inventory/InventoryFragment.java,java,OK,,not-checked,LibreMetaverse|SecondLifeViewer|FirestormViewer
lumiya_decompiled_source/com/lumiyaviewer/lumiya/ui/inventory/InventoryFragmentHelper.java,java,OK,,not-checked,LibreMetaverse|SecondLifeViewer|FirestormViewer
lumiya_decompiled_source/com/lumiyaviewer/lumiya/ui/inventory/InventoryListAdapter.java,java,OK,,not-checked,LibreMetaverse|SecondLifeViewer|FirestormViewer
lumiya_decompiled_source/com/lumiyaviewer/lumiya/ui/inventory/InventorySaveInfo.java,java,OK,,not-checked,LibreMetaverse|SecondLifeViewer|FirestormViewer
lumiya_decompiled_source/com/lumiyaviewer/lumiya/ui/inventory/InventorySortOrderChangedEvent.java,java,OK,,not-checked,LibreMetaverse|SecondLifeViewer|FirestormViewer
lumiya_decompiled_source/com/lumiyaviewer/lumiya/ui/inventory/NotecardEditActivity.java,java,OK,,not-checked,LibreMetaverse|SecondLifeViewer|FirestormViewer
lumiya_decompiled_source/com/lumiyaviewer/lumiya/ui/inventory/TextureViewFragment.java,java,OK,,not-checked,LibreMetaverse|SecondLifeViewer|FirestormViewer
lumiya_decompiled_source/com/lumiyaviewer/lumiya/ui/inventory/UploadImageAsyncTask.java,java,OK,,not-checked,LLSD|LibreMetaverse|SecondLifeViewer|FirestormViewer
lumiya_decompiled_source/com/lumiyaviewer/lumiya/ui/inventory/UploadImageParams.java,java,OK,,not-checked,LibreMetaverse|SecondLifeViewer|FirestormViewer
lumiya_decompiled_source/com/lumiyaviewer/lumiya/ui/login/LoginActivity.java,java,OK,,not-checked,LibreMetaverse|SecondLifeViewer|FirestormViewer
lumiya_decompiled_source/com/lumiyaviewer/lumiya/ui/login/LogoutDialog.java,java,OK,,not-checked,LibreMetaverse|SecondLifeViewer|FirestormViewer
lumiya_decompiled_source/com/lumiyaviewer/lumiya/ui/login/TOSActivity.java,java,OK,,not-checked,SecondLifeViewer|FirestormViewer
lumiya_decompiled_source/com/lumiyaviewer/lumiya/ui/login/TeleportSLURLActivity.java,java,OK,,not-checked,LibreMetaverse|SecondLifeViewer|FirestormViewer
lumiya_decompiled_source/com/lumiyaviewer/lumiya/ui/login/WhatsNewActivity.java,java,OK,,not-checked,SecondLifeViewer|FirestormViewer
lumiya_decompiled_source/com/lumiyaviewer/lumiya/ui/media/NotificationSounds.java,java,OK,,not-checked,SecondLifeViewer|FirestormViewer
lumiya_decompiled_source/com/lumiyaviewer/lumiya/ui/media/StreamingMediaActivity.java,java,OK,,not-checked,SecondLifeViewer|FirestormViewer
lumiya_decompiled_source/com/lumiyaviewer/lumiya/ui/minimap/MinimapActivity.java,java,OK,,not-checked,SecondLifeViewer|FirestormViewer
lumiya_decompiled_source/com/lumiyaviewer/lumiya/ui/minimap/MinimapActivity_ViewBinding.java,java,OK,,not-checked,SecondLifeViewer|FirestormViewer
lumiya_decompiled_source/com/lumiyaviewer/lumiya/ui/minimap/MinimapFragment.java,java,OK,,not-checked,SecondLifeViewer|FirestormViewer
lumiya_decompiled_source/com/lumiyaviewer/lumiya/ui/minimap/MinimapView.java,java,OK,,not-checked,SecondLifeViewer|FirestormViewer
lumiya_decompiled_source/com/lumiyaviewer/lumiya/ui/minimap/NearbyPeopleMinimapFragment.java,java,OK,,not-checked,SecondLifeViewer|FirestormViewer
lumiya_decompiled_source/com/lumiyaviewer/lumiya/ui/minimap/NearbyPeopleMinimapFragment_ViewBinding.java,java,OK,,not-checked,SecondLifeViewer|FirestormViewer
lumiya_decompiled_source/com/lumiyaviewer/lumiya/ui/myava/AvatarPickerForMute.java,java,OK,,not-checked,LibreMetaverse|SecondLifeViewer|FirestormViewer
lumiya_decompiled_source/com/lumiyaviewer/lumiya/ui/myava/MuteListAdapter.java,java,OK,,not-checked,SecondLifeViewer|FirestormViewer
lumiya_decompiled_source/com/lumiyaviewer/lumiya/ui/myava/MuteListFragment.java,java,OK,,not-checked,LibreMetaverse|SecondLifeViewer|FirestormViewer
lumiya_decompiled_source/com/lumiyaviewer/lumiya/ui/myava/MuteListFragment_ViewBinding.java,java,OK,,not-checked,SecondLifeViewer|FirestormViewer
lumiya_decompiled_source/com/lumiyaviewer/lumiya/ui/myava/MyAvatarActivity.java,java,OK,,not-checked,LibreMetaverse|SecondLifeViewer|FirestormViewer
lumiya_decompiled_source/com/lumiyaviewer/lumiya/ui/myava/MyAvatarDetailsPages.java,java,OK,,not-checked,LibreMetaverse|SecondLifeViewer|FirestormViewer
lumiya_decompiled_source/com/lumiyaviewer/lumiya/ui/myava/MyAvatarFragment.java,java,OK,,not-checked,LibreMetaverse|SecondLifeViewer|FirestormViewer
lumiya_decompiled_source/com/lumiyaviewer/lumiya/ui/myava/MyAvatarFragment_ViewBinding.java,java,OK,,not-checked,LibreMetaverse|SecondLifeViewer|FirestormViewer
lumiya_decompiled_source/com/lumiyaviewer/lumiya/ui/myava/MyProfileFragment.java,java,OK,,not-checked,SecondLifeViewer|FirestormViewer
lumiya_decompiled_source/com/lumiyaviewer/lumiya/ui/myava/TransactionLogAdapter.java,java,OK,,not-checked,SecondLifeViewer|FirestormViewer
lumiya_decompiled_source/com/lumiyaviewer/lumiya/ui/myava/TransactionLogFragment.java,java,OK,,not-checked,SecondLifeViewer|FirestormViewer
lumiya_decompiled_source/com/lumiyaviewer/lumiya/ui/myava/TransactionLogFragment_ViewBinding.java,java,OK,,not-checked,SecondLifeViewer|FirestormViewer
lumiya_decompiled_source/com/lumiyaviewer/lumiya/ui/notify/DummyNotificationChannelManager.java,java,OK,,not-checked,SecondLifeViewer|FirestormViewer
lumiya_decompiled_source/com/lumiyaviewer/lumiya/ui/notify/NotificationChannelManager.java,java,OK,,not-checked,SecondLifeViewer|FirestormViewer
lumiya_decompiled_source/com/lumiyaviewer/lumiya/ui/notify/NotificationChannels.java,java,OK,,not-checked,SecondLifeViewer|FirestormViewer
lumiya_decompiled_source/com/lumiyaviewer/lumiya/ui/notify/OnlineNotificationInfo.java,java,BROKEN,decompilation-stub|unsupported-operation,not-checked,LibreMetaverse|SecondLifeViewer|FirestormViewer
lumiya_decompiled_source/com/lumiyaviewer/lumiya/ui/notify/OreoNotificationChannelManager.java,java,OK,,not-checked,SecondLifeViewer|FirestormViewer
lumiya_decompiled_source/com/lumiyaviewer/lumiya/ui/objects/ObjectDerezDialog.java,java,OK,,not-checked,LibreMetaverse|SecondLifeViewer|FirestormViewer
lumiya_decompiled_source/com/lumiyaviewer/lumiya/ui/objects/ObjectDetailsFragment.java,java,OK,,not-checked,LibreMetaverse|SecondLifeViewer|FirestormViewer
lumiya_decompiled_source/com/lumiyaviewer/lumiya/ui/objects/ObjectListAdapter.java,java,OK,,not-checked,LibreMetaverse|SecondLifeViewer|FirestormViewer
lumiya_decompiled_source/com/lumiyaviewer/lumiya/ui/objects/ObjectListNewActivity.java,java,OK,,not-checked,LibreMetaverse|SecondLifeViewer|FirestormViewer
lumiya_decompiled_source/com/lumiyaviewer/lumiya/ui/objects/ObjectPayDialog.java,java,OK,,not-checked,LibreMetaverse|SecondLifeViewer|FirestormViewer
lumiya_decompiled_source/com/lumiyaviewer/lumiya/ui/objects/ObjectSelectorFragment.java,java,OK,,not-checked,LibreMetaverse|SecondLifeViewer|FirestormViewer
lumiya_decompiled_source/com/lumiyaviewer/lumiya/ui/objects/TaskInventoryFragment.java,java,OK,,not-checked,LibreMetaverse|SecondLifeViewer|FirestormViewer
lumiya_decompiled_source/com/lumiyaviewer/lumiya/ui/objects/TaskInventoryListAdapter.java,java,OK,,not-checked,LibreMetaverse|SecondLifeViewer|FirestormViewer
lumiya_decompiled_source/com/lumiyaviewer/lumiya/ui/objects/TouchableObjectListAdapter.java,java,OK,,not-checked,SecondLifeViewer|FirestormViewer
lumiya_decompiled_source/com/lumiyaviewer/lumiya/ui/objects/TouchableObjectsFragment.java,java,OK,,not-checked,LibreMetaverse|SecondLifeViewer|FirestormViewer
lumiya_decompiled_source/com/lumiyaviewer/lumiya/ui/objpopup/ObjectPopupsActionProvider.java,java,OK,,not-checked,SecondLifeViewer|FirestormViewer
lumiya_decompiled_source/com/lumiyaviewer/lumiya/ui/objpopup/ObjectPopupsAdapter.java,java,OK,,not-checked,SecondLifeViewer|FirestormViewer
lumiya_decompiled_source/com/lumiyaviewer/lumiya/ui/objpopup/ObjectPopupsFragment.java,java,OK,,not-checked,SecondLifeViewer|FirestormViewer
lumiya_decompiled_source/com/lumiyaviewer/lumiya/ui/objpopup/SingleObjectPopupFragment.java,java,OK,,not-checked,SecondLifeViewer|FirestormViewer
lumiya_decompiled_source/com/lumiyaviewer/lumiya/ui/outfits/CurrentOutfitAdapter.java,java,OK,,not-checked,LibreMetaverse|SecondLifeViewer|FirestormViewer
lumiya_decompiled_source/com/lumiyaviewer/lumiya/ui/outfits/CurrentOutfitFragment.java,java,OK,,not-checked,LibreMetaverse|SecondLifeViewer|FirestormViewer
lumiya_decompiled_source/com/lumiyaviewer/lumiya/ui/outfits/OutfitsFragment.java,java,OK,,not-checked,LibreMetaverse|SecondLifeViewer|FirestormViewer
lumiya_decompiled_source/com/lumiyaviewer/lumiya/ui/render/CardboardActivity.java,java,OK,,not-checked,LibreMetaverse|SecondLifeViewer|FirestormViewer
lumiya_decompiled_source/com/lumiyaviewer/lumiya/ui/render/CardboardActivity_ViewBinding.java,java,OK,,not-checked,SecondLifeViewer|FirestormViewer
lumiya_decompiled_source/com/lumiyaviewer/lumiya/ui/render/CardboardControlsPlaceholder.java,java,OK,,not-checked,SecondLifeViewer|FirestormViewer
lumiya_decompiled_source/com/lumiyaviewer/lumiya/ui/render/CardboardTransitionActivity.java,java,OK,,not-checked,LibreMetaverse|SecondLifeViewer|FirestormViewer
lumiya_decompiled_source/com/lumiyaviewer/lumiya/ui/render/ChatEventOverlay.java,java,OK,,not-checked,SecondLifeViewer|FirestormViewer
lumiya_decompiled_source/com/lumiyaviewer/lumiya/ui/render/FadingTextViewLog.java,java,OK,,not-checked,SecondLifeViewer|FirestormViewer
lumiya_decompiled_source/com/lumiyaviewer/lumiya/ui/render/InsetColoringLayout.java,java,OK,,not-checked,SecondLifeViewer|FirestormViewer
lumiya_decompiled_source/com/lumiyaviewer/lumiya/ui/render/MoveControl.java,java,OK,,not-checked,SecondLifeViewer|FirestormViewer
lumiya_decompiled_source/com/lumiyaviewer/lumiya/ui/render/OnHoverListenerCompat.java,java,OK,,not-checked,SecondLifeViewer|FirestormViewer
lumiya_decompiled_source/com/lumiyaviewer/lumiya/ui/render/RenderSettings.java,java,OK,,not-checked,LibreMetaverse|SecondLifeViewer|FirestormViewer
lumiya_decompiled_source/com/lumiyaviewer/lumiya/ui/render/WorldSurfaceView.java,java,OK,,not-checked,LibreMetaverse|SecondLifeViewer|FirestormViewer
lumiya_decompiled_source/com/lumiyaviewer/lumiya/ui/render/WorldViewActivity.java,java,OK,,not-checked,LibreMetaverse|SecondLifeViewer|FirestormViewer
lumiya_decompiled_source/com/lumiyaviewer/lumiya/ui/render/WorldViewActivity_ViewBinding.java,java,OK,,not-checked,SecondLifeViewer|FirestormViewer
lumiya_decompiled_source/com/lumiyaviewer/lumiya/ui/search/ParcelInfoFragment.java,java,OK,,not-checked,LibreMetaverse|SecondLifeViewer|FirestormViewer
lumiya_decompiled_source/com/lumiyaviewer/lumiya/ui/search/ParcelInfoFragment_ViewBinding.java,java,OK,,not-checked,SecondLifeViewer|FirestormViewer
lumiya_decompiled_source/com/lumiyaviewer/lumiya/ui/search/SearchGridActivity.java,java,OK,,not-checked,LibreMetaverse|SecondLifeViewer|FirestormViewer
lumiya_decompiled_source/com/lumiyaviewer/lumiya/ui/search/SearchGridAdapter.java,java,OK,,not-checked,SecondLifeViewer|FirestormViewer
lumiya_decompiled_source/com/lumiyaviewer/lumiya/ui/search/SearchGridFragment.java,java,OK,,not-checked,SecondLifeViewer|FirestormViewer
lumiya_decompiled_source/com/lumiyaviewer/lumiya/ui/search/SearchGridFragment_ViewBinding.java,java,OK,,not-checked,SecondLifeViewer|FirestormViewer
lumiya_decompiled_source/com/lumiyaviewer/lumiya/ui/settings/CacheLocationPreference.java,java,OK,,not-checked,SecondLifeViewer|FirestormViewer
lumiya_decompiled_source/com/lumiyaviewer/lumiya/ui/settings/ClearCachePreference.java,java,OK,,not-checked,SecondLifeViewer|FirestormViewer
lumiya_decompiled_source/com/lumiyaviewer/lumiya/ui/settings/FriendlyEditTextPreference.java,java,OK,,not-checked,SecondLifeViewer|FirestormViewer
lumiya_decompiled_source/com/lumiyaviewer/lumiya/ui/settings/GoogleDriveSyncPreference.java,java,OK,,not-checked,SecondLifeViewer|FirestormViewer
lumiya_decompiled_source/com/lumiyaviewer/lumiya/ui/settings/NotificationSettings.java,java,OK,,not-checked,SecondLifeViewer|FirestormViewer
lumiya_decompiled_source/com/lumiyaviewer/lumiya/ui/settings/NotificationType.java,java,OK,,not-checked,SecondLifeViewer|FirestormViewer
lumiya_decompiled_source/com/lumiyaviewer/lumiya/ui/settings/PreferenceSubPage.java,java,OK,,not-checked,SecondLifeViewer|FirestormViewer
lumiya_decompiled_source/com/lumiyaviewer/lumiya/ui/settings/RingtonePreference.java,java,OK,,not-checked,SecondLifeViewer|FirestormViewer
lumiya_decompiled_source/com/lumiyaviewer/lumiya/ui/settings/SettingsActivity.java,java,OK,,not-checked,SecondLifeViewer|FirestormViewer
lumiya_decompiled_source/com/lumiyaviewer/lumiya/ui/settings/SettingsFragment.java,java,OK,,not-checked,SecondLifeViewer|FirestormViewer
lumiya_decompiled_source/com/lumiyaviewer/lumiya/ui/settings/SettingsPage.java,java,OK,,not-checked,SecondLifeViewer|FirestormViewer
lumiya_decompiled_source/com/lumiyaviewer/lumiya/ui/settings/SettingsSelectionFragment.java,java,OK,,not-checked,SecondLifeViewer|FirestormViewer
lumiya_decompiled_source/com/lumiyaviewer/lumiya/ui/settings/SettingsSubPageFragment.java,java,OK,,not-checked,SecondLifeViewer|FirestormViewer
lumiya_decompiled_source/com/lumiyaviewer/lumiya/ui/settings/ThemeChangedEvent.java,java,OK,,not-checked,SecondLifeViewer|FirestormViewer
lumiya_decompiled_source/com/lumiyaviewer/lumiya/ui/settings/VoiceEnablePreference.java,java,OK,,not-checked,LLSD|LibreMetaverse|SecondLifeViewer|FirestormViewer
lumiya_decompiled_source/com/lumiyaviewer/lumiya/ui/voice/VoiceStatusView.java,java,OK,,not-checked,SecondLifeViewer|FirestormViewer
lumiya_decompiled_source/com/lumiyaviewer/lumiya/ui/voice/VoiceStatusView_ViewBinding.java,java,OK,,not-checked,SecondLifeViewer|FirestormViewer
lumiya_decompiled_source/com/lumiyaviewer/lumiya/utils/AbstractFilter.java,java,OK,,not-checked,SecondLifeViewer|FirestormViewer
lumiya_decompiled_source/com/lumiyaviewer/lumiya/utils/BitBuffer.java,java,OK,,not-checked,SecondLifeViewer|FirestormViewer
lumiya_decompiled_source/com/lumiyaviewer/lumiya/utils/CreateFailureException.java,java,OK,,not-checked,SecondLifeViewer|FirestormViewer
lumiya_decompiled_source/com/lumiyaviewer/lumiya/utils/FileUtils.java,java,OK,,not-checked,SecondLifeViewer|FirestormViewer
lumiya_decompiled_source/com/lumiyaviewer/lumiya/utils/HasList.java,java,OK,,not-checked,SecondLifeViewer|FirestormViewer
lumiya_decompiled_source/com/lumiyaviewer/lumiya/utils/HasPriority.java,java,OK,,not-checked,SecondLifeViewer|FirestormViewer
lumiya_decompiled_source/com/lumiyaviewer/lumiya/utils/HashUtils.java,java,OK,,not-checked,SecondLifeViewer|FirestormViewer
lumiya_decompiled_source/com/lumiyaviewer/lumiya/utils/Identifiable.java,java,OK,,not-checked,SecondLifeViewer|FirestormViewer
lumiya_decompiled_source/com/lumiyaviewer/lumiya/utils/IdentityMatrix.java,java,OK,,not-checked,SecondLifeViewer|FirestormViewer
lumiya_decompiled_source/com/lumiyaviewer/lumiya/utils/InlineList.java,java,OK,,not-checked,SecondLifeViewer|FirestormViewer
lumiya_decompiled_source/com/lumiyaviewer/lumiya/utils/InlineListEntry.java,java,OK,,not-checked,SecondLifeViewer|FirestormViewer
lumiya_decompiled_source/com/lumiyaviewer/lumiya/utils/InternPool.java,java,OK,,not-checked,SecondLifeViewer|FirestormViewer
lumiya_decompiled_source/com/lumiyaviewer/lumiya/utils/LEDAction.java,java,OK,,not-checked,SecondLifeViewer|FirestormViewer
lumiya_decompiled_source/com/lumiyaviewer/lumiya/utils/LevensteinDistance.java,java,OK,,not-checked,SecondLifeViewer|FirestormViewer
lumiya_decompiled_source/com/lumiyaviewer/lumiya/utils/LinkedTreeNode.java,java,FIXED,unsupported-operation,not-checked,SecondLifeViewer|FirestormViewer
lumiya_decompiled_source/com/lumiyaviewer/lumiya/utils/LittleEndianDataInputStream.java,java,OK,,not-checked,SecondLifeViewer|FirestormViewer
lumiya_decompiled_source/com/lumiyaviewer/lumiya/utils/PriorityBinQueue.java,java,BROKEN,decompilation-stub|unsupported-operation,not-checked,SecondLifeViewer|FirestormViewer
lumiya_decompiled_source/com/lumiyaviewer/lumiya/utils/PriorityExecutorService.java,java,OK,,not-checked,SecondLifeViewer|FirestormViewer
lumiya_decompiled_source/com/lumiyaviewer/lumiya/utils/SimpleStringParser.java,java,OK,,not-checked,SecondLifeViewer|FirestormViewer
lumiya_decompiled_source/com/lumiyaviewer/lumiya/utils/StringUtils.java,java,OK,,not-checked,SecondLifeViewer|FirestormViewer
lumiya_decompiled_source/com/lumiyaviewer/lumiya/utils/UUIDPool.java,java,OK,,not-checked,SecondLifeViewer|FirestormViewer
lumiya_decompiled_source/com/lumiyaviewer/lumiya/utils/reqset/RequestCompleteListener.java,java,OK,,not-checked,SecondLifeViewer|FirestormViewer
lumiya_decompiled_source/com/lumiyaviewer/lumiya/utils/reqset/RequestListener.java,java,OK,,not-checked,SecondLifeViewer|FirestormViewer
lumiya_decompiled_source/com/lumiyaviewer/lumiya/utils/reqset/WeakPriorityRequestSet.java,java,OK,,not-checked,SecondLifeViewer|FirestormViewer
lumiya_decompiled_source/com/lumiyaviewer/lumiya/utils/reqset/WeakRequestSet.java,java,BROKEN,decompilation-stub|unsupported-operation,not-checked,SecondLifeViewer|FirestormViewer
lumiya_decompiled_source/com/lumiyaviewer/lumiya/utils/wlist/ChunkedList.java,java,OK,,not-checked,SecondLifeViewer|FirestormViewer
lumiya_decompiled_source/com/lumiyaviewer/lumiya/utils/wlist/ChunkedListLoader.java,java,BROKEN,decompilation-stub|unsupported-operation,not-checked,SecondLifeViewer|FirestormViewer
lumiya_decompiled_source/com/lumiyaviewer/lumiya/voice/common/BuildConfig.java,java,OK,,not-checked,SecondLifeViewer|FirestormViewer
lumiya_decompiled_source/com/lumiyaviewer/lumiya/voice/common/R.java,java,OK,,not-checked,SecondLifeViewer|FirestormViewer
lumiya_decompiled_source/com/lumiyaviewer/lumiya/voice/common/VoicePluginMessage.java,java,OK,,not-checked,SecondLifeViewer|FirestormViewer
lumiya_decompiled_source/com/lumiyaviewer/lumiya/voice/common/VoicePluginMessageType.java,java,OK,,not-checked,SecondLifeViewer|FirestormViewer
lumiya_decompiled_source/com/lumiyaviewer/lumiya/voice/common/VoicePluginMessenger.java,java,OK,,not-checked,SecondLifeViewer|FirestormViewer
lumiya_decompiled_source/com/lumiyaviewer/lumiya/voice/common/messages/VoiceAcceptCall.java,java,OK,,not-checked,SecondLifeViewer|FirestormViewer
lumiya_decompiled_source/com/lumiyaviewer/lumiya/voice/common/messages/VoiceAudioProperties.java,java,OK,,not-checked,SecondLifeViewer|FirestormViewer
lumiya_decompiled_source/com/lumiyaviewer/lumiya/voice/common/messages/VoiceChannelClosed.java,java,OK,,not-checked,SecondLifeViewer|FirestormViewer
lumiya_decompiled_source/com/lumiyaviewer/lumiya/voice/common/messages/VoiceChannelStatus.java,java,OK,,not-checked,SecondLifeViewer|FirestormViewer
lumiya_decompiled_source/com/lumiyaviewer/lumiya/voice/common/messages/VoiceConnectChannel.java,java,OK,,not-checked,SecondLifeViewer|FirestormViewer
lumiya_decompiled_source/com/lumiyaviewer/lumiya/voice/common/messages/VoiceEnableMic.java,java,OK,,not-checked,SecondLifeViewer|FirestormViewer
lumiya_decompiled_source/com/lumiyaviewer/lumiya/voice/common/messages/VoiceInitialize.java,java,OK,,not-checked,SecondLifeViewer|FirestormViewer
lumiya_decompiled_source/com/lumiyaviewer/lumiya/voice/common/messages/VoiceInitializeReply.java,java,OK,,not-checked,SecondLifeViewer|FirestormViewer
lumiya_decompiled_source/com/lumiyaviewer/lumiya/voice/common/messages/VoiceLogin.java,java,OK,,not-checked,SecondLifeViewer|FirestormViewer
lumiya_decompiled_source/com/lumiyaviewer/lumiya/voice/common/messages/VoiceLoginStatus.java,java,OK,,not-checked,SecondLifeViewer|FirestormViewer
lumiya_decompiled_source/com/lumiyaviewer/lumiya/voice/common/messages/VoiceLogout.java,java,OK,,not-checked,SecondLifeViewer|FirestormViewer
lumiya_decompiled_source/com/lumiyaviewer/lumiya/voice/common/messages/VoiceRejectCall.java,java,OK,,not-checked,SecondLifeViewer|FirestormViewer
lumiya_decompiled_source/com/lumiyaviewer/lumiya/voice/common/messages/VoiceRinging.java,java,OK,,not-checked,SecondLifeViewer|FirestormViewer
lumiya_decompiled_source/com/lumiyaviewer/lumiya/voice/common/messages/VoiceSet3DPosition.java,java,OK,,not-checked,SecondLifeViewer|FirestormViewer
lumiya_decompiled_source/com/lumiyaviewer/lumiya/voice/common/messages/VoiceSetAudioProperties.java,java,OK,,not-checked,SecondLifeViewer|FirestormViewer
lumiya_decompiled_source/com/lumiyaviewer/lumiya/voice/common/messages/VoiceTerminateCall.java,java,OK,,not-checked,SecondLifeViewer|FirestormViewer
lumiya_decompiled_source/com/lumiyaviewer/lumiya/voice/common/model/Voice3DPosition.java,java,OK,,not-checked,SecondLifeViewer|FirestormViewer
lumiya_decompiled_source/com/lumiyaviewer/lumiya/voice/common/model/Voice3DVector.java,java,OK,,not-checked,SecondLifeViewer|FirestormViewer
lumiya_decompiled_source/com/lumiyaviewer/lumiya/voice/common/model/VoiceAudioDevice.java,java,OK,,not-checked,SecondLifeViewer|FirestormViewer
lumiya_decompiled_source/com/lumiyaviewer/lumiya/voice/common/model/VoiceBluetoothState.java,java,OK,,not-checked,SecondLifeViewer|FirestormViewer
lumiya_decompiled_source/com/lumiyaviewer/lumiya/voice/common/model/VoiceChannelInfo.java,java,OK,,not-checked,SecondLifeViewer|FirestormViewer
lumiya_decompiled_source/com/lumiyaviewer/lumiya/voice/common/model/VoiceChatInfo.java,java,OK,,not-checked,SecondLifeViewer|FirestormViewer
lumiya_decompiled_source/com/lumiyaviewer/lumiya/voice/common/model/VoiceLoginInfo.java,java,OK,,not-checked,SecondLifeViewer|FirestormViewer
lumiya_decompiled_source/com/lumiyaviewer/lumiya/voiceintf/VoicePluginServiceConnection.java,java,BROKEN,decompilation-stub|unsupported-operation,not-checked,LibreMetaverse|SecondLifeViewer|FirestormViewer
lumiya_decompiled_source/com/lumiyaviewer/rawbuffers/BuildConfig.java,java,OK,,not-checked,SecondLifeViewer|FirestormViewer
lumiya_decompiled_source/com/lumiyaviewer/rawbuffers/DirectByteBuffer.java,java,OK,,not-checked,SecondLifeViewer|FirestormViewer
lumiya_decompiled_source/com/lumiyaviewer/rawbuffers/R.java,java,OK,,not-checked,SecondLifeViewer|FirestormViewer
lumiya_decompiled_source/com/nineoldandroids/animation/Animator.java,java,OK,,not-checked,SecondLifeViewer|FirestormViewer
lumiya_decompiled_source/com/nineoldandroids/animation/AnimatorInflater.java,java,BROKEN,decompilation-stub|unsupported-operation,not-checked,SecondLifeViewer|FirestormViewer
lumiya_decompiled_source/com/nineoldandroids/animation/AnimatorListenerAdapter.java,java,OK,,not-checked,SecondLifeViewer|FirestormViewer
lumiya_decompiled_source/com/nineoldandroids/animation/AnimatorSet.java,java,OK,,not-checked,SecondLifeViewer|FirestormViewer
lumiya_decompiled_source/com/nineoldandroids/animation/ArgbEvaluator.java,java,OK,,not-checked,SecondLifeViewer|FirestormViewer
lumiya_decompiled_source/com/nineoldandroids/animation/FloatEvaluator.java,java,OK,,not-checked,SecondLifeViewer|FirestormViewer
lumiya_decompiled_source/com/nineoldandroids/animation/FloatKeyframeSet.java,java,OK,,not-checked,SecondLifeViewer|FirestormViewer
lumiya_decompiled_source/com/nineoldandroids/animation/IntEvaluator.java,java,OK,,not-checked,SecondLifeViewer|FirestormViewer
lumiya_decompiled_source/com/nineoldandroids/animation/IntKeyframeSet.java,java,OK,,not-checked,SecondLifeViewer|FirestormViewer
lumiya_decompiled_source/com/nineoldandroids/animation/Keyframe.java,java,OK,,not-checked,SecondLifeViewer|FirestormViewer
lumiya_decompiled_source/com/nineoldandroids/animation/KeyframeSet.java,java,OK,,not-checked,SecondLifeViewer|FirestormViewer
lumiya_decompiled_source/com/nineoldandroids/animation/ObjectAnimator.java,java,OK,,not-checked,SecondLifeViewer|FirestormViewer
lumiya_decompiled_source/com/nineoldandroids/animation/PreHoneycombCompat.java,java,OK,,not-checked,SecondLifeViewer|FirestormViewer
lumiya_decompiled_source/com/nineoldandroids/animation/PropertyValuesHolder.java,java,OK,,not-checked,SecondLifeViewer|FirestormViewer
lumiya_decompiled_source/com/nineoldandroids/animation/TimeAnimator.java,java,OK,,not-checked,SecondLifeViewer|FirestormViewer
lumiya_decompiled_source/com/nineoldandroids/animation/TypeEvaluator.java,java,OK,,not-checked,SecondLifeViewer|FirestormViewer
lumiya_decompiled_source/com/nineoldandroids/animation/ValueAnimator.java,java,OK,,not-checked,SecondLifeViewer|FirestormViewer
lumiya_decompiled_source/com/nineoldandroids/util/FloatProperty.java,java,OK,,not-checked,SecondLifeViewer|FirestormViewer
lumiya_decompiled_source/com/nineoldandroids/util/IntProperty.java,java,OK,,not-checked,SecondLifeViewer|FirestormViewer
lumiya_decompiled_source/com/nineoldandroids/util/NoSuchPropertyException.java,java,OK,,not-checked,SecondLifeViewer|FirestormViewer
lumiya_decompiled_source/com/nineoldandroids/util/Property.java,java,FIXED,unsupported-operation,not-checked,SecondLifeViewer|FirestormViewer
lumiya_decompiled_source/com/nineoldandroids/util/ReflectiveProperty.java,java,FIXED,unsupported-operation,not-checked,SecondLifeViewer|FirestormViewer
lumiya_decompiled_source/com/nineoldandroids/view/ViewHelper.java,java,OK,,not-checked,SecondLifeViewer|FirestormViewer
lumiya_decompiled_source/com/nineoldandroids/view/ViewPropertyAnimator.java,java,OK,,not-checked,SecondLifeViewer|FirestormViewer
lumiya_decompiled_source/com/nineoldandroids/view/ViewPropertyAnimatorHC.java,java,OK,,not-checked,SecondLifeViewer|FirestormViewer
lumiya_decompiled_source/com/nineoldandroids/view/ViewPropertyAnimatorICS.java,java,OK,,not-checked,SecondLifeViewer|FirestormViewer
lumiya_decompiled_source/com/nineoldandroids/view/ViewPropertyAnimatorPreHC.java,java,OK,,not-checked,SecondLifeViewer|FirestormViewer
lumiya_decompiled_source/com/nineoldandroids/view/animation/AnimatorProxy.java,java,OK,,not-checked,SecondLifeViewer|FirestormViewer
lumiya_decompiled_source/de/greenrobot/dao/AbstractDao.java,java,OK,,not-checked,SecondLifeViewer|FirestormViewer
lumiya_decompiled_source/de/greenrobot/dao/AbstractDaoMaster.java,java,OK,,not-checked,SecondLifeViewer|FirestormViewer
lumiya_decompiled_source/de/greenrobot/dao/AbstractDaoSession.java,java,OK,,not-checked,SecondLifeViewer|FirestormViewer
lumiya_decompiled_source/de/greenrobot/dao/BuildConfig.java,java,OK,,not-checked,SecondLifeViewer|FirestormViewer
lumiya_decompiled_source/de/greenrobot/dao/DaoException.java,java,OK,,not-checked,SecondLifeViewer|FirestormViewer
lumiya_decompiled_source/de/greenrobot/dao/DaoLog.java,java,OK,,not-checked,SecondLifeViewer|FirestormViewer
lumiya_decompiled_source/de/greenrobot/dao/DbUtils.java,java,OK,,not-checked,SecondLifeViewer|FirestormViewer
lumiya_decompiled_source/de/greenrobot/dao/InternalQueryDaoAccess.java,java,OK,,not-checked,SecondLifeViewer|FirestormViewer
lumiya_decompiled_source/de/greenrobot/dao/InternalQueryDaoAccess.kt,kt,OK,,not-checked,SecondLifeViewer|FirestormViewer
lumiya_decompiled_source/de/greenrobot/dao/InternalUnitTestDaoAccess.java,java,OK,,not-checked,SecondLifeViewer|FirestormViewer
lumiya_decompiled_source/de/greenrobot/dao/Property.java,java,OK,,not-checked,SecondLifeViewer|FirestormViewer
lumiya_decompiled_source/de/greenrobot/dao/R.java,java,OK,,not-checked,SecondLifeViewer|FirestormViewer
lumiya_decompiled_source/de/greenrobot/dao/async/AsyncDaoException.java,java,OK,,not-checked,SecondLifeViewer|FirestormViewer
lumiya_decompiled_source/de/greenrobot/dao/async/AsyncOperation.java,java,OK,,not-checked,SecondLifeViewer|FirestormViewer
lumiya_decompiled_source/de/greenrobot/dao/async/AsyncOperationExecutor.java,java,BROKEN,decompilation-stub|unsupported-operation,not-checked,SecondLifeViewer|FirestormViewer
lumiya_decompiled_source/de/greenrobot/dao/async/AsyncOperationListener.java,java,OK,,not-checked,SecondLifeViewer|FirestormViewer
lumiya_decompiled_source/de/greenrobot/dao/async/AsyncSession.java,java,OK,,not-checked,SecondLifeViewer|FirestormViewer
lumiya_decompiled_source/de/greenrobot/dao/identityscope/IdentityScope.java,java,OK,,not-checked,SecondLifeViewer|FirestormViewer
lumiya_decompiled_source/de/greenrobot/dao/identityscope/IdentityScopeLong.java,java,OK,,not-checked,SecondLifeViewer|FirestormViewer
lumiya_decompiled_source/de/greenrobot/dao/identityscope/IdentityScopeObject.java,java,OK,,not-checked,SecondLifeViewer|FirestormViewer
lumiya_decompiled_source/de/greenrobot/dao/identityscope/IdentityScopeType.java,java,OK,,not-checked,SecondLifeViewer|FirestormViewer
lumiya_decompiled_source/de/greenrobot/dao/identityscope/IdentityScopeType.kt,kt,OK,,not-checked,SecondLifeViewer|FirestormViewer
lumiya_decompiled_source/de/greenrobot/dao/internal/DaoConfig.java,java,OK,,not-checked,SecondLifeViewer|FirestormViewer
lumiya_decompiled_source/de/greenrobot/dao/internal/FastCursor.java,java,FIXED,unsupported-operation,not-checked,SecondLifeViewer|FirestormViewer
lumiya_decompiled_source/de/greenrobot/dao/internal/LongHashMap.java,java,OK,,not-checked,SecondLifeViewer|FirestormViewer
lumiya_decompiled_source/de/greenrobot/dao/internal/SqlUtils.java,java,OK,,not-checked,SecondLifeViewer|FirestormViewer
lumiya_decompiled_source/de/greenrobot/dao/internal/TableStatements.java,java,OK,,not-checked,SecondLifeViewer|FirestormViewer
lumiya_decompiled_source/de/greenrobot/dao/query/AbstractQuery.java,java,OK,,not-checked,SecondLifeViewer|FirestormViewer
lumiya_decompiled_source/de/greenrobot/dao/query/AbstractQueryData.java,java,OK,,not-checked,SecondLifeViewer|FirestormViewer
lumiya_decompiled_source/de/greenrobot/dao/query/CloseableListIterator.java,java,OK,,not-checked,SecondLifeViewer|FirestormViewer
lumiya_decompiled_source/de/greenrobot/dao/query/CountQuery.java,java,OK,,not-checked,SecondLifeViewer|FirestormViewer
lumiya_decompiled_source/de/greenrobot/dao/query/DeleteQuery.java,java,OK,,not-checked,SecondLifeViewer|FirestormViewer
lumiya_decompiled_source/de/greenrobot/dao/query/LazyList.java,java,FIXED,unsupported-operation,not-checked,SecondLifeViewer|FirestormViewer
lumiya_decompiled_source/de/greenrobot/dao/query/Query.java,java,OK,,not-checked,SecondLifeViewer|FirestormViewer
lumiya_decompiled_source/de/greenrobot/dao/query/QueryBuilder.java,java,FIXED,unsupported-operation,not-checked,SecondLifeViewer|FirestormViewer
lumiya_decompiled_source/de/greenrobot/dao/query/WhereCondition.java,java,OK,,not-checked,SecondLifeViewer|FirestormViewer
lumiya_decompiled_source/de/greenrobot/dao/test/AbstractDaoSessionTest.java,java,OK,,not-checked,SecondLifeViewer|FirestormViewer
lumiya_decompiled_source/de/greenrobot/dao/test/AbstractDaoTest.java,java,OK,,not-checked,SecondLifeViewer|FirestormViewer
lumiya_decompiled_source/de/greenrobot/dao/test/AbstractDaoTestLongPk.java,java,OK,,not-checked,SecondLifeViewer|FirestormViewer
lumiya_decompiled_source/de/greenrobot/dao/test/AbstractDaoTestSinglePk.java,java,OK,,not-checked,SecondLifeViewer|FirestormViewer
lumiya_decompiled_source/de/greenrobot/dao/test/AbstractDaoTestStringPk.java,java,OK,,not-checked,SecondLifeViewer|FirestormViewer
lumiya_decompiled_source/de/greenrobot/dao/test/DbTest.java,java,OK,,not-checked,SecondLifeViewer|FirestormViewer
lumiya_decompiled_source/javax/annotation/CheckForNull.java,java,OK,,not-checked,SecondLifeViewer|FirestormViewer
lumiya_decompiled_source/javax/annotation/CheckForSigned.java,java,OK,,not-checked,SecondLifeViewer|FirestormViewer
lumiya_decompiled_source/javax/annotation/CheckReturnValue.java,java,OK,,not-checked,SecondLifeViewer|FirestormViewer
lumiya_decompiled_source/javax/annotation/Detainted.java,java,OK,,not-checked,SecondLifeViewer|FirestormViewer
lumiya_decompiled_source/javax/annotation/MatchesPattern.java,java,OK,,not-checked,SecondLifeViewer|FirestormViewer
lumiya_decompiled_source/javax/annotation/Nonnegative.java,java,OK,,not-checked,SecondLifeViewer|FirestormViewer
lumiya_decompiled_source/javax/annotation/Nonnull.java,java,OK,,not-checked,SecondLifeViewer|FirestormViewer
lumiya_decompiled_source/javax/annotation/Nullable.java,java,OK,,not-checked,SecondLifeViewer|FirestormViewer
lumiya_decompiled_source/javax/annotation/OverridingMethodsMustInvokeSuper.java,java,OK,,not-checked,SecondLifeViewer|FirestormViewer
lumiya_decompiled_source/javax/annotation/ParametersAreNonnullByDefault.java,java,OK,,not-checked,SecondLifeViewer|FirestormViewer
lumiya_decompiled_source/javax/annotation/PropertyKey.java,java,OK,,not-checked,SecondLifeViewer|FirestormViewer
lumiya_decompiled_source/javax/annotation/RegEx.java,java,OK,,not-checked,SecondLifeViewer|FirestormViewer
lumiya_decompiled_source/javax/annotation/Signed.java,java,OK,,not-checked,SecondLifeViewer|FirestormViewer
lumiya_decompiled_source/javax/annotation/Syntax.java,java,OK,,not-checked,SecondLifeViewer|FirestormViewer
lumiya_decompiled_source/javax/annotation/Tainted.java,java,OK,,not-checked,SecondLifeViewer|FirestormViewer
lumiya_decompiled_source/javax/annotation/Untainted.java,java,OK,,not-checked,SecondLifeViewer|FirestormViewer
lumiya_decompiled_source/javax/annotation/WillClose.java,java,OK,,not-checked,SecondLifeViewer|FirestormViewer
lumiya_decompiled_source/javax/annotation/WillCloseWhenClosed.java,java,OK,,not-checked,SecondLifeViewer|FirestormViewer
lumiya_decompiled_source/javax/annotation/WillNotClose.java,java,OK,,not-checked,SecondLifeViewer|FirestormViewer
lumiya_decompiled_source/javax/annotation/concurrent/GuardedBy.java,java,OK,,not-checked,SecondLifeViewer|FirestormViewer
lumiya_decompiled_source/javax/annotation/concurrent/Immutable.java,java,OK,,not-checked,SecondLifeViewer|FirestormViewer
lumiya_decompiled_source/javax/annotation/concurrent/NotThreadSafe.java,java,OK,,not-checked,SecondLifeViewer|FirestormViewer
lumiya_decompiled_source/javax/annotation/concurrent/ThreadSafe.java,java,OK,,not-checked,SecondLifeViewer|FirestormViewer
lumiya_decompiled_source/javax/annotation/meta/Exclusive.java,java,OK,,not-checked,SecondLifeViewer|FirestormViewer
lumiya_decompiled_source/javax/annotation/meta/Exhaustive.java,java,OK,,not-checked,SecondLifeViewer|FirestormViewer
lumiya_decompiled_source/javax/annotation/meta/TypeQualifier.java,java,OK,,not-checked,SecondLifeViewer|FirestormViewer
lumiya_decompiled_source/javax/annotation/meta/TypeQualifierDefault.java,java,OK,,not-checked,SecondLifeViewer|FirestormViewer
lumiya_decompiled_source/javax/annotation/meta/TypeQualifierNickname.java,java,OK,,not-checked,SecondLifeViewer|FirestormViewer
lumiya_decompiled_source/javax/annotation/meta/TypeQualifierValidator.java,java,OK,,not-checked,SecondLifeViewer|FirestormViewer
lumiya_decompiled_source/javax/annotation/meta/When.java,java,OK,,not-checked,SecondLifeViewer|FirestormViewer
lumiya_decompiled_source/okhttp3/Address.java,java,OK,,not-checked,SecondLifeViewer|FirestormViewer
lumiya_decompiled_source/okhttp3/Authenticator.java,java,OK,,not-checked,SecondLifeViewer|FirestormViewer
lumiya_decompiled_source/okhttp3/Cache.java,java,OK,,not-checked,SecondLifeViewer|FirestormViewer
lumiya_decompiled_source/okhttp3/CacheControl.java,java,OK,,not-checked,SecondLifeViewer|FirestormViewer
lumiya_decompiled_source/okhttp3/Call.java,java,OK,,not-checked,SecondLifeViewer|FirestormViewer
lumiya_decompiled_source/okhttp3/Callback.java,java,OK,,not-checked,SecondLifeViewer|FirestormViewer
lumiya_decompiled_source/okhttp3/CertificatePinner.java,java,OK,,not-checked,LibreMetaverse|SecondLifeViewer|FirestormViewer
lumiya_decompiled_source/okhttp3/Challenge.java,java,OK,,not-checked,SecondLifeViewer|FirestormViewer
lumiya_decompiled_source/okhttp3/CipherSuite.java,java,OK,,not-checked,SecondLifeViewer|FirestormViewer
lumiya_decompiled_source/okhttp3/Connection.java,java,OK,,not-checked,SecondLifeViewer|FirestormViewer
lumiya_decompiled_source/okhttp3/ConnectionPool.java,java,OK,,not-checked,SecondLifeViewer|FirestormViewer
lumiya_decompiled_source/okhttp3/ConnectionSpec.java,java,OK,,not-checked,SecondLifeViewer|FirestormViewer
lumiya_decompiled_source/okhttp3/Cookie.java,java,BROKEN,decompilation-stub|unsupported-operation,not-checked,SecondLifeViewer|FirestormViewer
lumiya_decompiled_source/okhttp3/CookieJar.java,java,OK,,not-checked,SecondLifeViewer|FirestormViewer
lumiya_decompiled_source/okhttp3/Credentials.java,java,OK,,not-checked,SecondLifeViewer|FirestormViewer
lumiya_decompiled_source/okhttp3/Dispatcher.java,java,OK,,not-checked,SecondLifeViewer|FirestormViewer
lumiya_decompiled_source/okhttp3/Dns.java,java,OK,,not-checked,SecondLifeViewer|FirestormViewer
lumiya_decompiled_source/okhttp3/FormBody.java,java,OK,,not-checked,SecondLifeViewer|FirestormViewer
lumiya_decompiled_source/okhttp3/Handshake.java,java,OK,,not-checked,SecondLifeViewer|FirestormViewer
lumiya_decompiled_source/okhttp3/Headers.java,java,OK,,not-checked,SecondLifeViewer|FirestormViewer
lumiya_decompiled_source/okhttp3/HttpUrl.java,java,BROKEN,decompilation-stub|unsupported-operation,not-checked,SecondLifeViewer|FirestormViewer
lumiya_decompiled_source/okhttp3/Interceptor.java,java,OK,,not-checked,SecondLifeViewer|FirestormViewer
lumiya_decompiled_source/okhttp3/MediaType.java,java,OK,,not-checked,LibreMetaverse|SecondLifeViewer|FirestormViewer
lumiya_decompiled_source/okhttp3/MultipartBody.java,java,OK,,not-checked,SecondLifeViewer|FirestormViewer
lumiya_decompiled_source/okhttp3/OkHttpClient.java,java,OK,,not-checked,SecondLifeViewer|FirestormViewer
lumiya_decompiled_source/okhttp3/Protocol.java,java,OK,,not-checked,SecondLifeViewer|FirestormViewer
lumiya_decompiled_source/okhttp3/RealCall.java,java,OK,,not-checked,SecondLifeViewer|FirestormViewer
lumiya_decompiled_source/okhttp3/Request.java,java,OK,,not-checked,LibreMetaverse|SecondLifeViewer|FirestormViewer
lumiya_decompiled_source/okhttp3/RequestBody.java,java,OK,,not-checked,SecondLifeViewer|FirestormViewer
lumiya_decompiled_source/okhttp3/Response.java,java,OK,,not-checked,SecondLifeViewer|FirestormViewer
lumiya_decompiled_source/okhttp3/ResponseBody.java,java,OK,,not-checked,SecondLifeViewer|FirestormViewer
lumiya_decompiled_source/okhttp3/Route.java,java,OK,,not-checked,SecondLifeViewer|FirestormViewer
lumiya_decompiled_source/okhttp3/TlsVersion.java,java,OK,,not-checked,SecondLifeViewer|FirestormViewer
lumiya_decompiled_source/okhttp3/WebSocket.java,java,OK,,not-checked,SecondLifeViewer|FirestormViewer
lumiya_decompiled_source/okhttp3/WebSocketListener.java,java,OK,,not-checked,SecondLifeViewer|FirestormViewer
lumiya_decompiled_source/okhttp3/internal/Internal.java,java,OK,,not-checked,SecondLifeViewer|FirestormViewer
lumiya_decompiled_source/okhttp3/internal/NamedRunnable.java,java,OK,,not-checked,SecondLifeViewer|FirestormViewer
lumiya_decompiled_source/okhttp3/internal/Util.java,java,OK,,not-checked,SecondLifeViewer|FirestormViewer
lumiya_decompiled_source/okhttp3/internal/Version.java,java,OK,,not-checked,SecondLifeViewer|FirestormViewer
lumiya_decompiled_source/okhttp3/internal/cache/CacheInterceptor.java,java,OK,,not-checked,SecondLifeViewer|FirestormViewer
lumiya_decompiled_source/okhttp3/internal/cache/CacheRequest.java,java,OK,,not-checked,SecondLifeViewer|FirestormViewer
lumiya_decompiled_source/okhttp3/internal/cache/CacheStrategy.java,java,BROKEN,decompilation-stub|unsupported-operation,not-checked,SecondLifeViewer|FirestormViewer
lumiya_decompiled_source/okhttp3/internal/cache/DiskLruCache.java,java,OK,,not-checked,SecondLifeViewer|FirestormViewer
lumiya_decompiled_source/okhttp3/internal/cache/FaultHidingSink.java,java,OK,,not-checked,SecondLifeViewer|FirestormViewer
lumiya_decompiled_source/okhttp3/internal/cache/InternalCache.java,java,OK,,not-checked,SecondLifeViewer|FirestormViewer
lumiya_decompiled_source/okhttp3/internal/cache2/FileOperator.java,java,BROKEN,decompilation-stub|unsupported-operation,not-checked,SecondLifeViewer|FirestormViewer
lumiya_decompiled_source/okhttp3/internal/cache2/Relay.java,java,BROKEN,decompilation-stub|unsupported-operation,not-checked,SecondLifeViewer|FirestormViewer
lumiya_decompiled_source/okhttp3/internal/connection/ConnectInterceptor.java,java,OK,,not-checked,SecondLifeViewer|FirestormViewer
lumiya_decompiled_source/okhttp3/internal/connection/ConnectionSpecSelector.java,java,OK,,not-checked,SecondLifeViewer|FirestormViewer
lumiya_decompiled_source/okhttp3/internal/connection/RealConnection.java,java,OK,,not-checked,SecondLifeViewer|FirestormViewer
lumiya_decompiled_source/okhttp3/internal/connection/RouteDatabase.java,java,OK,,not-checked,SecondLifeViewer|FirestormViewer
lumiya_decompiled_source/okhttp3/internal/connection/RouteException.java,java,OK,,not-checked,SecondLifeViewer|FirestormViewer
lumiya_decompiled_source/okhttp3/internal/connection/RouteSelector.java,java,OK,,not-checked,SecondLifeViewer|FirestormViewer
lumiya_decompiled_source/okhttp3/internal/connection/StreamAllocation.java,java,OK,,not-checked,SecondLifeViewer|FirestormViewer
lumiya_decompiled_source/okhttp3/internal/http/BridgeInterceptor.java,java,OK,,not-checked,SecondLifeViewer|FirestormViewer
lumiya_decompiled_source/okhttp3/internal/http/CallServerInterceptor.java,java,OK,,not-checked,SecondLifeViewer|FirestormViewer
lumiya_decompiled_source/okhttp3/internal/http/HttpCodec.java,java,OK,,not-checked,SecondLifeViewer|FirestormViewer
lumiya_decompiled_source/okhttp3/internal/http/HttpDate.java,java,OK,,not-checked,SecondLifeViewer|FirestormViewer
lumiya_decompiled_source/okhttp3/internal/http/HttpHeaders.java,java,OK,,not-checked,LibreMetaverse|SecondLifeViewer|FirestormViewer
lumiya_decompiled_source/okhttp3/internal/http/HttpMethod.java,java,OK,,not-checked,SecondLifeViewer|FirestormViewer
lumiya_decompiled_source/okhttp3/internal/http/RealInterceptorChain.java,java,OK,,not-checked,SecondLifeViewer|FirestormViewer
lumiya_decompiled_source/okhttp3/internal/http/RealResponseBody.java,java,OK,,not-checked,SecondLifeViewer|FirestormViewer
lumiya_decompiled_source/okhttp3/internal/http/RequestLine.java,java,OK,,not-checked,SecondLifeViewer|FirestormViewer
lumiya_decompiled_source/okhttp3/internal/http/RetryAndFollowUpInterceptor.java,java,OK,,not-checked,SecondLifeViewer|FirestormViewer
lumiya_decompiled_source/okhttp3/internal/http/StatusLine.java,java,OK,,not-checked,SecondLifeViewer|FirestormViewer
lumiya_decompiled_source/okhttp3/internal/http/UnrepeatableRequestBody.java,java,OK,,not-checked,SecondLifeViewer|FirestormViewer
lumiya_decompiled_source/okhttp3/internal/http1/Http1Codec.java,java,OK,,not-checked,SecondLifeViewer|FirestormViewer
lumiya_decompiled_source/okhttp3/internal/http2/ConnectionShutdownException.java,java,OK,,not-checked,SecondLifeViewer|FirestormViewer
lumiya_decompiled_source/okhttp3/internal/http2/ErrorCode.java,java,OK,,not-checked,SecondLifeViewer|FirestormViewer
lumiya_decompiled_source/okhttp3/internal/http2/Header.java,java,OK,,not-checked,SecondLifeViewer|FirestormViewer
lumiya_decompiled_source/okhttp3/internal/http2/Hpack.java,java,OK,,not-checked,SecondLifeViewer|FirestormViewer
lumiya_decompiled_source/okhttp3/internal/http2/Http2.java,java,OK,,not-checked,SecondLifeViewer|FirestormViewer
lumiya_decompiled_source/okhttp3/internal/http2/Http2Codec.java,java,OK,,not-checked,SecondLifeViewer|FirestormViewer
lumiya_decompiled_source/okhttp3/internal/http2/Http2Connection.java,java,BROKEN,decompilation-stub|unsupported-operation,not-checked,SecondLifeViewer|FirestormViewer
lumiya_decompiled_source/okhttp3/internal/http2/Http2Reader.java,java,OK,,not-checked,SecondLifeViewer|FirestormViewer
lumiya_decompiled_source/okhttp3/internal/http2/Http2Stream.java,java,OK,,not-checked,SecondLifeViewer|FirestormViewer
lumiya_decompiled_source/okhttp3/internal/http2/Http2Writer.java,java,OK,,not-checked,SecondLifeViewer|FirestormViewer
lumiya_decompiled_source/okhttp3/internal/http2/Huffman.java,java,OK,,not-checked,SecondLifeViewer|FirestormViewer
lumiya_decompiled_source/okhttp3/internal/http2/Ping.java,java,OK,,not-checked,SecondLifeViewer|FirestormViewer
lumiya_decompiled_source/okhttp3/internal/http2/PushObserver.java,java,OK,,not-checked,SecondLifeViewer|FirestormViewer
lumiya_decompiled_source/okhttp3/internal/http2/Settings.java,java,OK,,not-checked,SecondLifeViewer|FirestormViewer
lumiya_decompiled_source/okhttp3/internal/http2/StreamResetException.java,java,OK,,not-checked,SecondLifeViewer|FirestormViewer
lumiya_decompiled_source/okhttp3/internal/io/FileSystem.java,java,OK,,not-checked,SecondLifeViewer|FirestormViewer
lumiya_decompiled_source/okhttp3/internal/platform/AndroidPlatform.java,java,OK,,not-checked,SecondLifeViewer|FirestormViewer
lumiya_decompiled_source/okhttp3/internal/platform/Jdk9Platform.java,java,FIXED,unsupported-operation,not-checked,SecondLifeViewer|FirestormViewer
lumiya_decompiled_source/okhttp3/internal/platform/JdkWithJettyBootPlatform.java,java,OK,,not-checked,SecondLifeViewer|FirestormViewer
lumiya_decompiled_source/okhttp3/internal/platform/OptionalMethod.java,java,OK,,not-checked,SecondLifeViewer|FirestormViewer
lumiya_decompiled_source/okhttp3/internal/platform/Platform.java,java,OK,,not-checked,SecondLifeViewer|FirestormViewer
lumiya_decompiled_source/okhttp3/internal/tls/BasicCertificateChainCleaner.java,java,OK,,not-checked,SecondLifeViewer|FirestormViewer
lumiya_decompiled_source/okhttp3/internal/tls/CertificateChainCleaner.java,java,OK,,not-checked,SecondLifeViewer|FirestormViewer
lumiya_decompiled_source/okhttp3/internal/tls/DistinguishedNameParser.java,java,BROKEN,decompilation-stub|unsupported-operation,not-checked,SecondLifeViewer|FirestormViewer
lumiya_decompiled_source/okhttp3/internal/tls/OkHostnameVerifier.java,java,OK,,not-checked,SecondLifeViewer|FirestormViewer
lumiya_decompiled_source/okhttp3/internal/tls/TrustRootIndex.java,java,OK,,not-checked,SecondLifeViewer|FirestormViewer
lumiya_decompiled_source/okhttp3/internal/ws/RealWebSocket.java,java,OK,,not-checked,SecondLifeViewer|FirestormViewer
lumiya_decompiled_source/okhttp3/internal/ws/WebSocketProtocol.java,java,OK,,not-checked,SecondLifeViewer|FirestormViewer
lumiya_decompiled_source/okhttp3/internal/ws/WebSocketReader.java,java,OK,,not-checked,SecondLifeViewer|FirestormViewer
lumiya_decompiled_source/okhttp3/internal/ws/WebSocketWriter.java,java,BROKEN,decompilation-stub|unsupported-operation,not-checked,LibreMetaverse|SecondLifeViewer|FirestormViewer
lumiya_decompiled_source/okio/AsyncTimeout.java,java,OK,,not-checked,SecondLifeViewer|FirestormViewer
lumiya_decompiled_source/okio/Base64.java,java,OK,,not-checked,SecondLifeViewer|FirestormViewer
lumiya_decompiled_source/okio/Buffer.java,java,BROKEN,decompilation-stub|unsupported-operation,not-checked,SecondLifeViewer|FirestormViewer
lumiya_decompiled_source/okio/BufferedSink.java,java,OK,,not-checked,SecondLifeViewer|FirestormViewer
lumiya_decompiled_source/okio/BufferedSource.java,java,OK,,not-checked,SecondLifeViewer|FirestormViewer
lumiya_decompiled_source/okio/ByteString.java,java,OK,,not-checked,SecondLifeViewer|FirestormViewer
lumiya_decompiled_source/okio/DeflaterSink.java,java,OK,,not-checked,SecondLifeViewer|FirestormViewer
lumiya_decompiled_source/okio/ForwardingSink.java,java,OK,,not-checked,SecondLifeViewer|FirestormViewer
lumiya_decompiled_source/okio/ForwardingSource.java,java,OK,,not-checked,SecondLifeViewer|FirestormViewer
lumiya_decompiled_source/okio/ForwardingTimeout.java,java,OK,,not-checked,SecondLifeViewer|FirestormViewer
lumiya_decompiled_source/okio/GzipSink.java,java,OK,,not-checked,SecondLifeViewer|FirestormViewer
lumiya_decompiled_source/okio/GzipSource.java,java,OK,,not-checked,SecondLifeViewer|FirestormViewer
lumiya_decompiled_source/okio/HashingSink.java,java,OK,,not-checked,SecondLifeViewer|FirestormViewer
lumiya_decompiled_source/okio/HashingSource.java,java,OK,,not-checked,SecondLifeViewer|FirestormViewer
lumiya_decompiled_source/okio/InflaterSource.java,java,OK,,not-checked,SecondLifeViewer|FirestormViewer
lumiya_decompiled_source/okio/Okio.java,java,OK,,not-checked,SecondLifeViewer|FirestormViewer
lumiya_decompiled_source/okio/Options.java,java,OK,,not-checked,SecondLifeViewer|FirestormViewer
lumiya_decompiled_source/okio/Pipe.java,java,OK,,not-checked,SecondLifeViewer|FirestormViewer
lumiya_decompiled_source/okio/RealBufferedSink.java,java,OK,,not-checked,SecondLifeViewer|FirestormViewer
lumiya_decompiled_source/okio/RealBufferedSource.java,java,OK,,not-checked,SecondLifeViewer|FirestormViewer
lumiya_decompiled_source/okio/Segment.java,java,OK,,not-checked,SecondLifeViewer|FirestormViewer
lumiya_decompiled_source/okio/SegmentPool.java,java,OK,,not-checked,SecondLifeViewer|FirestormViewer
lumiya_decompiled_source/okio/SegmentedByteString.java,java,OK,,not-checked,SecondLifeViewer|FirestormViewer
lumiya_decompiled_source/okio/Sink.java,java,OK,,not-checked,SecondLifeViewer|FirestormViewer
lumiya_decompiled_source/okio/Source.java,java,OK,,not-checked,SecondLifeViewer|FirestormViewer
lumiya_decompiled_source/okio/Timeout.java,java,OK,,not-checked,SecondLifeViewer|FirestormViewer
lumiya_decompiled_source/okio/Util.java,java,OK,,not-checked,SecondLifeViewer|FirestormViewer
lumiya_decompiled_source/uk/co/senab/photoview/BuildConfig.java,java,OK,,not-checked,SecondLifeViewer|FirestormViewer
lumiya_decompiled_source/uk/co/senab/photoview/Compat.java,java,OK,,not-checked,SecondLifeViewer|FirestormViewer
lumiya_decompiled_source/uk/co/senab/photoview/DefaultOnDoubleTapListener.java,java,OK,,not-checked,SecondLifeViewer|FirestormViewer
lumiya_decompiled_source/uk/co/senab/photoview/IPhotoView.java,java,OK,,not-checked,SecondLifeViewer|FirestormViewer
lumiya_decompiled_source/uk/co/senab/photoview/PhotoView.java,java,OK,,not-checked,SecondLifeViewer|FirestormViewer
lumiya_decompiled_source/uk/co/senab/photoview/PhotoViewAttacher.java,java,BROKEN,decompilation-stub|unsupported-operation,not-checked,SecondLifeViewer|FirestormViewer
lumiya_decompiled_source/uk/co/senab/photoview/R.java,java,OK,,not-checked,SecondLifeViewer|FirestormViewer
lumiya_decompiled_source/uk/co/senab/photoview/gestures/CupcakeGestureDetector.java,java,OK,,not-checked,SecondLifeViewer|FirestormViewer
lumiya_decompiled_source/uk/co/senab/photoview/gestures/EclairGestureDetector.java,java,OK,,not-checked,SecondLifeViewer|FirestormViewer
lumiya_decompiled_source/uk/co/senab/photoview/gestures/FroyoGestureDetector.java,java,OK,,not-checked,SecondLifeViewer|FirestormViewer
lumiya_decompiled_source/uk/co/senab/photoview/gestures/GestureDetector.java,java,OK,,not-checked,SecondLifeViewer|FirestormViewer
lumiya_decompiled_source/uk/co/senab/photoview/gestures/OnGestureListener.java,java,OK,,not-checked,SecondLifeViewer|FirestormViewer
lumiya_decompiled_source/uk/co/senab/photoview/gestures/VersionedGestureDetector.java,java,OK,,not-checked,SecondLifeViewer|FirestormViewer
lumiya_decompiled_source/uk/co/senab/photoview/log/LogManager.java,java,OK,,not-checked,SecondLifeViewer|FirestormViewer
lumiya_decompiled_source/uk/co/senab/photoview/log/Logger.java,java,OK,,not-checked,SecondLifeViewer|FirestormViewer
lumiya_decompiled_source/uk/co/senab/photoview/log/LoggerDefault.java,java,OK,,not-checked,SecondLifeViewer|FirestormViewer
lumiya_decompiled_source/uk/co/senab/photoview/scrollerproxy/GingerScroller.java,java,OK,,not-checked,SecondLifeViewer|FirestormViewer
lumiya_decompiled_source/uk/co/senab/photoview/scrollerproxy/IcsScroller.java,java,OK,,not-checked,SecondLifeViewer|FirestormViewer
lumiya_decompiled_source/uk/co/senab/photoview/scrollerproxy/PreGingerScroller.java,java,OK,,not-checked,SecondLifeViewer|FirestormViewer
lumiya_decompiled_source/uk/co/senab/photoview/scrollerproxy/ScrollerProxy.java,java,OK,,not-checked,SecondLifeViewer|FirestormViewer
scripts/advanced_java2kotlin.py,py,OK,,ok,SecondLifeViewer|FirestormViewer
scripts/agent_swarm_apk_comparator.py,py,OK,,ok,LibreMetaverse|SecondLifeViewer|FirestormViewer
scripts/batch_convert_all.py,py,OK,,ok,SecondLifeViewer|FirestormViewer
scripts/check_parity_snapshot_guards.sh,sh,OK,,ok,LibreMetaverse|SecondLifeViewer|FirestormViewer
scripts/convert_textures.sh,sh,OK,,ok,SecondLifeViewer|FirestormViewer
scripts/decompile_lumiya_with_ghidra.sh,sh,OK,,ok,SecondLifeViewer|FirestormViewer
scripts/emulator_manager.sh,sh,OK,,ok,SecondLifeViewer|FirestormViewer
scripts/generate_file_inventory.sh,sh,OK,,ok,LibreMetaverse|SecondLifeViewer|FirestormViewer
scripts/generate_individual_reviews.sh,sh,OK,,ok,SecondLifeViewer|FirestormViewer
scripts/ghidra_comparison.py,py,OK,,ok,SecondLifeViewer|FirestormViewer
scripts/require_clean_worktree.sh,sh,OK,,ok,SecondLifeViewer|FirestormViewer
scripts/run_ghidra_analysis.sh,sh,OK,,ok,SecondLifeViewer|FirestormViewer
src/main/java/com/linkpoint/protocol/messages/RobustUDPConnection.kt,kt,OK,,not-checked,LibreMetaverse|SecondLifeViewer|FirestormViewer
src/main/java/com/linkpoint/security/SecureStorage.kt,kt,OK,,not-checked,LibreMetaverse|SecondLifeViewer|FirestormViewer
src/main/java/com/linkpoint/utils/SessionLogRecorder.kt,kt,OK,,not-checked,SecondLifeViewer|FirestormViewer
test_xml_format.kt,kt,OK,,not-checked,LibreMetaverse|SecondLifeViewer|FirestormViewer
tools/ghidra/dump_symbols.py,py,OK,,ok,SecondLifeViewer|FirestormViewer
tools/run_apk_decompile.sh,sh,OK,,ok,SecondLifeViewer|FirestormViewer
